zipcode,population,centroid_lat,centroid_lon,regional spatial type,capacity,rc_centroid_lat,rc_centroid_lon
63739,20812,49.976331207974,9.1735790528756,rural,0,,
63741,26510,49.993875398766,9.1215185689505,rural,125960,49.964177089942,9.1001405670765
63743,23896,49.948550159207,9.1617141113454,rural,141274,49.965251005188,9.179357528033
63755,19743,50.07947207108,9.0743329179418,urban,92833,50.091442855236,9.0536492165083
63762,17246,49.916476760351,9.065730161223,rural,111945,49.943254010191,9.0637751089311
63768,14038,50.014712459247,9.2154435313815,rural,126675,50.0063737931,9.2254620121113
63773,10415,50.007554444667,9.1736910916441,rural,137579,49.991643046791,9.1834509935114
63776,12616,50.066720953538,9.1515227232879,rural,112645,50.058741449407,9.1601028902485
63785,9075,49.828173271246,9.1137608144835,rural,0,,
63791,8482,50.053919526683,9.0137867118169,urban,90170,50.051878311641,9.0014149496999
63796,7931,50.08627677641,9.0111133493658,urban,88402,50.077534119358,9.0111599438673
63801,8604,50.015829147402,9.0566141305216,urban,108639,50.01600217937,9.048053971586
63808,8919,49.962985040347,9.2099988206531,rural,136407,49.958167960653,9.1992207123875
63811,7941,49.972211375061,9.0512526525495,urban,0,,
63814,8991,49.983948858891,9.0914259209119,urban,132141,49.980369897903,9.1040867467224
63820,9497,49.83031698196,9.1929136985975,rural,0,,
63825,9164,50.078422092123,9.2589524923894,rural,94730,50.097696152062,9.2470273406483
63826,2251,50.126092463691,9.2032752396088,rural,84033,50.126484339007,9.1919144576402
63828,1941,50.108324584218,9.2862606383404,rural,92395,50.100217775363,9.2833554005067
63829,2331,50.083452943835,9.2052203884755,rural,99693,50.085677985886,9.2134987864527
63831,1120,50.107369742954,9.3555446720858,rural,86782,50.106254476834,9.3610291724624
63834,7325,49.911454835818,9.1719234896611,rural,0,,
63839,6064,49.871867628397,9.1830298862459,rural,0,,
63840,1991,49.874877437982,9.2220432123369,rural,0,,
63843,5198,49.907340943312,9.124373454046,rural,0,,
63846,5513,50.011745284608,9.3155858697792,rural,115403,50.009276425957,9.2744327430705
63849,5162,49.893583779524,9.2481967632004,rural,0,,
63853,5183,49.860005305364,9.0741138577369,rural,0,,
63856,6178,49.954893234765,9.2570165699945,rural,123449,49.969065093164,9.2540422599608
63857,4179,49.959133666229,9.3254669650747,rural,114607,49.969531164032,9.3032949750995
63860,1801,49.964117344277,9.3973590613143,rural,104656,49.962130040966,9.4080489725274
63863,4056,49.838025272496,9.2785568293226,rural,0,,
63864,3542,50.010951842209,9.1428898204871,rural,133471,50.010428833251,9.1438354710983
63867,4077,50.023879139946,9.1226523434091,rural,124459,50.025277432289,9.1328004498298
63868,4342,49.874039324918,9.140569042042,rural,0,,
63869,2334,50.027205704052,9.3725623876078,rural,100869,50.035978602235,9.3671815108315
63871,911,50.068572107206,9.3335446474156,rural,97171,50.063773769239,9.340871011148
63872,2298,49.890314150679,9.3033718460915,rural,112852,49.886792682283,9.2776609333801
63874,1923,49.859232211035,9.3434222874262,rural,107222,49.860257667967,9.3068112621683
63875,2334,49.918123564357,9.299987720052,rural,114805,49.919202701012,9.2902401364333
63877,3764,50.03796782422,9.2700688563469,rural,110902,50.034041583897,9.2769220565964
63879,2083,49.902299072933,9.4004409204272,rural,107949,49.927759744518,9.3555194024872
63897,9626,49.689990861525,9.2448886302982,rural,0,,
63906,10481,49.809192919139,9.1659815629954,rural,106962,49.823201924549,9.1535788521859
63911,6474,49.768832110088,9.1891023600941,rural,0,,
63916,4231,49.644092828369,9.1783360010654,rural,0,,
63920,5375,49.734932187456,9.2368114209884,rural,0,,
63924,4649,49.716217941097,9.1695399367653,rural,0,,
63925,1501,49.738414836239,9.1650127645334,rural,0,,
63927,4573,49.722745988383,9.2867155990888,rural,91305,49.730251742412,9.2761746624948
63928,2752,49.660201735462,9.3855335636238,rural,76176,49.651232657733,9.402893618799
63930,1641,49.697302634112,9.3983164026184,rural,0,,
63931,2443,49.608143746697,9.1363639335908,rural,0,,
63933,2704,49.792594460229,9.279320493642,rural,0,,
63934,1823,49.766135169617,9.2587325071722,rural,0,,
63936,1901,49.62286237732,9.2560220459766,rural,0,,
63937,2439,49.683963741601,9.1326161480059,rural,0,,
63939,5022,49.786751433152,9.1478660983426,rural,0,,
80331,5012,48.135280832843,11.570963887587,urban,0,,
80333,11913,48.144894102589,11.568562388594,urban,0,,
80335,9559,48.143585430285,11.554162369541,urban,0,,
80336,8576,48.132925450156,11.553000240056,urban,0,,
80337,16144,48.125936736766,11.558335121744,urban,0,,
80339,27996,48.135471183815,11.539118858142,urban,0,,
80469,25330,48.128199253719,11.571135648797,urban,0,,
80538,11638,48.144857174859,11.590921255412,urban,0,,
80539,3389,48.145098402938,11.581730626284,urban,0,,
80634,19662,48.147926676061,11.531130543377,urban,0,,
80636,23999,48.151578902589,11.542147759698,urban,0,,
80637,21614,48.162273800885,11.537179425961,urban,0,,
80638,10137,48.159986754756,11.49588990996,urban,0,,
80639,20527,48.151363793948,11.513460914512,urban,705646,48.15365432073,11.514540751815
80686,21053,48.130141629796,11.51078922451,urban,734304,48.132044586378,11.526446008405
80687,22810,48.142199450393,11.505672900182,urban,0,,
80689,29682,48.132110549455,11.48377901745,urban,0,,
80796,16306,48.163222972895,11.570180378985,urban,0,,
80797,18147,48.162674331902,11.557463307055,urban,0,,
80798,13476,48.155470918019,11.565875478759,urban,0,,
80799,14332,48.152022952125,11.575893282615,urban,0,,
80801,9770,48.158732267428,11.578002793781,urban,0,,
80802,9867,48.15997671067,11.591294364885,urban,0,,
80803,9942,48.164231857157,11.580360870876,urban,0,,
80804,15295,48.172500770955,11.577155271113,urban,0,,
80805,18612,48.172652851612,11.604983843024,urban,0,,
80807,26946,48.18404102855,11.585470428758,urban,0,,
80809,22342,48.180068295265,11.552796913931,urban,0,,
80933,19280,48.216185174214,11.55737620947,urban,0,,
80935,13536,48.198786605595,11.553302379757,urban,0,,
80937,22195,48.210473173485,11.573850579136,urban,0,,
80939,27106,48.204051299176,11.616982149276,urban,604395,48.191373639461,11.599796537468
80992,22025,48.175471177123,11.522305218389,urban,0,,
80993,17134,48.186494926772,11.518847987311,urban,0,,
80995,25458,48.216187299723,11.514544594251,urban,591044,48.202904012731,11.543074857734
80997,23996,48.190818607904,11.482841069255,urban,580769,48.192851524152,11.492493707643
80999,15679,48.1912729787,11.451882314658,urban,0,,
81241,22070,48.139596154347,11.465508206407,urban,0,,
81243,20195,48.146236045236,11.436537409405,urban,0,,
81245,26900,48.164084515955,11.438674353689,urban,544656,48.171262418097,11.438145538746
81247,17264,48.16662011117,11.470402872867,urban,0,,
81249,18643,48.170468025681,11.397143534187,urban,0,,
81369,24626,48.11037136525,11.530248426695,urban,0,,
81371,24376,48.11527706836,11.547616001053,urban,704718,48.108682211234,11.544839318927
81373,25686,48.123705371303,11.530773692533,urban,0,,
81375,24159,48.118755469972,11.485250225973,urban,0,,
81377,25636,48.104910210952,11.485696756028,urban,593503,48.103750195312,11.476265285673
81379,25144,48.097241277292,11.528901171983,urban,0,,
81475,15941,48.088659630951,11.482323254743,urban,0,,
81476,16039,48.088114753222,11.495698025995,urban,0,,
81477,14961,48.084794027853,11.509202991035,urban,0,,
81479,16051,48.077962253631,11.52308612779,urban,0,,
81539,26887,48.110711663394,11.587835273366,urban,0,,
81541,26466,48.120311343851,11.586273731561,urban,0,,
81543,21103,48.113875355429,11.566522822986,urban,0,,
81545,13316,48.089155420977,11.558434094004,urban,0,,
81547,18749,48.100577961241,11.576755545018,urban,0,,
81549,25987,48.09776003659,11.601246898067,urban,0,,
81667,18059,48.129056710839,11.601463083857,urban,0,,
81669,17869,48.114460769656,11.608230413091,urban,0,,
81671,18976,48.121491569683,11.615207176215,urban,0,,
81673,23905,48.128282534581,11.631466216985,urban,0,,
81675,12443,48.139013424993,11.598414725715,urban,0,,
81677,13928,48.140114864649,11.622107720605,urban,687741,48.135369295897,11.619183909097
81679,9665,48.146964769195,11.611224564228,urban,0,,
81735,25096,48.111748980968,11.638192323964,urban,0,,
81737,30001,48.096325607784,11.627098305675,urban,591632,48.088156714831,11.630177633292
81739,24335,48.089019146958,11.669948579367,urban,0,,
81825,27739,48.117798396706,11.660559309889,urban,0,,
81827,23774,48.107803993803,11.68991235363,urban,523781,48.118787582393,11.692049131702
81829,21891,48.133014475277,11.687790768999,urban,0,,
81925,17313,48.161526665867,11.620736573567,urban,0,,
81927,24185,48.161153967641,11.637376627463,urban,0,,
81929,15625,48.162352405098,11.662016629173,urban,586217,48.162662124609,11.64939607851
82008,23351,48.06447277379,11.619120829408,urban,550040,48.072618903594,11.6196038134
82024,18501,48.033922853402,11.63223433674,urban,424784,48.029775830736,11.617141848449
82031,11273,48.047185748791,11.532819909994,urban,423842,48.031572724298,11.519878818458
82041,13071,48.004561926152,11.589495498629,urban,422278,48.027784621936,11.588158031024
82049,9198,48.055311605473,11.516232835143,urban,445973,48.04182290035,11.508832840777
82054,7543,47.960536276335,11.635596405377,urban,302040,47.966871401798,11.66260142846
82057,3767,47.946453552554,11.421342023586,urban,288679,47.951335025285,11.435506554838
82061,8813,48.055353894678,11.452681786988,urban,564429,48.095861354784,11.47187938662
82064,3397,47.998125476544,11.513885450663,urban,0,,
82065,2972,48.018052856421,11.478440599592,urban,403309,48.027539436303,11.492960932853
82067,2217,47.97445715992,11.463680672977,urban,0,,
82069,3336,47.997347043828,11.438139724242,urban,329853,47.991337172116,11.450664243674
82110,39855,48.134140557861,11.365609166639,urban,449041,48.129869740436,11.36559920215
82131,20399,48.062147459213,11.378011379299,urban,397981,48.065545096084,11.387295071052
82140,26215,48.204163085891,11.336295103699,urban,383631,48.20940789689,11.328696032069
82152,17713,48.103809543057,11.411672266551,urban,491124,48.097874388268,11.42822773255
82166,13434,48.123076232415,11.436694491305,urban,566934,48.119927298245,11.450650675685
82178,20834,48.162376165919,11.346848351312,urban,447091,48.174216418488,11.368431594552
82194,20080,48.19507194354,11.37770594433,urban,460284,48.184228936061,11.386785780374
82205,18037,48.110281117181,11.286742769585,urban,352745,48.10946506624,11.289009169528
82211,10580,47.993652141435,11.148859730901,urban,242221,48.001528999401,11.172371660255
82216,13443,48.235684940959,11.252679576134,urban,331873,48.21539965044,11.271508813049
82223,12168,48.163220169417,11.315359041653,urban,408691,48.160727855637,11.328627643444
82229,7469,48.039142766517,11.229725016857,urban,267966,48.039440821511,11.209809877942
82234,5416,48.075530055508,11.272150641818,urban,303620,48.061174404274,11.265879360447
82237,5043,48.077914485453,11.199082931645,urban,278774,48.085005011542,11.195762702482
82239,3732,48.146093148236,11.284297154947,urban,372749,48.146459886068,11.299254206304
82256,35273,48.178780571059,11.228827611315,urban,327999,48.196536585252,11.247111136204
82266,4539,48.070028087361,11.148775399678,urban,255636,48.068573484334,11.145614197233
82269,5753,48.135844437146,11.00247719493,urban,227272,48.12059537658,11.002944281033
82272,4061,48.165200156565,11.071272654682,urban,249279,48.163403816111,11.080426188686
82275,6499,48.18111262196,11.294140499935,urban,355027,48.189635246455,11.284247599414
82276,1661,48.188031742076,11.114461416077,urban,0,,
82278,1899,48.224897695464,11.071076329755,urban,252835,48.235682895442,11.063886045936
82279,1742,48.081405572453,11.116734104991,urban,247618,48.077956699751,11.114103079556
82281,3396,48.268706137569,11.180175360152,urban,272569,48.244160432783,11.170639477964
82284,3831,48.122896632483,11.164151979312,urban,281902,48.127279087105,11.179858115743
82285,1460,48.220901965402,11.121568278453,urban,0,,
82287,1575,48.162961740568,11.134015013419,urban,272701,48.166799264777,11.149061766998
82288,1678,48.122098659067,11.127766266044,urban,256895,48.130519526193,11.118499943412
82290,1513,48.160724540118,11.172684376204,urban,0,,
82291,4831,48.206151951802,11.164087468379,urban,270631,48.20031886069,11.143443009208
82293,1745,48.246682872805,11.095092417891,urban,0,,
82294,1677,48.242760204086,11.142201656368,urban,266527,48.239639173733,11.144804840553
82296,1949,48.134277398949,11.207805025563,urban,294583,48.128576815547,11.203823451848
82297,943,48.214892307518,11.021871110665,urban,0,,
82299,3784,48.108177136491,11.093174197395,urban,241210,48.099707979096,11.079172863999
82319,23430,48.005044870481,11.331186191147,urban,313079,48.003516160071,11.354333440653
82327,9704,47.906778463438,11.254818543247,urban,231875,47.911271400443,11.277660171522
82335,8427,47.961476137776,11.372073936633,urban,292387,47.970971833962,11.377752320872
82340,4491,47.934939242116,11.299146229673,urban,250603,47.946121714115,11.288964927667
82343,5711,47.974789107441,11.29513328773,urban,259734,47.962283214006,11.28950460982
82346,3474,47.96559209038,11.201007094918,rural,242487,47.972898111189,11.219061061946
82347,2243,47.866028267091,11.291871369825,urban,0,,
82349,863,48.083205110387,11.336864580679,urban,375407,48.072361981819,11.355857979948
82362,22390,47.845057150454,11.146089122104,rural,199715,47.852613174667,11.149002328698
82377,16926,47.759400885279,11.381974134523,rural,177752,47.750896865251,11.410164112732
82380,13178,47.790527437523,11.067629083525,rural,171393,47.789444368882,11.052346743917
82383,3996,47.800869896354,11.009546811792,rural,0,,
82386,4870,47.767448141009,11.119557139378,rural,0,,
82387,1256,47.752120018036,11.308199548612,rural,0,,
82389,1758,47.75298295785,11.003958159019,rural,0,,
82390,1412,47.783673513915,11.213481946296,rural,0,,
82392,1147,47.725888575645,11.287165757718,rural,0,,
82393,2631,47.788800910812,11.31876337041,rural,0,,
82395,1575,47.74369655502,11.23477977452,rural,0,,
82396,2390,47.91969256725,11.169473638512,rural,0,,
82398,3438,47.807882326433,11.130178397746,rural,0,,
82399,2310,47.904388485397,11.106727064676,rural,0,,
82401,1861,47.724582619982,10.96290960831,rural,0,,
82402,3180,47.822046194568,11.270056725563,rural,0,,
82404,1130,47.718904769418,11.343823932046,rural,0,,
82405,2251,47.863150181241,11.029821813105,rural,0,,
82407,3244,47.865880372565,11.200667000372,rural,0,,
82409,1332,47.670277232169,10.947371394578,rural,0,,
82418,16089,47.682399451155,11.19793315143,rural,151196,47.685205598016,11.192797042135
82431,3645,47.663204258949,11.382864290529,rural,139077,47.660252755636,11.35891616698
82432,534,47.596784682715,11.327916884675,rural,118409,47.596316872021,11.315779534133
82433,2494,47.659592994671,11.073151538122,rural,133575,47.671332842077,11.051085565224
82435,1180,47.693370123733,10.997186453396,rural,134701,47.687514112309,10.998803560878
82436,1015,47.73275742369,11.17871294406,rural,0,,
82438,1615,47.583623641376,11.197571525582,rural,122453,47.607215710255,11.191845581159
82439,1531,47.686423497221,11.302507914739,rural,144666,47.678659599385,11.304215375286
82441,3351,47.632399403212,11.240310316416,rural,135398,47.648056866215,11.236978566869
82442,1705,47.602520363311,10.965720293028,rural,130974,47.667060803214,11.027863519435
82444,1259,47.644963500037,11.308424514776,rural,136186,47.652906113395,11.312027427435
82445,636,47.631687183509,11.116661507227,rural,131357,47.648376929166,11.119686609441
82447,437,47.722210499741,11.1998466323,rural,0,,
82449,3105,47.704587668591,11.107822205192,rural,152824,47.720024839728,11.147798155608
82467,27021,47.465198959567,11.113712674218,rural,0,,
82481,7769,47.48045691473,11.317532643125,rural,90239,47.467405708274,11.278793998914
82487,5451,47.599099969089,11.070157683119,rural,119769,47.604091396482,11.059132030309
82488,788,47.571248218759,11.035240430452,rural,112559,47.569180155488,11.097189167032
82490,3903,47.534853815417,11.107632298002,rural,107500,47.534563093632,11.116895496688
82491,3632,47.450021233402,11.008082581476,rural,91670,47.473885892309,11.028678611146
82493,393,47.485009060809,11.211200520603,rural,0,,
82494,1596,47.508791330585,11.23501089043,rural,96425,47.495433701798,11.27647437238
82496,3215,47.561667051395,11.154446754775,rural,113371,47.566711388068,11.138715137629
82497,1580,47.616596690595,11.019886710152,rural,120195,47.618168247859,11.023519346964
82499,1463,47.537694309225,11.272130394551,rural,100672,47.519142815845,11.292771584758
82515,18155,47.912088353756,11.426939404585,urban,0,,
82538,24357,47.874290231326,11.4516437887,rural,247876,47.88118626353,11.463173746866
82541,4352,47.890676705131,11.342719567603,urban,235760,47.884681361642,11.382838672365
82544,5591,47.93497868243,11.48314506713,urban,269953,47.923988570324,11.510452044569
82547,4415,47.83502691964,11.400712126831,rural,205641,47.823985106845,11.404993600669
82549,3143,47.814279991856,11.470647132136,rural,206643,47.819178952822,11.476733011563
83022,19821,47.856267017266,12.127705847868,rural,203767,47.851922433253,12.14479451853
83024,17178,47.873353067491,12.111125923823,rural,0,,
83026,25748,47.831563628998,12.099752969772,rural,0,,
83043,18012,47.874741976295,12.015872706191,rural,214985,47.871720080182,12.008570810618
83052,16631,47.888939772982,11.934473967421,rural,216336,47.883303466626,11.929772836067
83059,18688,47.84438514925,12.051663169683,rural,211691,47.8446697681,12.072213565752
83064,11685,47.784984396769,12.082231724526,rural,177456,47.782239335344,12.098795662506
83071,10411,47.855727936262,12.167548887827,rural,195898,47.869031506786,12.167807742176
83075,7981,47.786644004043,12.012129844321,rural,178337,47.783074453551,12.003354718426
83080,5151,47.669619149411,12.13512541445,rural,113545,47.650111268046,12.177273279641
83083,5757,47.839454233393,12.251983463065,rural,177862,47.837318481342,12.202293099829
83088,6814,47.624361001647,12.134520381532,rural,98414,47.606979391609,12.19797624895
83093,8358,47.901902371856,12.300320533273,rural,171417,47.90607351359,12.293325995274
83098,5948,47.73109053233,12.081209804333,rural,153348,47.741814937613,12.122323266692
83101,5721,47.801723529073,12.187015828403,rural,192552,47.835738579346,12.155085240072
83104,7285,47.93483305338,12.016157903944,rural,216424,47.933040945116,12.006699478974
83109,7339,47.903358348053,12.060887994553,rural,211097,47.887816387285,12.085569032404
83112,3088,47.795792479374,12.277314418668,rural,152654,47.803889399881,12.283322739962
83115,4497,47.778053094134,12.146231006193,rural,169538,47.778863252565,12.139416644516
83119,4202,48.01709384053,12.401629066668,rural,161016,47.997158957477,12.400745234928
83122,2754,47.762986240649,12.220475526935,rural,150480,47.776326679084,12.239439746937
83123,3748,48.01021097687,12.30963713075,rural,171947,47.997630794831,12.307952911641
83125,2943,47.929985344188,12.377868308459,rural,158052,47.929735177424,12.389245374734
83126,3023,47.714921458804,12.12885670655,rural,0,,
83128,2777,47.953501265409,12.273673404326,rural,175660,47.946553810782,12.266210909188
83129,1290,47.950437495032,12.320826565619,rural,166782,47.953751519162,12.328191999153
83131,2743,47.721797242707,12.175627103797,rural,0,,
83132,1741,47.971895344868,12.381868528136,rural,159951,47.97637910005,12.396148384537
83134,2700,47.89294757272,12.19577447663,rural,185109,47.900084689937,12.204100343003
83135,4795,47.92628975773,12.120295576417,rural,200859,47.930275418709,12.12374166299
83137,1333,47.983414072344,12.253903853504,rural,181021,47.982107662827,12.23764038308
83139,2747,47.918483520165,12.230092934623,rural,179714,47.928115388358,12.235825912996
83209,10460,47.853181893062,12.370915318199,rural,155918,47.845966013277,12.34391341236
83224,7862,47.790409542958,12.425666378286,rural,124969,47.780494529071,12.474390917265
83229,5761,47.740798292578,12.30994860626,rural,136039,47.766350698659,12.325454124
83233,7008,47.813114014225,12.369760285871,rural,146686,47.827420687457,12.388371840312
83236,5128,47.821649384113,12.481199724929,rural,135011,47.835279600616,12.493787988552
83242,2508,47.668212665318,12.519439056383,rural,95653,47.669468628357,12.468378528729
83246,3647,47.718072800156,12.464074045894,rural,111404,47.721332062784,12.460913517911
83250,3353,47.756805166701,12.447576009513,rural,0,,
83253,3942,47.872166896936,12.328016030663,rural,163410,47.884161636285,12.328303291214
83254,1642,47.89396767154,12.391914808817,rural,0,,
83256,258,47.893243424551,12.468454591663,rural,147374,47.873135704805,12.424441755201
83257,1219,47.904630978764,12.417144153937,rural,150072,47.88456961475,12.415594067069
83259,1758,47.718895851627,12.381949749297,rural,116822,47.727174430463,12.403354764826
83278,19774,47.868515573213,12.632842054775,rural,134238,47.880551071388,12.640068181229
83301,15985,47.952843276472,12.571775046628,rural,148687,47.964337565012,12.582168675045
83308,11871,48.020203407765,12.578703275822,rural,150509,48.039300884547,12.570796250066
83313,8563,47.808556485181,12.676574596742,rural,118754,47.821302309074,12.664936280618
83317,8731,47.85354481727,12.812797997551,urban,108189,47.848119973072,12.814908359416
83324,6777,47.730240864052,12.637931716986,rural,102341,47.748915881934,12.657131387959
83329,6832,47.936454872886,12.723803251521,rural,124096,47.934265083976,12.729639773264
83334,4755,47.766160767576,12.761502280345,rural,96881,47.752166870299,12.748559594256
83339,4945,47.923203494,12.523728231955,rural,143509,47.911019037181,12.535748706391
83342,5817,48.082184868333,12.484593938529,rural,151524,48.083166330089,12.564203545235
83346,5060,47.792968005426,12.57191743414,rural,123537,47.810993227418,12.572111468779
83349,3587,48.006124509774,12.648047586619,rural,140331,48.006229393607,12.637238479781
83352,4473,48.00700026809,12.510102611429,rural,152934,48.007570799026,12.533222816535
83355,4422,47.840085783848,12.540324368896,rural,133451,47.850810790322,12.548273241491
83358,1284,47.938472105173,12.448886798183,rural,150031,47.937737595491,12.477812468821
83361,1454,48.039197846154,12.466739212694,rural,158496,48.036700610699,12.456574303758
83362,3293,47.866385893265,12.715279942032,rural,120168,47.875219052582,12.714024173207
83364,990,47.82608175532,12.754093795214,urban,0,,
83365,2584,47.909663724641,12.597608751897,rural,0,,
83367,2425,47.90759194591,12.827051610618,rural,110241,47.909173887773,12.807409964679
83368,1522,47.977281057729,12.572330030382,rural,0,,
83370,1862,47.97064785764,12.460041467396,rural,154543,47.977857829891,12.464217849097
83371,1448,47.985348469645,12.551889608734,rural,0,,
83373,2057,47.978161966289,12.713956162934,rural,125439,47.994219119758,12.725986169058
83374,2127,47.937303233383,12.623157410151,rural,0,,
83376,1649,47.958164407063,12.502404482092,rural,151294,47.957296211345,12.502066726455
83377,1948,47.844363710376,12.589240694914,rural,127436,47.838528598961,12.60501272312
83379,1556,47.902642962384,12.721155602033,rural,122777,47.908357212628,12.715414666272
83395,16699,47.844320718526,12.975531386249,urban,92181,47.824436478447,12.96653882944
83404,10081,47.819075070639,12.935143309929,urban,91977,47.818350297385,12.959951761015
83410,7219,47.937428135208,12.896465066473,urban,98011,47.92347890716,12.914449746023
83413,4357,48.003557069155,12.817417585623,rural,114307,48.006171596685,12.815481317053
83416,5553,47.877173234186,12.92713508998,urban,95118,47.870444058838,12.94760791353
83417,3295,47.953587721408,12.817822458308,rural,107847,47.952231722027,12.842535892949
83435,17816,47.73426143169,12.861194050751,urban,87770,47.716487248203,12.876169824383
83451,5451,47.759588772044,12.897031983761,urban,88886,47.766163018936,12.916832209433
83454,4553,47.792573197882,12.85959890485,urban,97529,47.789325849715,12.864541486403
83457,3032,47.706620823345,12.901810415302,urban,85773,47.73642295992,12.911894607319
83458,1428,47.702481629132,12.764882573658,rural,88002,47.715624284109,12.774017804327
83471,13709,47.582092923493,13.002054925814,urban,61499,47.624262318579,12.979882811439
83483,7845,47.661211159571,12.942993562814,rural,73299,47.679923544456,12.933498443298
83486,1833,47.588885897044,12.877764769215,rural,0,,
83487,1819,47.682262776154,13.050259276134,urban,62803,47.702782481158,13.038550410977
83512,12849,48.057972927503,12.193915590055,rural,0,,
83527,8073,48.174781934174,12.17682846759,rural,198454,48.166844920893,12.181997398836
83530,3718,48.077602016714,12.393886606643,rural,165350,48.081036571589,12.410709907625
83533,4439,48.068123748991,12.155889974777,rural,200316,48.058875651309,12.162966954829
83536,2278,48.146514021275,12.239905928288,rural,184175,48.154509970664,12.268673445188
83539,4074,48.050775393558,12.102884427946,rural,205836,48.048320532908,12.113671968991
83543,3879,47.986462473558,12.129220156835,rural,198055,47.992327995055,12.138357862448
83544,1749,48.105591187214,12.114924205329,rural,206464,48.106887888676,12.118763412517
83546,345,48.180953629902,12.324563709765,rural,0,,
83547,3068,48.083373828956,12.303971847002,rural,182607,48.086779021843,12.260431711352
83549,3048,48.02412136512,12.240837852365,rural,185928,48.035976741539,12.232688583399
83550,1534,47.988950205057,12.054312759973,urban,211772,47.996323764834,12.054331217078
83553,1529,48.028694876913,12.046097603859,urban,217096,48.034291067274,12.045139875235
83555,886,48.141430412695,12.299103408191,rural,0,,
83556,2699,47.989469096523,12.186558601079,rural,190933,47.997718616158,12.183060169488
83558,2016,48.145652305079,12.091661368391,rural,209146,48.147675387063,12.10695160495
83559,444,48.149449471707,12.325553584806,rural,0,,
83561,1414,48.015828819708,12.140232357713,rural,198188,48.024311889925,12.146985247325
83562,1910,48.119536673648,12.167662528417,rural,198909,48.119223567588,12.165935461044
83564,2862,48.105124541815,12.210200759856,rural,190556,48.122861200497,12.217102679315
83567,1796,48.126263449603,12.334596984879,rural,0,,
83569,3216,47.934803201264,12.175643153978,rural,189972,47.952899106273,12.177074664879
83607,16266,47.862802131021,11.678292025883,urban,228807,47.874709630494,11.701605642356
83620,10871,47.917174457236,11.857981302717,urban,218043,47.891598984541,11.866654361767
83623,5569,47.86730940559,11.592726426488,rural,216064,47.844193940073,11.588344933892
83624,4673,47.913735056425,11.677267191385,urban,253149,47.914314152747,11.681472122202
83626,3103,47.886660348583,11.760011772461,urban,226562,47.892982668151,11.775109239609
83627,3872,47.817987872944,11.738874179258,rural,199340,47.823518096945,11.744988895849
83629,3475,47.863056358033,11.818261673945,urban,206498,47.855611200512,11.826105082845
83646,22075,47.772780352193,11.534816854045,rural,183235,47.758539032965,11.551885455193
83661,10173,47.653996893205,11.563415572578,rural,141537,47.664833222714,11.584001835218
83666,5810,47.771264111522,11.679175800768,rural,178901,47.766291889961,11.69264339701
83670,3904,47.746438761326,11.454792521588,rural,176921,47.750157390314,11.465854439573
83671,3713,47.680672669469,11.450172177118,rural,155909,47.703180184953,11.424697213982
83673,2199,47.727288972604,11.408638040269,rural,167185,47.727848170649,11.409546743979
83674,3172,47.724665062352,11.595128344784,rural,171595,47.739585471,11.566456934735
83676,900,47.607612451992,11.450299667854,rural,118802,47.602535113833,11.452632185514
83677,3870,47.762318028133,11.618822955412,rural,176505,47.754780325166,11.621959118559
83679,1357,47.807978062823,11.629495878115,rural,198149,47.811284522053,11.650786671521
83684,3867,47.711632092804,11.768740295175,rural,0,,
83700,7318,47.649369216421,11.82508445858,rural,142135,47.681851871314,11.81359190707
83703,6090,47.750700094972,11.756919753298,rural,174549,47.758855607472,11.728745628494
83707,4759,47.701065644385,11.69398592461,rural,160583,47.723574809905,11.712947938915
83708,2171,47.631910949495,11.731895240467,rural,132764,47.65501857111,11.751482061608
83714,11652,47.793639903197,11.839682611166,rural,181897,47.781275096411,11.830302405744
83727,7057,47.687794515891,11.87501411955,rural,154857,47.721227139609,11.866252086777
83730,5841,47.7432539788,11.943256458398,rural,147839,47.712469689186,11.940307059752
83734,8486,47.750807932538,11.817861013442,rural,169198,47.755206994986,11.85438158069
83735,1559,47.662143325133,11.985413159123,rural,128728,47.67134514272,12.013765347684
83737,3200,47.821975512688,11.890706124614,rural,197014,47.841148498769,11.921407789238
84028,12544,48.542410380228,12.170981454494,rural,0,,
84030,15651,48.590394512773,12.134262031863,rural,198331,48.583691627754,12.154147229837
84032,21726,48.561844118825,12.086325147319,rural,211534,48.556303930183,12.107016212818
84034,22899,48.528934040818,12.095463853971,rural,0,,
84036,23473,48.503518570838,12.183341814303,rural,207627,48.504882948939,12.160721941938
84048,14829,48.634976756266,11.758628379227,rural,195915,48.623392200946,11.774849142128
84051,11754,48.621673811083,12.224459779818,rural,182949,48.608449086613,12.229295370555
84056,8090,48.713672152022,12.021550731327,rural,176710,48.712761867509,12.014860944009
84061,7827,48.693218441861,12.221936658289,rural,171773,48.692427493397,12.201518179193
84066,6733,48.762848167186,12.236201021517,rural,164966,48.759642056033,12.227525959561
84069,7759,48.83225352636,12.153180578954,urban,168246,48.826285973099,12.148972451984
84072,5907,48.552544208414,11.710188595749,rural,205866,48.553043791213,11.745053036249
84076,4973,48.658177709797,11.935392208715,rural,179633,48.671476475514,11.974471316716
84079,5398,48.54171516474,11.999888295003,rural,206107,48.520986092486,11.997365919911
84082,3551,48.770153488256,12.320824231174,rural,156817,48.797139700502,12.316816594272
84085,5554,48.84555511017,12.058461836547,urban,170890,48.838055415996,12.052318125192
84088,4033,48.737291354498,12.140438960519,rural,166919,48.732642627535,12.185017416329
84089,1757,48.691095472575,11.719160400469,rural,0,,
84091,1427,48.655449380173,11.847147047224,rural,0,,
84092,1836,48.712601841497,12.293163935994,rural,162875,48.716182133782,12.294584419679
84094,2110,48.701904811737,11.815744212976,rural,182283,48.696780039022,11.779114792221
84095,3602,48.587614905943,12.018708947538,rural,195550,48.590441453083,12.006561791544
84097,1249,48.786537804417,12.075825962281,urban,0,,
84098,4068,48.659792822068,12.102949371984,rural,180347,48.659455647524,12.079794527709
84100,3844,48.592888514803,12.323649225777,rural,169835,48.615300693842,12.327373862774
84101,1812,48.599440581103,11.931856963111,rural,188988,48.613452873452,11.935347759726
84103,1719,48.660591493138,12.310919031257,rural,165420,48.670769163382,12.311665838887
84104,3446,48.588360974555,11.791781714246,rural,198335,48.592923102487,11.770147977049
84106,1774,48.608909181485,11.863825233786,rural,0,,
84107,2583,48.617807102185,12.029599033976,rural,188503,48.618465838345,11.996082697886
84109,2579,48.624824594629,12.341792939287,rural,168749,48.628301645287,12.325870540363
84130,18859,48.629339149958,12.484294961307,rural,160068,48.637220406625,12.509681883256
84137,11790,48.442923738629,12.344201377161,rural,170671,48.463763270304,12.37487953039
84140,6832,48.450525939789,12.575398900134,rural,153827,48.433081889256,12.561410699776
84144,6846,48.468343175003,12.260791256627,rural,185517,48.474331594122,12.270063250341
84149,6837,48.360150553474,12.255709398731,rural,187860,48.359963820573,12.250014706231
84152,6196,48.733792966445,12.420575271571,rural,155113,48.726352929014,12.444790611474
84155,5569,48.397694021993,12.401103464504,rural,169986,48.41302981208,12.394835678765
84160,4681,48.527263153064,12.528104131049,rural,156146,48.537899206907,12.517549288079
84163,3784,48.560990963027,12.567884184507,rural,152576,48.551839637728,12.568189152756
84164,4960,48.675960926263,12.463934093477,rural,155867,48.673078367764,12.495752286175
84166,4049,48.537626715484,12.268801485345,rural,183132,48.548476820142,12.261068865615
84168,2042,48.526684775558,12.464272112676,rural,158916,48.53539406565,12.474391614549
84169,2183,48.449669451953,12.181386614868,rural,196614,48.453494788217,12.175346629566
84171,839,48.4103741069,12.206396994305,rural,190249,48.417001119102,12.204202828423
84172,3674,48.440101995089,12.040321009678,rural,210412,48.460512596056,12.007845404405
84174,3951,48.484413448726,12.045529066537,rural,208613,48.480214352052,12.047514308974
84175,2751,48.490014786459,12.418988489146,rural,160937,48.494818523975,12.449128769448
84177,2190,48.629641219888,12.538530695867,rural,155487,48.645409761423,12.532219552195
84178,2075,48.542035719379,12.378137317625,rural,168193,48.555527750265,12.365092431575
84180,3665,48.586532585984,12.431150282509,rural,162768,48.627581136117,12.437304367299
84181,1116,48.387590409872,12.223454465772,rural,0,,
84183,2593,48.605986555502,12.389901777647,rural,164674,48.619465095068,12.390763567693
84184,3832,48.49008686601,12.111703875999,rural,208138,48.492286928087,12.104549268178
84186,2532,48.447792389248,12.123951131619,rural,201834,48.446949515675,12.11838293966
84187,1453,48.66578286419,12.365188829237,rural,163156,48.650687394549,12.372273418366
84189,1391,48.358564527201,12.326469972844,rural,0,,
84307,13521,48.407242273117,12.751665316695,rural,145261,48.399599522607,12.755216401041
84323,4238,48.397333264075,12.62085532956,rural,152067,48.394860191223,12.615595013639
84326,4936,48.467245850174,12.701413119302,rural,140951,48.465785601958,12.732561243214
84329,3957,48.352706738176,12.801438703691,rural,138932,48.359016409119,12.783585867545
84332,3852,48.427655266509,12.818667102346,rural,134444,48.410986851373,12.832254469743
84333,1303,48.522663802184,12.74266722636,rural,139159,48.532855340823,12.743549409836
84335,2170,48.350082027975,12.722057783115,rural,143529,48.352843906891,12.732271952595
84337,2067,48.492735748496,12.841100688533,rural,133455,48.487335474809,12.833711287866
84339,2209,48.387719696811,12.677336377299,rural,148039,48.388541022267,12.669673661065
84347,12365,48.440879212574,12.957626563391,rural,128519,48.432887711464,12.963628167826
84359,10194,48.285107129928,13.016944381703,rural,109827,48.262228299329,13.017420687608
84364,5838,48.453375329867,13.073015233819,rural,117417,48.432888571805,13.074545854784
84367,8363,48.314127005466,12.899863919298,rural,130465,48.314716584166,12.858334021111
84371,5550,48.394209093296,13.020231470018,rural,118999,48.382477481239,13.016527984184
84375,5541,48.22840581245,12.958622445831,rural,113295,48.249585351576,12.979486891905
84378,3344,48.497943836225,12.915063889591,rural,129442,48.487749823328,12.906047431997
84381,2576,48.550671867257,12.96757504024,rural,126237,48.535558477315,12.95796088117
84384,2168,48.341697248899,13.00556687352,rural,117047,48.356812573755,13.009057794665
84385,2525,48.521577400705,13.062012515654,rural,121194,48.524195843821,13.065475006912
84387,2460,48.255350181982,12.945724928033,rural,117717,48.255918071037,12.954248964945
84389,2492,48.427381323694,12.889270960202,rural,0,,
84405,14721,48.286007748075,12.191733805255,rural,200332,48.279230922706,12.191578215063
84416,11111,48.33877709011,12.12776674679,rural,206140,48.348497293604,12.103093474466
84419,6111,48.253033710372,12.264520816306,rural,187753,48.274640296315,12.261128045914
84424,5721,48.19413665345,12.059430249906,urban,215051,48.223656332588,12.075030129026
84427,4533,48.220011203812,12.145830116046,rural,205233,48.219997905674,12.132054721404
84428,3220,48.304892680409,12.31997847774,rural,183746,48.314217017458,12.2774277015
84431,3584,48.243023365217,12.336180186683,rural,180152,48.246351783682,12.368342005943
84432,1537,48.394475732173,12.131492284691,rural,199620,48.384755081492,12.129170277317
84434,1012,48.407151594233,12.054376669964,rural,202669,48.414336443847,12.094358339273
84435,2855,48.259737447522,12.043509642055,rural,219924,48.253580437866,12.048724583335
84437,1738,48.177894157336,12.246982198882,rural,189475,48.166606030917,12.233087208184
84439,1261,48.379085965222,12.089280924606,rural,205942,48.376264320436,12.083435744653
84453,17812,48.249436270878,12.52857361318,rural,175262,48.251129894104,12.520519989574
84478,22565,48.204750710256,12.405675091109,rural,183251,48.218184775908,12.408167698727
84489,18505,48.183799588816,12.836569205846,rural,132977,48.1619392806,12.805819756682
84494,9808,48.351234531275,12.517752460105,rural,161752,48.347875533168,12.536057404298
84503,13161,48.223300197245,12.671970870455,rural,160671,48.223347132678,12.670511156853
84508,10601,48.150106966751,12.734973011378,rural,145498,48.174135967983,12.722820781034
84513,10567,48.262486010342,12.585094481768,rural,165106,48.262196918998,12.598180621448
84518,8975,48.129791810775,12.586301549117,rural,156245,48.131562320683,12.59259094993
84524,8804,48.238372158958,12.733954829273,rural,154142,48.247898776654,12.688948269293
84529,6206,48.046218939299,12.739157448341,rural,120327,48.022479820921,12.772483063189
84533,6452,48.235869949001,12.852797146627,rural,129117,48.242644132062,12.86745053813
84539,7619,48.250285559818,12.413623205079,rural,178086,48.258463893649,12.406349419993
84543,4929,48.271880289117,12.656790861132,rural,0,,
84544,3263,48.195622360071,12.355509550253,rural,181762,48.195349803431,12.350577855517
84546,1300,48.392213546022,12.455318821271,rural,0,,
84547,4280,48.206880521955,12.761985412039,rural,141460,48.193940110092,12.772098443894
84549,2761,48.126080981565,12.518191969919,rural,156318,48.114050132241,12.548414812294
84550,1254,48.087856490933,12.600493397595,rural,148327,48.081186260775,12.596166999999
84552,898,48.348870813988,12.655975800764,rural,148996,48.337345958545,12.66771973357
84553,1034,48.11919105238,12.682926500014,rural,0,,
84555,745,48.164406698844,12.373109746849,rural,0,,
84556,2825,48.188466234914,12.694044734488,rural,151700,48.195413043184,12.693023339182
84558,3392,48.075007037654,12.655334752123,rural,143628,48.08972565799,12.643325326093
84559,4127,48.184568562122,12.447555713952,rural,176234,48.188730806354,12.441173338534
84561,2364,48.181899094497,12.791546913927,rural,0,,
84562,3616,48.275913332372,12.481534754014,rural,0,,
84564,1736,48.314642033337,12.384500095184,rural,175169,48.322714911961,12.357122229349
84565,911,48.166932441257,12.51567439882,rural,0,,
84567,2518,48.29939111301,12.778393599154,rural,139178,48.284576896159,12.780490732931
84568,2525,48.314615654817,12.621490768158,rural,157770,48.30994178649,12.598050392801
84570,3479,48.204413833267,12.54924142094,rural,166654,48.219496272522,12.555990989168
84571,2764,48.296510842154,12.714978566693,rural,147002,48.287131910026,12.719556995646
84573,1007,48.346129132142,12.424451154496,rural,0,,
84574,1469,48.137298903807,12.445003456651,rural,0,,
84576,1953,48.229081808626,12.611416663509,rural,162688,48.230423151342,12.607711259471
84577,3382,48.203505444118,12.609513135359,rural,161614,48.211253467299,12.604707592805
84579,3067,48.166873157288,12.628633543809,rural,155132,48.168424468149,12.624219950546
85049,26009,48.759831715255,11.33646605111,urban,216564,48.770991982831,11.355872886109
85051,33398,48.719823237163,11.39965991138,urban,218414,48.705149493182,11.427194659085
85053,16483,48.745328717204,11.464124876693,urban,0,,
85055,34420,48.779330204452,11.453994566173,urban,0,,
85057,21806,48.780091790769,11.404040217028,urban,0,,
85072,13919,48.883959359166,11.175279318972,urban,168607,48.897878396876,11.168397422226
85077,11894,48.712576958936,11.500961796096,urban,214908,48.71210797423,11.482687057292
85080,11709,48.814794735742,11.366869713035,urban,211535,48.801604264946,11.383529453964
85084,7913,48.655006649345,11.516577988253,urban,206920,48.650160759093,11.494136155245
85088,7685,48.771141955642,11.608477185355,urban,186783,48.767175802634,11.63802367472
85092,9468,48.834915995821,11.51945927253,urban,193771,48.81417809677,11.527950129537
85095,4639,48.92628114327,11.482165366734,urban,167277,48.934741340689,11.470117419935
85098,6729,48.780372403933,11.544243691074,urban,201298,48.762863252523,11.540072162185
85101,4826,48.807199322565,11.456036812489,urban,206499,48.812726316707,11.465069677041
85104,3759,48.810513126787,11.682192419654,urban,176709,48.811923955575,11.693171264004
85107,5275,48.677872547995,11.479436683154,urban,208687,48.669338223885,11.484813336004
85110,5846,48.944576389679,11.381186566717,urban,166831,48.946874268099,11.388564252764
85111,2962,48.845454164318,11.226016174427,urban,174310,48.840663342518,11.212785209629
85113,1708,48.868799293118,11.372339713024,urban,183658,48.858038781015,11.368913087687
85114,3685,48.802954537869,11.293310917536,urban,187930,48.810514231809,11.28176122824
85116,1167,48.783890484641,11.228062254027,urban,184955,48.789339657599,11.238966848649
85117,2927,48.822814012731,11.323734379074,urban,194364,48.819707178951,11.32808333447
85119,1575,48.721278639499,11.568287630263,urban,195050,48.73415314817,11.588006517973
85120,2603,48.826934972158,11.460801746646,urban,0,,
85122,2965,48.875112268583,11.316721568497,urban,181381,48.856501612745,11.331979760866
85123,4998,48.665492828086,11.408469950435,urban,209451,48.67383451165,11.410510799024
85125,2676,49.006525863412,11.40513536282,urban,161034,48.998890045487,11.383125147001
85126,2973,48.762678204938,11.661484081319,urban,182326,48.758003468796,11.684026225645
85128,2078,48.807767023432,11.20569251892,urban,182777,48.798085775663,11.235595685573
85129,1256,48.838651067094,11.591257730716,urban,177946,48.828578088678,11.617530189436
85131,2908,48.937793974355,11.210132923223,urban,162088,48.949526556222,11.207512904995
85132,3199,48.928124632838,11.107610471947,urban,162011,48.907913082795,11.108562576431
85134,3884,48.863509913865,11.458114486751,urban,184352,48.862609529258,11.445865685481
85135,2832,49.006443364362,11.226690844236,rural,160140,48.998370541454,11.207211324741
85137,2420,48.926671769777,11.29920702077,urban,167568,48.915353593832,11.306505963775
85139,4978,48.829154993893,11.414497781793,urban,200153,48.829479019195,11.419161359424
85221,45907,48.258946595126,11.438988877434,urban,418277,48.259685943571,11.442704795979
85229,9979,48.378676895593,11.3488366562,urban,277580,48.352154419458,11.376645979871
85232,7581,48.265439944398,11.378671600547,urban,385125,48.250787387341,11.395147475059
85235,6581,48.317155378006,11.188431572834,urban,262386,48.309921742652,11.200885400814
85238,6429,48.409225859669,11.47600697171,urban,259666,48.408656713894,11.480151991488
85241,5535,48.29469070365,11.492151837145,urban,352622,48.302255478419,11.497371439585
85244,6417,48.332876762853,11.459247392098,urban,303870,48.335213672413,11.439012248981
85247,6454,48.303991932316,11.343482005559,urban,300698,48.311637724412,11.352593014279
85250,7765,48.391068946627,11.237869761937,urban,246601,48.37958288569,11.261154385781
85253,5811,48.332301584808,11.284089642569,urban,269261,48.336180193631,11.286487510826
85254,1749,48.282383382785,11.258612205002,urban,286845,48.28350773686,11.2611375363
85256,4468,48.366368215063,11.461070610965,urban,280831,48.367072538606,11.448846827806
85258,3345,48.388512666648,11.411257462345,urban,266982,48.383392819263,11.423261017597
85259,950,48.297858163626,11.233492396288,urban,0,,
85276,26577,48.549718225316,11.509269776353,urban,222843,48.51382236018,11.49808973767
85283,11371,48.602705580917,11.629377777047,urban,205248,48.608154860371,11.601568594576
85290,10508,48.70016692395,11.618660936959,urban,195009,48.674955573535,11.626688740846
85293,5191,48.455387642896,11.478022005063,urban,232384,48.472731592236,11.503595588058
85296,5936,48.610138427927,11.54492654928,urban,205421,48.611900950181,11.574792325006
85298,4901,48.500658727647,11.4333167495,urban,224014,48.496690451914,11.45860961858
85301,5119,48.510354805312,11.612883505074,urban,223920,48.500018384997,11.602582416227
85302,3478,48.489036003368,11.355731405239,urban,217118,48.500045203358,11.372137165895
85304,2491,48.484773482554,11.518808498221,urban,229454,48.483564392862,11.509895793044
85305,3090,48.436707801634,11.408205946175,urban,242036,48.430594276137,11.407225118578
85307,1816,48.472160961309,11.563428004861,urban,233414,48.470952182019,11.564893957421
85309,2144,48.614072379872,11.47092831969,urban,205281,48.619711094358,11.451870540927
85354,26038,48.391349919719,11.71138350869,urban,0,,
85356,21107,48.368049043277,11.758386709851,urban,260702,48.400513755325,11.752438362284
85368,20188,48.468253639696,11.922967053244,rural,213200,48.483869869673,11.956870563859
85375,17691,48.322164382677,11.67172206809,urban,330076,48.31919523466,11.651636125541
85376,1768,48.356752892127,11.642707362789,urban,0,,
85386,13517,48.29514267513,11.621152396308,urban,360625,48.29607128501,11.63131645064
85391,5385,48.437252790513,11.586939242356,urban,246954,48.436649491275,11.603801232634
85395,5218,48.498891684319,11.724707958299,rural,220954,48.495553840197,11.73147061735
85399,9735,48.31646812031,11.726742534691,urban,293085,48.332860178725,11.747756958306
85402,4196,48.398455835586,11.62058730341,urban,261846,48.407241301561,11.612145962308
85405,5193,48.535083973407,11.811246796689,rural,206292,48.542788244203,11.808757393038
85406,4711,48.463562050815,11.769145926825,rural,230805,48.453946666036,11.778949126928
85408,1461,48.551284855872,11.940570584202,rural,199249,48.558347440879,11.949202192278
85410,2936,48.472403119089,11.830767555597,rural,224946,48.456574949154,11.841723666916
85411,2442,48.425199269069,11.532833698513,urban,251064,48.426847707522,11.530052625265
85413,1949,48.552939240874,11.864423409697,rural,203522,48.540882211176,11.873630373704
85414,2897,48.462604300322,11.656801209167,rural,237577,48.453877726501,11.652581355183
85416,4091,48.435028300423,11.855857134946,rural,228170,48.443054525448,11.849475747749
85417,3125,48.407110217902,11.806969794933,rural,242652,48.414998382057,11.802174422953
85419,2946,48.519593925883,11.90673288576,rural,209312,48.512409505771,11.908185000869
85435,35452,48.306119079449,11.913408742197,urban,267700,48.310922327229,11.906798014441
85445,5657,48.324383837004,11.83746449295,rural,266457,48.329150169068,11.843033474262
85447,3579,48.364700023747,12.014971346289,rural,221148,48.362425785228,11.999970087088
85452,5712,48.27778669825,11.800198758908,urban,292555,48.283047297134,11.8121672031
85456,5018,48.393609255483,11.97323346827,rural,221946,48.399770621495,11.971098450402
85457,4612,48.243073043419,11.917189737762,urban,259116,48.242100369454,11.930244730785
85459,2702,48.390525902039,11.920523107417,rural,232388,48.383657327638,11.918408083355
85461,3739,48.309040763221,11.997424565321,rural,232321,48.317242976524,11.984231898878
85462,2512,48.37963730269,11.873940177873,rural,245868,48.355191107929,11.88743822299
85464,4395,48.233452721225,11.776671964261,urban,326025,48.216201847898,11.808753395064
85465,2757,48.430116765959,11.958393005654,rural,0,,
85467,2530,48.247907809129,11.834420844397,urban,289489,48.244550076327,11.853008676434
85469,2149,48.258377559714,11.976671316761,urban,241011,48.256289703517,11.975691932694
85521,26709,48.059360025046,11.675806046694,urban,517297,48.073103820606,11.652853474209
85540,20338,48.117771441567,11.736161082897,urban,474598,48.114997784813,11.716248173424
85551,13096,48.177577686751,11.74908037891,urban,418058,48.173654159753,11.739419755791
85560,11725,48.09444707783,11.972039307344,urban,245092,48.09560305679,11.983342562574
85567,14745,48.035230936828,11.950558444364,urban,246119,48.044901849825,11.959657574987
85570,14788,48.198948385235,11.869744553908,urban,299162,48.2034387154,11.868709936788
85579,14309,48.07951723166,11.629238026687,urban,0,,
85586,13936,48.168367382729,11.798965652851,urban,354752,48.170400344512,11.803921804777
85591,9567,48.114373900562,11.77166325105,urban,396126,48.115705816753,11.770860165344
85598,9759,48.113311402411,11.799655305648,urban,0,,
85599,1173,48.13883032087,11.794818304274,urban,375036,48.144549961707,11.786967587239
85604,9156,48.079654082751,11.822158710148,urban,318303,48.077977480122,11.829777357569
85609,8007,48.184883398885,11.714789134676,urban,437414,48.17663275646,11.720960200635
85614,10208,48.086267471166,11.883121057017,urban,268266,48.069062422612,11.907972653738
85617,4510,47.985987562112,12.003965569445,urban,220150,47.983050159973,12.008954446935
85622,7289,48.138466326285,11.763935226765,urban,425177,48.150377784459,11.742992150323
85625,6394,47.978670846728,11.884528906958,urban,240791,47.97567062123,11.898492474163
85630,6749,48.075501432326,11.763497989408,urban,367820,48.074463746819,11.768695241205
85635,10413,48.019010818015,11.738530135573,urban,0,,
85640,6494,48.081678355547,11.706121559118,urban,0,,
85643,4116,48.105080595891,12.038336747446,rural,223975,48.085503104106,12.037126325573
85646,4975,48.154943448303,11.852300983366,urban,309652,48.154738899023,11.85827984121
85649,5010,47.995439518036,11.686832860795,urban,0,,
85652,5378,48.20172101459,11.783143825315,urban,341123,48.196076621345,11.803362747783
85653,4902,47.96661522189,11.767399860755,urban,0,,
85656,1502,48.216544044833,12.001062594624,urban,236676,48.215374221193,11.997770916941
85658,2299,47.998162358506,11.798123599327,urban,292008,48.00708311497,11.791265453467
85659,3426,48.182240705224,11.983321903914,urban,245573,48.184915749017,11.978353077663
85661,3633,48.172092036573,11.900526439872,urban,272254,48.172084607619,11.917396913861
85662,3126,48.050945735015,11.714851652288,urban,0,,
85664,3043,48.144502093113,11.986972446833,urban,242779,48.159821449892,11.985889380187
85665,1532,48.03339916336,11.869528896363,urban,0,,
85667,2333,48.03368991368,11.81397449837,urban,294178,48.022377019388,11.808364007234
85669,2683,48.206289358144,11.941204586271,urban,258047,48.198948916851,11.944238927983
85716,27350,48.279835268976,11.573046587527,urban,387772,48.286692616832,11.561724539337
85737,16390,48.244326319312,11.708710300648,urban,416743,48.230398167658,11.680401026805
85748,16587,48.245771436669,11.643075211632,urban,408721,48.250488394233,11.656605647384
85757,19077,48.228602955029,11.462730579069,urban,470841,48.230901500888,11.465852251521
85764,11372,48.245270118923,11.561288645122,urban,426002,48.263662627474,11.559351981337
85774,10389,48.188849639176,11.650848863969,urban,486515,48.199413489022,11.663132742709
85777,4758,48.360875973809,11.562128651256,urban,308052,48.344441888483,11.56851971426
85778,5200,48.320772217604,11.550111211723,urban,338330,48.318190869314,11.549655237048
86150,12457,48.365103604152,10.89448737472,urban,0,,
86152,16482,48.373507337495,10.893381116772,urban,0,,
86153,17011,48.384384410398,10.893293893331,urban,317144,48.373333034618,10.917611626087
86154,20422,48.395133157783,10.877902680273,urban,0,,
86156,25726,48.389187025613,10.857351053834,urban,313481,48.390634154018,10.86458490049
86157,22066,48.361573818806,10.865202865265,urban,305695,48.34977400888,10.855917325736
86159,27295,48.337197443226,10.895968030272,urban,0,,
86161,17478,48.345805995317,10.920948650851,urban,0,,
86163,21296,48.347391182504,10.945839346637,urban,0,,
86165,15003,48.380211795658,10.942797682887,urban,0,,
86167,15561,48.394610603298,10.927386913183,urban,0,,
86169,16862,48.417422250493,10.90536097548,urban,278192,48.42045325282,10.898010509519
86179,27861,48.302620287183,10.922118282657,urban,296014,48.317512872834,10.890516022689
86199,27568,48.319172619994,10.83054666327,urban,0,,
86316,30303,48.344539618202,11.003410952062,urban,277542,48.372937654201,10.98672486848
86343,28512,48.260214926227,10.884872121054,urban,265505,48.264623247284,10.897993369709
86356,22275,48.389606616338,10.811360429165,urban,278918,48.384782206178,10.81208073249
86368,21936,48.428732648922,10.820971440768,urban,251433,48.432597639808,10.816303988814
86381,13152,48.244008523089,10.378405707969,rural,146752,48.256550370932,10.355044626827
86391,15252,48.357909215173,10.83105198904,urban,299720,48.366280714172,10.838340126841
86399,17298,48.277283377375,10.763923910461,urban,240362,48.268622132301,10.812274378261
86405,11404,48.536773447433,10.84845351425,urban,187207,48.556894589862,10.821679302927
86415,14035,48.261852110329,11.023042830719,urban,256594,48.258510641733,10.969612033242
86420,10256,48.355452343803,10.766467895585,urban,259352,48.365257612925,10.789134525575
86424,6889,48.337430417938,10.57648767754,urban,175088,48.352209025339,10.576139686146
86438,11685,48.302704440747,10.976182883551,urban,270118,48.287891686132,10.979162010176
86441,6425,48.400305828163,10.588330334435,urban,176800,48.406071643736,10.594423084565
86444,5548,48.452419651222,10.964039129439,urban,229901,48.45787237862,10.975187654292
86447,5953,48.52074437547,10.958812808622,urban,205306,48.515562992055,10.940109264693
86450,4008,48.457844315311,10.572511986123,urban,171957,48.471578499634,10.612846304329
86453,5657,48.381728533784,11.073011876055,urban,246059,48.393806291307,11.051696958779
86456,4741,48.454404767826,10.808184792481,urban,222962,48.463284384245,10.809819985801
86459,4340,48.304690338234,10.717803744946,urban,217745,48.327822664833,10.724948294125
86462,7680,48.484094616422,10.837902180514,urban,226204,48.469857054153,10.863197036135
86465,4776,48.455368136008,10.656293454363,urban,186842,48.469671799174,10.690672256234
86470,6281,48.27944734451,10.47818901019,rural,157855,48.288547180109,10.457630195656
86473,3109,48.28769567775,10.547017147423,rural,168416,48.297646723755,10.541522403653
86476,3255,48.312056850153,10.383708264466,rural,146025,48.30003309975,10.363432870853
86477,2290,48.425083786628,10.723665765236,urban,203496,48.427369925704,10.714201818136
86479,1231,48.227373842421,10.544606639418,rural,163535,48.252365715624,10.52218362169
86480,1911,48.192685478224,10.375280585127,rural,146989,48.206770550006,10.392826601929
86482,3060,48.407003095778,10.766627671035,urban,251264,48.404878704747,10.790245964225
86483,1247,48.235428468546,10.488924995593,rural,0,,
86485,3571,48.512003559622,10.786876320368,urban,197762,48.493651351292,10.772135482631
86486,1287,48.441439207756,10.703054675288,urban,199021,48.438351011123,10.708962348453
86488,1298,48.235630864308,10.295007483819,rural,138998,48.236431774678,10.307323568908
86489,1553,48.257746593187,10.329546214492,rural,0,,
86491,632,48.209830767258,10.313266129107,rural,0,,
86492,2300,48.189013578823,10.981981709293,rural,233504,48.188372091624,10.972731795699
86494,1426,48.483898499282,10.675082633827,urban,181287,48.480762643997,10.671949649995
86495,1721,48.325117782632,11.105168284659,urban,0,,
86497,2618,48.395570458989,10.664366267556,urban,197630,48.391918151833,10.680058077059
86498,1837,48.184551557709,10.269516723286,rural,0,,
86500,2601,48.359998142059,10.685393997346,urban,203273,48.366433934137,10.689657922394
86502,1627,48.50895741887,10.711381853465,rural,0,,
86504,3231,48.240576712456,10.988012193576,urban,250521,48.239757910701,10.985523117069
86505,2092,48.310729031263,10.45129709053,rural,155759,48.316441323439,10.446907836509
86507,2940,48.217566218793,10.863116945552,urban,232957,48.224401352054,10.856217813527
86508,2566,48.483769023071,10.912534614131,urban,216232,48.489155696817,10.915122048182
86510,3088,48.287016490411,11.094921410953,urban,0,,
86511,1303,48.21245959561,10.959458948623,urban,0,,
86513,3456,48.254991199643,10.448110269636,rural,156982,48.257149493018,10.449551404077
86514,1164,48.321529329688,10.63737700204,urban,187176,48.317824208796,10.634931332607
86517,3087,48.24767556481,10.804734400769,urban,229029,48.255255688436,10.78794341532
86519,1031,48.292988478486,10.310383714761,rural,139639,48.286321564738,10.300792323547
86529,16836,48.565347401954,11.265460559565,rural,206664,48.569850175393,11.275269568535
86551,21411,48.442297012441,11.123614672587,urban,234096,48.444708934337,11.120791692655
86554,6639,48.575310521142,11.066363306422,rural,190156,48.581656958052,11.080229847475
86556,4262,48.509175897283,11.175871407021,rural,210843,48.493773279704,11.180235729207
86558,4666,48.604107593975,11.401499178587,urban,205112,48.58439652288,11.400268764175
86559,1664,48.356131900607,11.133290199618,urban,0,,
86561,2843,48.523566204051,11.295316361899,rural,207726,48.536278125582,11.281358567211
86562,1299,48.634695677074,11.233359396291,rural,194291,48.63318784495,11.259026923323
86564,1695,48.63631837994,11.335466469611,rural,198008,48.627576428239,11.314550315518
86565,2495,48.500645089768,11.245388594398,rural,212359,48.496654404965,11.266221187135
86567,3321,48.432899502837,11.339067679881,urban,238530,48.429566105424,11.369929879735
86568,2455,48.487978005353,11.06024912539,urban,0,,
86570,2632,48.521196455641,11.102772909766,rural,0,,
86571,1573,48.604363390299,11.206130172388,rural,192169,48.608375318925,11.19883714668
86573,2107,48.422582578162,11.054016362733,urban,234494,48.425367307047,11.058447401613
86574,1767,48.524956226964,11.012790405837,urban,0,,
86576,1967,48.45467242831,11.227457522909,rural,0,,
86577,1665,48.389574944411,11.164175215153,urban,0,,
86579,2334,48.589486594053,11.328034495243,rural,202928,48.581226265149,11.345410913915
86609,19072,48.720689956759,10.765484095345,rural,164371,48.725266029811,10.763878488217
86633,29353,48.724307320401,11.203124654538,urban,191489,48.731859175481,11.180378221053
86637,13328,48.542480528774,10.647609259794,rural,172268,48.524775988984,10.646849679469
86641,8844,48.675310315821,10.953672346501,rural,172279,48.675920263915,10.939092888593
86643,5052,48.765852129712,11.032749232035,rural,168151,48.746281621913,11.043789289018
86647,6011,48.612762107933,10.724366342363,rural,169388,48.582415180742,10.726141163248
86650,5977,48.876407511692,10.70826840666,rural,143654,48.865979434625,10.714734075855
86653,6040,48.835306876296,10.870182952899,rural,154056,48.821110737696,10.882417109356
86655,5745,48.771803696558,10.683264645856,rural,144775,48.794726770055,10.695781563784
86657,3765,48.713691884654,10.579636763411,rural,135153,48.725763667989,10.55686257296
86660,4176,48.679266852962,10.68856042974,rural,156021,48.680247811899,10.701040570527
86663,4485,48.687616836866,10.822586808733,rural,166441,48.673000977103,10.814416063774
86666,4771,48.693868256429,11.033233945155,rural,174560,48.693228726652,11.033679427175
86668,5440,48.679005455872,11.295717610057,urban,199522,48.676754947421,11.293778754674
86669,4658,48.650521398509,11.194250759775,urban,188330,48.611704414446,11.158011618085
86672,4090,48.563633400001,10.897816851067,urban,186888,48.573023466071,10.908435571313
86673,1978,48.762291688949,11.249845054133,urban,194778,48.756224792816,11.262661769385
86674,1189,48.585151000993,10.970480566004,rural,0,,
86675,1743,48.784481267967,10.844934466351,rural,154076,48.780522955741,10.820967477227
86676,3866,48.633228640885,11.08404909618,rural,183945,48.634560235646,11.121542840654
86678,1047,48.59212326304,10.79641039571,urban,175091,48.587581015166,10.78722420525
86679,1072,48.615098970317,10.862301344163,urban,177677,48.604340371233,10.862834128804
86681,1403,48.836894586765,10.772041610639,rural,147029,48.830252500817,10.767200637745
86682,1228,48.707064027802,10.874879990894,rural,0,,
86684,1196,48.620478693463,10.949615536125,rural,0,,
86685,1675,48.829883269249,10.707528630631,rural,143798,48.830775176761,10.70977553655
86687,4102,48.777823930397,10.781499472393,rural,155457,48.759406197222,10.786822724831
86688,2708,48.757242353797,10.950363111739,rural,163412,48.740318558326,10.957213719554
86690,3970,48.650294920602,10.798423879624,rural,166496,48.648477564624,10.783579191051
86692,1162,48.624533113875,10.902722158203,rural,0,,
86694,1423,48.71862708517,10.915254922612,rural,0,,
86695,3232,48.611459826772,10.828079935712,urban,174390,48.609033951635,10.816038482946
86697,2756,48.710064163818,11.103655050379,rural,176560,48.716840130677,11.10162668424
86698,2491,48.672592851745,10.86130188923,rural,167493,48.680906216957,10.871802040454
86700,797,48.875333372375,10.799897974825,rural,147180,48.869283509968,10.804540249468
86701,1588,48.690589429407,11.161381404072,urban,186433,48.688602617577,11.162739961354
86703,681,48.846815655687,10.945639852549,rural,154139,48.847791731174,10.931605013222
86704,1111,48.825246843536,10.972460114206,rural,157189,48.817025347826,10.968396972191
86706,2417,48.70147799002,11.342203939683,urban,206634,48.710942406599,11.33059272362
86707,2479,48.564401847899,10.822546232038,urban,182684,48.57530351204,10.833290381659
86709,1149,48.920403974068,10.79564269927,rural,145944,48.91083241295,10.790940688174
86720,20153,48.842406974988,10.475015970045,rural,128583,48.868023078698,10.515840607462
86732,5376,48.953750030037,10.593639392494,rural,134887,48.940790171542,10.603523278803
86733,1745,48.843989197784,10.637557974929,rural,135966,48.853376712762,10.615824093834
86735,1497,48.743026316006,10.487159208759,rural,119502,48.759870597025,10.445940052532
86736,1090,49.014317733958,10.5826115166,rural,0,,
86738,2057,48.865478213055,10.574350820461,rural,132687,48.853950444222,10.569992308101
86739,1148,48.797103515789,10.465000291055,rural,0,,
86741,865,48.95773055978,10.543457988921,rural,0,,
86742,2196,48.980869485732,10.475585234407,rural,119891,48.970188861641,10.466093142843
86744,1550,48.961604412723,10.634456989596,rural,0,,
86745,639,48.781927393979,10.521992571691,rural,0,,
86747,1292,48.924464789069,10.509338431119,rural,124937,48.926263508857,10.508082345037
86748,1393,48.932199853062,10.46689102357,rural,120872,48.931636977494,10.47332097476
86750,907,48.935030930011,10.661778062669,rural,0,,
86751,1482,48.770071785207,10.581506612138,rural,135175,48.777894358279,10.584018490445
86753,2583,48.816798792491,10.586682044171,rural,133672,48.808251335633,10.572439370428
86754,1897,48.920267323787,10.620077622491,rural,0,,
86756,1417,48.827751594446,10.522715739306,rural,0,,
86757,3469,48.884637715966,10.46975877977,rural,122898,48.895569121687,10.475032227986
86759,1506,48.881711259518,10.621613652081,rural,0,,
86807,12668,48.030500908718,10.733661266702,rural,184972,48.04664948668,10.721453881889
86825,14793,48.000448105565,10.594013414841,rural,171418,48.017599882556,10.617653006406
86830,13968,48.195418089531,10.721107312379,urban,206120,48.195463380345,10.755487718495
86833,3401,48.121501886015,10.65882493359,rural,179027,48.116915187322,10.664914087874
86836,14685,48.170867214146,10.83427072479,rural,207312,48.185498128779,10.77875723321
86842,7034,48.061975508947,10.636506572264,rural,176376,48.078130669389,10.65346627801
86845,5189,48.235282353132,10.748221208809,urban,219748,48.236787796052,10.776978942435
86850,4810,48.285181108567,10.651698073108,urban,191504,48.294035281766,10.651659720228
86853,3956,48.134044295558,10.75923228287,rural,197122,48.152406652638,10.753251025692
86854,1525,48.068614158926,10.692257489745,rural,0,,
86856,1534,48.151947954148,10.715778649407,rural,189964,48.163522532003,10.703482402989
86857,1735,48.120584947069,10.825926104918,rural,202910,48.124339662432,10.815510196209
86859,2587,48.064074473831,10.803468605389,rural,197473,48.070834053042,10.811617007697
86860,2537,47.994773956464,10.703139645238,rural,180494,48.004745510843,10.722202329535
86862,1925,48.077181945753,10.744709548882,rural,187019,48.098636046368,10.732952975468
86863,1779,48.25868189722,10.605408051789,rural,0,,
86865,2300,48.145175509623,10.593168754245,rural,166105,48.122924468718,10.574902515878
86866,1428,48.223848732741,10.627508842225,rural,0,,
86868,1134,48.178689898548,10.597417854437,rural,169022,48.174254268625,10.586537829001
86869,1390,47.948187118786,10.745476240297,rural,172551,47.933778202268,10.75112944318
86871,1518,48.064705791167,10.585602299153,rural,0,,
86872,1061,48.190415735925,10.645093066577,rural,182811,48.202513502085,10.651010133367
86874,3127,48.109653203237,10.550645225124,rural,165392,48.099453384719,10.569400880499
86875,2313,47.986421317619,10.786864636002,rural,182755,47.995228651371,10.76968047151
86877,1200,48.229122845317,10.587287660498,rural,172649,48.230279865874,10.587506237038
86879,1469,48.036078820335,10.671512959698,rural,0,,
86899,28915,48.031066904487,10.86216235111,rural,206610,48.045324994895,10.856987023494
86911,10730,47.952698792243,11.058761440774,rural,208839,47.954247937584,11.073896403632
86916,10578,48.096935626116,10.87439535372,rural,206875,48.076646424658,10.87101539396
86919,4603,48.020199139179,11.078227593114,urban,225749,48.01395351425,11.088351193242
86920,2676,47.8940515198,10.84775492218,rural,174703,47.914075949554,10.856031319482
86922,1346,48.09004307528,11.02377878992,urban,227361,48.094849948449,11.025374146075
86923,1739,48.020743592811,11.01681424573,urban,212930,48.017711813473,11.022051615668
86925,3750,47.938074948313,10.821889589534,rural,180582,47.949254001682,10.844024228941
86926,2605,48.079778107384,11.075881207895,urban,239138,48.072926294766,11.087472085744
86928,1870,48.003863825496,10.966917670748,rural,207641,48.028415307476,10.972704753509
86929,3816,48.076771774411,10.947621603825,rural,211247,48.069775973982,10.935242731703
86931,2537,48.206265633813,10.922084579407,rural,234430,48.207126287669,10.923359054879
86932,3525,48.004532331991,10.913291823731,rural,202653,48.017724956652,10.904775055412
86934,1681,47.927753951877,10.932815571637,rural,187793,47.939163079268,10.961218221274
86935,1569,47.908991914543,10.978705228453,rural,181386,47.900106399481,10.9722547649
86937,1986,48.165759899236,10.891848331315,rural,221314,48.172231742322,10.889468241311
86938,3971,48.051564126066,11.100867678471,urban,233357,48.042620203371,11.090354156971
86940,946,48.04356905919,10.936044774579,rural,207540,48.046651375207,10.931802195747
86941,141,48.098649575553,11.046242381009,urban,0,,
86943,964,47.971791040423,10.962642975852,rural,196036,47.978379989939,10.956849664641
86944,1422,47.977499926086,10.841174204161,rural,187584,47.980901395649,10.844133882615
86946,2641,47.963149787112,10.915929518718,rural,191163,47.965889454202,10.930244761225
86947,3943,48.130365185611,10.922996010625,rural,218124,48.124040425519,10.933514029903
86949,3912,48.056908547409,11.036241683482,urban,226705,48.063153659743,11.042605855848
86956,12311,47.813057985013,10.90029143825,rural,0,,
86971,12056,47.796295795472,10.949010375585,rural,0,,
86972,3416,47.827295244162,10.87087361645,rural,0,,
86974,1133,47.894911899002,10.940236997759,rural,176768,47.890341877602,10.93744993454
86975,2500,47.730337677119,10.763928999253,rural,0,,
86977,1783,47.774940525938,10.816208176984,rural,0,,
86978,1607,47.850608089291,10.896374691055,rural,0,,
86980,994,47.811714648738,10.781132258789,rural,152427,47.800042168191,10.815018605069
86981,1084,47.878569761856,10.907167620768,rural,173083,47.880121574529,10.908150062525
86983,2734,47.685129669185,10.776118218728,rural,130957,47.70423320788,10.797590865188
86984,918,47.67666243422,10.813035655184,rural,0,,
86986,987,47.820867875285,10.832670188599,rural,0,,
86987,1364,47.841339518514,10.810435671768,rural,0,,
86989,2881,47.709088618443,10.867350254589,rural,0,,
87435,18518,47.710168216905,10.308727194423,rural,142983,47.712807526473,10.296831842214
87437,23567,47.744733929391,10.339250827188,rural,145492,47.719835475105,10.330676827946
87439,25771,47.738353157833,10.285577593102,rural,148524,47.745875368323,10.30636042747
87448,9383,47.644660357674,10.270460677497,rural,128297,47.679531915603,10.307924700075
87452,10549,47.790868448916,10.166217838049,rural,112638,47.798598490651,10.14951736954
87459,8424,47.574384778753,10.541217916347,rural,107087,47.589377570125,10.555451982319
87463,8244,47.825593345252,10.291271973418,rural,135928,47.80497413844,10.301403071358
87466,4656,47.651327616791,10.446731615491,rural,117438,47.645784887945,10.466479719196
87471,7139,47.700628945022,10.359392639018,rural,136294,47.695541723682,10.336991986731
87474,4143,47.703882255136,10.196508326085,rural,123993,47.699335978436,10.245977431574
87477,4926,47.660334979536,10.35649885785,rural,122966,47.6582356409,10.342801879713
87480,5331,47.65264607179,10.149643633112,rural,94480,47.639544825142,10.111977757439
87484,3606,47.620782892312,10.509801037414,rural,112509,47.620536337457,10.497395322596
87487,5099,47.747606507664,10.213514570936,rural,129103,47.74996351014,10.235250022702
87488,2904,47.725911745836,10.418857890743,rural,141045,47.736929177245,10.377369034989
87490,3841,47.789145508146,10.358185003369,rural,140094,47.794466557082,10.352557433674
87493,3547,47.780084704435,10.308689316079,rural,140049,47.781225735448,10.308177049718
87494,833,47.660861012461,10.546524260683,rural,118349,47.655258262881,10.545347566759
87496,1623,47.843604778708,10.367880662065,rural,137984,47.830433729049,10.370241964518
87497,2583,47.583586221774,10.402951919283,rural,108671,47.606646762215,10.415452569662
87499,2594,47.774553926718,10.417770387823,rural,139249,47.766876905638,10.396956049101
87509,14718,47.57196605719,10.19523772242,rural,98485,47.556610795093,10.234942540142
87527,24328,47.501160277558,10.289971860994,rural,96045,47.513575926985,10.262302062403
87534,7626,47.524590354116,10.070327537146,rural,78099,47.566249047071,10.015640212692
87538,5525,47.439335303667,10.19287650772,rural,78535,47.463993538606,10.189045712594
87541,5109,47.465308037133,10.402900436083,rural,90331,47.503015881811,10.358656526539
87544,6026,47.487031782684,10.172320538523,rural,0,,
87545,3353,47.538982260643,10.279797410661,rural,99078,47.542335853266,10.27579918055
87547,1455,47.601216967741,10.117838324453,rural,0,,
87549,4465,47.586882875807,10.319088143735,rural,106884,47.590209928455,10.323456089343
87561,10022,47.362556049703,10.295812628012,rural,71575,47.418570795111,10.271568786449
87600,43968,47.883612840104,10.624845598857,rural,176550,47.897278682475,10.61901361532
87616,20323,47.754684316574,10.618066847183,rural,143432,47.76013827339,10.591158537347
87629,15133,47.58400310046,10.686660827728,rural,111956,47.598056125307,10.71102977712
87634,8190,47.848989118753,10.437481787739,rural,142411,47.839341036445,10.426002263344
87637,4216,47.659664498438,10.623879214499,rural,115653,47.635457304812,10.608735757764
87640,4280,47.821680574217,10.641676486106,rural,158737,47.837728566895,10.647222811808
87642,3623,47.613736019013,10.845672806243,rural,118702,47.646965231679,10.81588549521
87645,3261,47.571786026122,10.761987915235,rural,104544,47.571235152501,10.752812618455
87647,3695,47.761570240078,10.49692350851,rural,137774,47.769812714851,10.488770074681
87648,2104,47.825291263658,10.521899215503,rural,145378,47.815938587307,10.533931009345
87650,1368,47.952558569268,10.544098222543,rural,156816,47.941024081453,10.537677267373
87651,1744,47.819455927501,10.720767958949,rural,155379,47.830379633812,10.718885915828
87653,1391,47.913608780877,10.491478899108,rural,152555,47.916378237739,10.51361230449
87654,1590,47.870692355508,10.534634465524,rural,153040,47.87693901094,10.531358258628
87656,3891,47.93595167305,10.673588193958,rural,171527,47.928550367519,10.668324992938
87657,1361,47.700104980327,10.508960308851,rural,127310,47.70456420679,10.513107816603
87659,1169,47.613723388317,10.64199555307,rural,112611,47.613253019522,10.641068042672
87660,1501,47.904298440968,10.559834001877,rural,163246,47.908621196717,10.577450963707
87662,2446,47.908571983994,10.755116972088,rural,168345,47.901232544283,10.746327075208
87663,1468,47.704336670936,10.598161725379,rural,130426,47.707536874509,10.606464787757
87665,3248,47.873281170268,10.669103788623,rural,171499,47.900245798036,10.670056156548
87666,2290,47.936548974448,10.604502979169,rural,167377,47.932009295368,10.610172148758
87668,1361,47.953873751019,10.647628879352,rural,169771,47.947338664439,10.641987697293
87669,1291,47.619799676226,10.718703100203,rural,114607,47.620445414994,10.716418645778
87671,1773,47.889921394652,10.409447334974,rural,142128,47.892437761311,10.415670894064
87672,2290,47.663075697003,10.700402795028,rural,120631,47.656467947139,10.721270152169
87674,1825,47.82186812921,10.58065176639,rural,152234,47.824759505701,10.592845685807
87675,2782,47.733360855831,10.701410301001,rural,140174,47.754749578851,10.71783579806
87677,1949,47.882254174411,10.710711312277,rural,168495,47.897850600776,10.708335480073
87679,1942,47.923437795959,10.704955853998,rural,171842,47.93294470939,10.71603946729
87700,43623,47.977991762641,10.174372672409,rural,144436,47.975678172368,10.185097343898
87719,14741,48.058635082143,10.494473490302,rural,160518,48.063439402631,10.487793588733
87724,8377,47.927903971933,10.324737968981,rural,137225,47.946222015642,10.312699879886
87727,5524,48.146470045449,10.246738932838,rural,129711,48.155553639971,10.238053852556
87730,5591,47.872546918953,10.223370086809,rural,0,,
87733,3918,47.953171717485,10.405392530025,rural,142568,47.9498766099,10.391568287232
87734,2174,47.968534801638,10.219230122,rural,0,,
87736,791,47.87992994997,10.315799777393,rural,0,,
87737,2055,48.08791712595,10.20731631332,rural,123957,48.082399741944,10.201964059744
87739,2486,48.131990384196,10.38658949172,rural,143821,48.137055789401,10.388086355379
87740,3254,48.000428981731,10.134804657545,rural,125091,47.995550476354,10.138459862881
87742,3152,48.000816010838,10.493330284793,rural,156718,48.002658592372,10.50739902887
87743,1225,48.088222535057,10.271900708529,rural,0,,
87745,1889,48.18733442615,10.525076711893,rural,0,,
87746,3089,48.044567354003,10.342466501459,rural,139638,48.042800494353,10.340302299202
87748,1142,48.071648966928,10.153743385436,rural,0,,
87749,1354,47.974823258093,10.261775864801,rural,0,,
87751,1804,48.042084316414,10.154895754831,rural,119252,48.047291573296,10.154558758114
87752,1288,48.025912726679,10.246510916246,rural,0,,
87754,1887,48.049120195597,10.41212827891,rural,0,,
87755,1377,48.154253939104,10.321725924716,rural,0,,
87757,2693,48.181924317826,10.467847414446,rural,156030,48.165627561609,10.49272082536
87758,1903,47.902033503409,10.155079841398,rural,0,,
87760,1521,47.939980040743,10.246108563738,rural,0,,
87761,1421,48.058073405581,10.281622463985,rural,0,,
87763,1227,47.889479917241,10.113064902888,rural,0,,
87764,3296,47.853634362825,10.13927957012,rural,109395,47.861128365325,10.129948590633
87766,2749,47.990856697252,10.225877006455,rural,136791,47.993330457846,10.222746133871
87767,1440,48.054476358468,10.197381250857,rural,0,,
87769,1318,48.090176094271,10.414289555389,rural,0,,
87770,995,48.124610767174,10.289979691666,rural,133635,48.106685888272,10.300484227264
87772,2552,48.124959768032,10.44707753789,rural,152665,48.121503913084,10.463053979277
87773,895,48.100322744999,10.163237262291,rural,0,,
87775,1501,48.121677206158,10.488940353647,rural,0,,
87776,2701,48.004043613652,10.364825926928,rural,139398,48.012342435806,10.343213664187
87778,1428,48.012167859638,10.442350144459,rural,149702,48.025325349151,10.443709362477
87779,1808,48.003870218242,10.218855865478,rural,0,,
87781,1064,48.002567200003,10.269452557201,rural,0,,
87782,1455,47.956259650999,10.468535021128,rural,0,,
87784,2220,48.02703253068,10.298515147097,rural,0,,
87785,946,48.121432822859,10.215874095133,rural,0,,
87787,1968,47.904752148716,10.253059524882,rural,129635,47.895609170683,10.252325295994
87789,1978,47.927097540026,10.203697465629,rural,126639,47.920036673127,10.203993161869
88131,28958,47.581168193203,9.6815451574958,rural,61269,47.556132239665,9.7278131119298
88138,7603,47.609522986058,9.7826762442538,rural,65721,47.589767596109,9.7469426774329
88142,3735,47.580826912643,9.6355930511583,rural,58440,47.577148968644,9.6325922566201
88145,4992,47.653567037952,9.8478512465035,rural,71604,47.643043866426,9.8272754585733
88149,1782,47.574961589507,9.6146961366972,rural,0,,
88161,11532,47.604244943454,9.8821599546131,rural,78805,47.606939109779,9.9276717936642
88167,8216,47.628718615561,10.01486898666,rural,82144,47.613674809064,9.9905215883071
88171,6379,47.570844680816,9.9069334538897,rural,0,,
88175,4285,47.574882976601,9.8489520528249,rural,74600,47.585540133307,9.8575104170203
88178,3862,47.634169504484,9.9034862077473,rural,0,,
88179,1709,47.553603074521,9.945383606037,rural,0,,
89231,33517,48.380748596989,10.00917916437,urban,0,,
89233,22226,48.373258126239,10.062456346513,urban,130870,48.388189638419,10.048198352952
89250,22776,48.321475571593,10.064229485857,urban,135977,48.328727842957,10.08195615936
89257,17547,48.221080244145,10.109404072602,urban,119235,48.23262750596,10.078125905643
89264,13870,48.307560018974,10.166091437351,urban,134662,48.2876222915,10.162540075133
89269,13673,48.285703142431,10.091105267771,urban,133095,48.295984581339,10.085700690481
89275,9643,48.447827891613,10.088139483903,urban,119170,48.44556354311,10.094494603946
89278,9786,48.423066876233,10.142555412117,urban,131168,48.415045898916,10.155931177924
89281,5221,48.168042393093,10.129547379657,rural,116189,48.184165390015,10.10688145543
89284,7459,48.363842069035,10.155404140099,urban,137287,48.362281631991,10.157774002498
89287,4723,48.257966003625,10.096817228574,urban,127641,48.253237116018,10.105515994482
89290,3942,48.229745688119,10.200150491012,urban,127863,48.222398603452,10.172856883487
89291,1866,48.378550879907,10.113467003626,urban,132012,48.385266777718,10.104973211216
89293,1438,48.126786136158,10.135047787572,rural,111509,48.125409471986,10.119627491613
89294,906,48.167057761713,10.198769032914,urban,124229,48.174653346275,10.185947652449
89296,893,48.140409603561,10.178080525579,rural,121235,48.14825597926,10.174616547593
89297,2812,48.283596703192,10.254680216166,urban,134905,48.291462340896,10.219444654339
89299,1056,48.200610122938,10.178383890441,urban,0,,
89312,20569,48.466216270128,10.279139388248,urban,141440,48.424385210627,10.293096854363
89331,9856,48.427279610665,10.395321447338,rural,153134,48.431321699867,10.419301355396
89335,8947,48.373684752137,10.257325043664,rural,141880,48.367843748193,10.302099774701
89340,6930,48.457679769829,10.208839813173,urban,133980,48.43774188626,10.221411330073
89343,7179,48.394734254233,10.461167383848,rural,155397,48.402697180082,10.43926779232
89344,1426,48.508324246534,10.446803627437,rural,0,,
89346,4997,48.387221532368,10.2082930151,urban,0,,
89347,1523,48.427541616213,10.247318727404,urban,0,,
89349,3500,48.348046857033,10.465168827975,rural,154605,48.335436247835,10.440633758253
89350,1679,48.470575382234,10.427226898426,rural,150792,48.465226466953,10.430899985867
89352,1217,48.323125617375,10.298284858787,rural,0,,
89353,1179,48.496245846601,10.490268809806,rural,151899,48.511807663997,10.480959950692
89355,1624,48.499020496643,10.410243230889,rural,147335,48.493193592126,10.417705832116
89356,1963,48.449217617979,10.458286728822,rural,0,,
89358,3526,48.375653981831,10.370505480948,rural,146898,48.375825587658,10.361386928887
89359,3439,48.404108131245,10.280640160573,urban,0,,
89361,720,48.435012223311,10.521064236053,rural,0,,
89362,4370,48.479025004554,10.356117213002,rural,144610,48.488865352199,10.381573679228
89364,1714,48.453914759891,10.351221300383,rural,0,,
89365,1125,48.427104510547,10.456385130826,rural,0,,
89367,1269,48.349270767049,10.289422639987,rural,0,,
89368,840,48.462964944235,10.496265417384,rural,0,,
89407,19138,48.573412722862,10.529853982431,rural,154441,48.570696017772,10.508291005471
89415,11149,48.565177443803,10.428746349375,rural,0,,
89420,6946,48.61585448553,10.578520710069,rural,154551,48.613455614729,10.580760777983
89423,8175,48.524481228326,10.365169960611,rural,137663,48.563611306539,10.396315081986
89426,3844,48.631749293337,10.445864767355,rural,134247,48.614679300318,10.43280282729
89428,3760,48.651106417087,10.294393223197,rural,0,,
89429,2373,48.64157304331,10.33915054699,rural,118192,48.62717184256,10.332333852901
89431,1377,48.537631362445,10.32302048807,rural,126547,48.544491301957,10.311785155686
89434,1841,48.657033742724,10.605470385515,rural,0,,
89435,1751,48.661655342877,10.495355094147,rural,0,,
89437,1672,48.611906070246,10.365392177413,rural,126229,48.604607576741,10.367578700721
89438,3998,48.509010835668,10.536279149215,rural,161211,48.511912691104,10.560395762434
89440,1025,48.675034496927,10.541883092412,rural,0,,
89441,1055,48.57348074522,10.325737833393,rural,0,,
89443,1494,48.638671231625,10.661690996376,rural,0,,
89446,1061,48.650039773024,10.392620556813,rural,0,,
90402,6671,49.449132029878,11.088086283262,urban,0,,
90403,10836,49.455632931487,11.079521296878,urban,0,,
90408,14975,49.465757290121,11.076028653407,urban,0,,
90409,17180,49.466802870936,11.090144343053,urban,0,,
90411,14398,49.489719233202,11.107364667619,urban,378419,49.48010954185,11.114986587144
90419,24077,49.461033812134,11.057277960456,urban,0,,
90425,16395,49.47543478898,11.059688865976,urban,0,,
90427,17039,49.513424582768,11.042278900846,urban,334964,49.52217659073,11.023704966993
90429,24711,49.454116194287,11.045331644531,urban,0,,
90431,18882,49.445339147154,11.019944675609,urban,0,,
90439,18900,49.439715449259,11.04567291854,urban,446767,49.441159959122,11.058120077749
90441,19159,49.427620396991,11.053084360126,urban,0,,
90443,24650,49.4415344682,11.068572264305,urban,0,,
90449,18624,49.425234584149,11.012466392492,urban,0,,
90451,16342,49.403065524242,11.050136627077,urban,0,,
90453,17008,49.382637967548,11.033766052503,urban,0,,
90455,16888,49.367303629196,11.082425041334,urban,289437,49.346065442915,11.06185156037
90459,28880,49.438132273542,11.082610549585,urban,0,,
90461,24080,49.425297236344,11.094892406183,urban,0,,
90469,14303,49.406147497612,11.086203465531,urban,0,,
90471,19669,49.418043978872,11.123504575153,urban,0,,
90473,17876,49.401956305024,11.138938036217,urban,0,,
90475,16015,49.428706837156,11.19044621962,urban,295177,49.418775765749,11.201641142464
90478,18036,49.437472695968,11.108660737,urban,0,,
90480,19444,49.447053300756,11.124927178754,urban,394660,49.433888512446,11.12505944433
90482,16157,49.464439860566,11.152714220649,urban,0,,
90489,21780,49.456734660184,11.096037996758,urban,0,,
90491,21465,49.467738979034,11.118828110058,urban,0,,
90513,26202,49.43283638323,10.924352321789,urban,307016,49.43510295961,10.918654809053
90518,15942,49.392252256054,11.380094715381,urban,212224,49.380079399764,11.378486095504
90522,18043,49.423433699915,10.968743181695,urban,0,,
90530,16572,49.353564340316,11.163918155008,urban,270595,49.347241175206,11.161551441568
90537,13109,49.38301744423,11.23430368857,urban,269881,49.37113190476,11.199436594047
90542,14787,49.585322128421,11.219186154056,urban,243400,49.576390382371,11.210278991611
90547,14279,49.398101001165,10.980875275568,urban,0,,
90552,12368,49.474382953518,11.260473015017,urban,265513,49.474318859661,11.248645709756
90556,14183,49.461237003855,10.854229309453,urban,0,,
90559,11883,49.343041004237,11.338437178632,urban,218476,49.335637339285,11.313523413228
90562,11843,49.550438134903,11.117076942402,urban,0,,
90571,8781,49.491270757105,11.201582482487,urban,294040,49.475407542844,11.201386434056
90574,10343,49.384371568447,10.877251258057,urban,0,,
90579,10968,49.484341340449,10.778065099504,urban,232048,49.49670508502,10.815245381974
90584,8491,49.241648203097,11.238662776631,urban,0,,
90587,11239,49.518237582547,10.883199563634,urban,0,,
90592,8777,49.34528441845,11.253101461521,urban,239842,49.352574858357,11.25524682939
90596,7701,49.308021369387,11.132504617443,urban,0,,
90599,5827,49.397732200111,10.691132160413,rural,180973,49.407218022877,10.677203203819
90602,5875,49.293291774292,11.278451053715,urban,213615,49.302741504473,11.283031408444
90607,4698,49.507484931782,11.241682863585,urban,263981,49.491531992056,11.244138786125
90610,4307,49.41210758124,11.301404920384,urban,234544,49.399067597951,11.297838819467
90613,4304,49.414727666911,10.771301314219,urban,0,,
90614,2236,49.424153747916,10.863371198693,urban,0,,
90616,2208,49.44723998275,10.646976371514,rural,0,,
90617,2287,49.528013195304,10.825151675512,urban,0,,
90619,1397,49.457627324597,10.578783602888,rural,0,,
90762,19483,49.47686523739,10.986558039248,urban,0,,
90763,29316,49.459334402865,10.99211613429,urban,396909,49.465364355972,11.006426230428
90765,26794,49.497364889328,10.99904462562,urban,0,,
90766,24719,49.484602859505,10.965450677063,urban,0,,
90768,21804,49.513908598025,10.951710666967,urban,332647,49.509295302475,10.964764807624
91052,29094,49.585153214915,11.00737837615,urban,0,,
91054,22507,49.606058939923,11.029167788622,urban,279434,49.596171068019,11.052936878278
91056,35315,49.588450814757,10.954750354457,urban,293493,49.583931168968,10.968643610108
91058,26044,49.557729130274,11.006496279472,urban,0,,
91074,23492,49.572286588865,10.890228684214,urban,263210,49.579241458654,10.901760908923
91077,13309,49.620135434758,11.134825589957,urban,246068,49.611521755908,11.136360846808
91080,8991,49.616664914571,11.061162007358,urban,0,,
91083,7765,49.655305067106,11.032316637598,urban,245903,49.648727997409,11.026075804778
91085,6619,49.626072131325,10.82025034477,urban,0,,
91086,3194,49.57291081394,10.821721389679,urban,0,,
91088,4638,49.625624759766,11.014875797035,urban,0,,
91090,2790,49.659997967195,11.10854494938,urban,230516,49.661431868565,11.092093057529
91091,2459,49.624426141265,10.875788688378,urban,0,,
91093,3572,49.649257676899,10.897921809053,urban,0,,
91094,3080,49.638636017932,11.078049179543,urban,246825,49.642653586497,11.058413722163
91096,4790,49.652736488258,10.967431203574,urban,0,,
91097,1291,49.593476296985,10.769593935437,urban,0,,
91099,1599,49.667231244091,11.067864095646,urban,231464,49.667905144049,11.069850091436
91126,50795,49.323646369148,11.019047420236,urban,278763,49.338138163813,11.07672081584
91154,25794,49.231449436392,11.117583898806,urban,0,,
91161,13814,49.183512003761,11.213051647875,urban,182009,49.162103257187,11.199689092736
91166,7044,49.202166052384,11.014410852951,rural,0,,
91171,7291,49.058066447992,11.329637455009,urban,0,,
91174,5287,49.169130164811,10.918429736187,rural,0,,
91177,5553,49.094152925984,11.217077513629,rural,0,,
91180,4957,49.132228475947,11.120447454327,rural,0,,
91183,5735,49.235444540043,10.936428209621,rural,0,,
91186,5435,49.26925346429,11.025772245327,urban,225742,49.271583304801,11.043694790079
91187,3035,49.154284541488,11.032777634807,rural,182729,49.17540115765,11.000029473898
91189,3772,49.330742676618,10.906275158399,urban,0,,
91207,27226,49.537423472817,11.271867127381,urban,247228,49.503781876179,11.274596559356
91217,12940,49.512549932429,11.435870845375,urban,196637,49.504582809846,11.439086829662
91220,8348,49.575661019087,11.364232168553,urban,209948,49.564927045458,11.339387556316
91224,5472,49.521852512364,11.509161987674,urban,181023,49.502565832872,11.49767954356
91227,6682,49.451081327029,11.331758590808,urban,240140,49.448157679719,11.294754408631
91230,3892,49.466065244532,11.492243277602,rural,186536,49.485052895678,11.472213024367
91233,4890,49.533788744581,11.34255737752,urban,227071,49.532021196491,11.315385051791
91235,3339,49.611207954793,11.493625483108,rural,166406,49.606070608936,11.514819921273
91236,1186,49.427146181212,11.536104239732,rural,172337,49.431128742634,11.545877150273
91238,2889,49.451273540089,11.411627853824,urban,204613,49.46569197227,11.395773006242
91239,1976,49.496933754561,11.392353952654,urban,205942,49.494185816297,11.393109769204
91241,2170,49.567066541557,11.423525369489,rural,190450,49.552405703297,11.424936245305
91242,2151,49.50807719371,11.345420863577,urban,218222,49.509527957108,11.348010849128
91244,2347,49.519306505948,11.374222483913,urban,213244,49.514576461788,11.362750987662
91245,3325,49.616936224695,11.344372647957,urban,198755,49.60632112567,11.330559105278
91247,1804,49.566092897654,11.492989248327,rural,175787,49.558682144073,11.493514962858
91249,1289,49.499265930023,11.587358087522,rural,168649,49.49957227699,11.568328537275
91257,14298,49.75229696145,11.513880114263,rural,153239,49.765370466799,11.551187898801
91275,9368,49.694913357052,11.608886280464,rural,150669,49.70076056105,11.627565606635
91278,5665,49.772267767561,11.423606111666,rural,0,,
91281,3480,49.768826805972,11.682432787958,rural,0,,
91282,2648,49.675418559645,11.406301634525,rural,0,,
91284,2994,49.630130662891,11.563499058396,rural,160759,49.625463421748,11.548777817126
91286,2296,49.703834207549,11.330868832418,urban,173902,49.694010613655,11.3527919331
91287,1370,49.661172517818,11.462683968008,rural,0,,
91289,1052,49.811383324249,11.584841785126,rural,0,,
91301,32064,49.72229468299,11.064317505509,urban,227217,49.722494153719,11.064175108026
91315,13893,49.728229359576,10.841625218677,urban,200859,49.707425236985,10.861752231976
91320,7310,49.788216743748,11.187311071858,urban,181257,49.774638765685,11.184148644503
91322,4271,49.661188132864,11.24545378281,urban,204566,49.648856814001,11.239920954961
91325,7718,49.710252794602,10.896371300527,urban,0,,
91327,4304,49.752888942577,11.33467851644,rural,163499,49.774817903326,11.341742414154
91330,6773,49.769035190453,11.082674917083,urban,195286,49.772964991555,11.043414728127
91332,3816,49.877759555997,11.152603568091,rural,165108,49.86312499197,11.159189218707
91334,5470,49.688746570678,10.937433093045,urban,0,,
91336,5208,49.704106865722,10.969168915032,urban,223699,49.686995659833,10.997091938871
91338,5136,49.615676105946,11.239538783083,urban,220198,49.615642897884,11.233809772071
91341,4824,49.668796405951,10.92051090011,urban,0,,
91344,3345,49.84591963017,11.32851768973,rural,0,,
91346,2679,49.814990165307,11.248366490503,rural,169984,49.807929128094,11.217359328039
91347,1414,49.893844549246,11.224037985992,rural,0,,
91349,2107,49.710205058257,11.274809096271,rural,186917,49.700664571305,11.248853497404
91350,1585,49.68452500277,10.848934778829,urban,0,,
91352,4199,49.748572373499,10.977330964818,urban,202163,49.745439880772,10.966134942185
91353,3878,49.685612887223,11.03338261971,urban,223773,49.696244838022,11.044349254423
91355,1703,49.66046225873,11.312570431552,urban,186535,49.660133498556,11.316670159153
91356,2389,49.73216116607,11.153524437755,urban,193403,49.739913745973,11.157113395843
91358,1445,49.669776771546,11.155581708501,urban,212540,49.679410911828,11.144003022768
91359,1765,49.696454407889,11.189567444502,urban,201969,49.695142486429,11.172277246349
91361,1979,49.692611197572,11.10546248359,urban,220964,49.692040292854,11.085082101137
91362,2633,49.739918027533,11.200617944872,urban,187104,49.754855888165,11.169864181077
91364,1325,49.824158898445,11.168072439941,urban,169892,49.820933417773,11.189683306774
91365,2175,49.749430403973,11.129749199461,urban,196807,49.74716381635,11.127451214755
91367,1166,49.62526166659,11.270284458246,urban,209937,49.628946091711,11.25031741617
91369,1792,49.709548030401,11.140487183719,urban,204825,49.715711758828,11.131881851598
91413,13027,49.575952171348,10.584551276568,rural,167740,49.578350342668,10.602654510713
91438,12651,49.525861959284,10.406985761851,rural,141666,49.505891904448,10.438229234767
91443,4853,49.669049245147,10.476052613002,rural,143037,49.661127440797,10.45984414258
91448,6309,49.5446713844,10.704680787459,urban,188704,49.5562241822,10.710362437424
91452,5211,49.457346658158,10.71858238309,urban,0,,
91456,3791,49.597515103402,10.631978746722,rural,174324,49.596087466724,10.66543851314
91459,5785,49.504572468835,10.634549159585,urban,174679,49.498244182693,10.639896814918
91460,1236,49.636146275842,10.540698883869,rural,0,,
91462,1804,49.64376137603,10.710863544629,urban,0,,
91463,2290,49.546894307862,10.540887221988,rural,0,,
91465,1173,49.523525333147,10.313724755906,rural,0,,
91466,2634,49.614764937424,10.701343936412,urban,0,,
91468,1366,49.628839895137,10.638107984152,rural,0,,
91469,1299,49.530423287279,10.76602626977,urban,0,,
91471,1009,49.458612323054,10.40546362424,rural,0,,
91472,2237,49.527787618335,10.476172916303,rural,0,,
91474,1076,49.61070111313,10.514463979558,rural,0,,
91475,2126,49.704885810289,10.748920275473,urban,0,,
91477,1960,49.652062466267,10.406403136166,rural,0,,
91478,1195,49.570981521105,10.342605811833,rural,0,,
91480,1083,49.696426471778,10.549017076727,rural,0,,
91481,1467,49.659168527309,10.601471249614,rural,0,,
91483,1291,49.708123911911,10.406969333703,rural,0,,
91484,2439,49.604168360289,10.413872372269,rural,0,,
91486,3060,49.67376911136,10.701495447356,urban,175048,49.672933959219,10.717276255989
91487,1631,49.701203477706,10.654395328763,urban,0,,
91489,1471,49.576374628528,10.737275937626,urban,0,,
91522,41769,49.296920943487,10.570586067022,rural,172816,49.292861201552,10.598447501808
91541,11590,49.369718445678,10.157317818307,rural,0,,
91550,11894,49.068563638434,10.300890224164,rural,111440,49.078307526314,10.304445573924
91555,12786,49.181304948542,10.312842727518,rural,120322,49.184008163972,10.33687277813
91560,9568,49.350775185482,10.79244052174,urban,207454,49.344921520018,10.805649115346
91564,7812,49.285023383834,10.803734008808,rural,186800,49.286719956434,10.778253310789
91567,7952,49.232846753209,10.496748772109,rural,141311,49.239641195341,10.474599676693
91572,6215,49.166373472264,10.55529534098,rural,144369,49.161422782845,10.561892878731
91575,6397,49.247941096548,10.849162241316,rural,184548,49.244020507669,10.83024452107
91578,5841,49.296382994006,10.383017991521,rural,133347,49.30748936549,10.410010256541
91580,5156,49.324157439571,10.723515466512,rural,187683,49.312019821102,10.756765930132
91583,4069,49.29652269256,10.227531251281,rural,109063,49.301411469199,10.217842233244
91586,3905,49.267740246366,10.699226459321,rural,173688,49.280373940037,10.692386745264
91587,1028,49.451914050456,10.153982857505,rural,109226,49.45694564617,10.171508872495
91589,2954,49.246873585454,10.41657119608,rural,132759,49.248989291189,10.418152710184
91590,1391,49.351352280982,10.691622725206,rural,182463,49.360067619013,10.699146124082
91592,1034,49.316682742027,10.305853930313,rural,122626,49.332902072946,10.333587495316
91593,3125,49.460580906273,10.315321505456,rural,126097,49.457499684561,10.32136897816
91595,3443,49.228923362579,10.58389925682,rural,156788,49.231799317291,10.594701334168
91596,1208,49.135855405119,10.481782207856,rural,130750,49.13310402633,10.477641229711
91598,2086,49.370629119443,10.392155863072,rural,132734,49.35578060381,10.405320673709
91599,2497,49.147479192985,10.424783098849,rural,124007,49.128757554768,10.41968047428
91601,1749,49.254801664742,10.297033794019,rural,113511,49.25558209053,10.279190859562
91602,2714,49.102137240061,10.375103179997,rural,119863,49.108568391327,10.391372090635
91604,2489,49.399506151864,10.516326076411,rural,149964,49.393382442116,10.515352603387
91605,829,49.450062322858,10.271052051777,rural,0,,
91607,1872,49.343524770303,10.204908520287,rural,110561,49.3494481998,10.206295398191
91608,1442,49.363983340902,10.302735917587,rural,120863,49.363252956011,10.309431884476
91610,1188,49.303646152295,10.157243045375,rural,102309,49.308512036513,10.166393887095
91611,3236,49.350235673389,10.490597712362,rural,150257,49.341100425676,10.506692597917
91613,1631,49.44216605295,10.366801341586,rural,0,,
91614,1740,49.023729558397,10.363112303309,rural,110924,49.019132014207,10.364395053036
91616,2143,49.37256726954,10.224980393706,rural,112197,49.361112025403,10.219138523111
91617,1686,49.409836044043,10.427356379062,rural,137539,49.411767237644,10.432606005311
91619,2790,49.450545145808,10.483996600584,rural,0,,
91620,664,49.474316651741,10.213669955069,rural,114447,49.472288342719,10.211252579549
91622,1307,49.420849003245,10.571301835301,rural,164452,49.398803492899,10.605908788093
91623,3361,49.289892824468,10.657252297484,rural,172812,49.294874297839,10.664198528987
91625,3747,49.209234422964,10.180988290707,rural,97480,49.195151070567,10.178738454893
91626,2990,49.114672446061,10.308872698082,rural,112319,49.12248845155,10.312115442912
91628,1305,49.426414889461,10.215034962512,rural,110368,49.418541747992,10.194136776078
91629,2993,49.357116405242,10.625725790828,rural,168214,49.348515949022,10.616255621981
91631,1011,49.261538536459,10.165488929496,rural,98040,49.256739667316,10.159774465186
91632,1463,49.167745984355,10.47740182347,rural,135213,49.160249041909,10.496547913104
91634,2214,49.005134951217,10.400992525604,rural,116053,49.030748649998,10.40869988439
91635,1157,49.401261541973,10.266508635489,rural,120326,49.401393273879,10.297382475682
91637,1772,49.244858892289,10.230617063295,rural,109173,49.253496956956,10.245344554771
91639,2941,49.233082962131,10.729800515509,rural,169365,49.226531111158,10.7355507414
91710,17197,49.105923503362,10.735427106599,rural,159875,49.104753389686,10.75653323083
91717,6313,49.044337450318,10.625759096634,rural,135964,49.043335647575,10.589157939369
91719,2651,48.997431476107,10.743256843931,rural,145559,49.004359249638,10.737465942614
91720,1406,49.174926334667,10.842962381121,rural,167847,49.148220355534,10.873025456081
91722,2429,49.134882358895,10.630264749615,rural,147353,49.149589269778,10.617103625475
91723,1866,49.061113745488,10.777080496058,rural,153436,49.058386782505,10.792614875349
91725,2114,49.096491230742,10.542913438004,rural,133982,49.088040118972,10.543875029075
91726,1054,49.05132589489,10.511108384398,rural,128682,49.051760695927,10.517270086766
91728,885,49.056825318338,10.709450257971,rural,148234,49.063608319669,10.707612132385
91729,2789,49.171887005285,10.787798573927,rural,166179,49.17744947604,10.781360904325
91731,2267,49.102677825833,10.450841944072,rural,126502,49.109257980037,10.454011047832
91732,2877,49.193825449952,10.690502175889,rural,163049,49.208128799634,10.701641687793
91734,1670,49.213343210186,10.803132399331,rural,172161,49.203588348941,10.805509604742
91735,2324,49.156767853717,10.719529777561,rural,158819,49.15580342637,10.717066732601
91737,1668,49.175243498179,10.652213268582,rural,155530,49.179548662118,10.659568748758
91738,1569,49.108668821182,10.842746510328,rural,159967,49.099725791325,10.842180619409
91740,773,49.052176280698,10.554597600872,rural,133423,49.058885657296,10.559785867953
91741,1233,49.074576067519,10.832347296465,rural,0,,
91743,924,49.086227518684,10.623422473906,rural,141143,49.076351971352,10.621286799093
91744,1454,49.033426568225,10.453995995711,rural,121959,49.043486731613,10.457433215352
91746,2274,49.211177036514,10.629546776457,rural,155970,49.195359309916,10.645538107293
91747,1245,49.000772569892,10.666895495199,rural,139957,49.006014010147,10.662214552486
91749,1347,49.069520389007,10.477826865266,rural,121505,49.064587563235,10.442022658313
91757,13304,48.963001489364,10.878021346306,rural,155760,48.947211774306,10.914002000917
91781,18749,49.012615651612,10.980034084722,rural,165603,49.019119457618,10.964064437577
91785,7805,49.120380356108,10.97461297052,rural,170474,49.110522133514,10.992485024606
91788,4235,48.944049045994,11.002426159796,rural,157478,48.943407361958,10.979173343089
91790,5130,49.027123467511,11.119908856412,rural,162316,49.045463729925,11.141889426107
91792,3818,49.069358142748,10.952146213748,rural,164535,49.064941018303,10.965831989865
91793,1041,49.042877598512,10.869276411329,rural,156752,49.052770483129,10.863837447091
91795,2905,48.866240842446,11.081117250961,urban,162338,48.863527012008,11.074406952926
91796,905,49.078202651023,11.052211537996,rural,165315,49.076061763276,11.059653409198
91798,1232,49.067739832233,11.012389219814,rural,0,,
91799,2374,48.897946213825,10.91612812787,rural,154035,48.893001545651,10.940275768542
91801,1399,49.007004648115,10.8360579371,rural,154067,49.017165705016,10.851095290634
91802,932,49.019571177721,10.796623101711,rural,152403,49.023799905537,10.823100860649
91804,1641,48.859294848505,11.017445068205,rural,158080,48.864503601603,11.014413951527
91805,1947,48.930747579679,10.717771752702,rural,141635,48.918032489963,10.714487562022
91807,1806,48.898017679796,11.001333452487,rural,156724,48.893035540526,10.996127788302
91809,2816,48.822729414449,11.088994774031,urban,165645,48.814569437721,11.089969581408
92224,44335,49.446376982787,11.852205173689,rural,173976,49.456650490825,11.850561586271
92237,20744,49.514648292244,11.73142301889,rural,163911,49.499313562987,11.746214463171
92242,6255,49.556963451455,11.946431503777,rural,142912,49.54073469271,11.949975219976
92245,10305,49.402298262217,11.889761415264,rural,158722,49.409833437254,11.903303397777
92249,6364,49.612040818287,11.786550264907,rural,145849,49.616184559217,11.797389334667
92253,4520,49.53864768797,12.042386156449,rural,137630,49.549934840518,12.01684230269
92256,5289,49.537086078573,11.8035234049,rural,156975,49.523021198539,11.798174070939
92259,2781,49.54099389496,11.654006023761,rural,162549,49.527215602504,11.618551197725
92260,2259,49.451283047124,11.769433630385,rural,161514,49.446167222469,11.759666190014
92262,1902,49.432146884766,11.615851402436,rural,161417,49.424994497574,11.653822620882
92263,2573,49.392175903455,11.977399208304,rural,151587,49.388400593535,11.936722884786
92265,1994,49.583276297804,11.707476563227,rural,153828,49.577968501415,11.700785450143
92266,2362,49.349909593997,11.916860195108,rural,148988,49.340189658982,11.944915197554
92268,1464,49.533041576233,11.581079074295,rural,166008,49.5262284778,11.582531150059
92269,2510,49.413379910953,12.023075504235,rural,0,,
92271,2768,49.616678136284,11.901456640769,rural,138113,49.628382746342,11.899597364251
92272,4413,49.471290285993,11.992725245913,rural,148336,49.472432013191,11.947460583953
92274,946,49.548534510967,11.864571142962,rural,149664,49.533549768872,11.860350891782
92275,1348,49.576757049424,11.592773841667,rural,161584,49.575898427612,11.583323020641
92277,1686,49.308625922646,11.825626978017,rural,149908,49.291893854618,11.803327410387
92278,2141,49.4514045403,11.692004445356,rural,161291,49.45008890191,11.678981019301
92280,2585,49.367038081119,11.687613969278,rural,158438,49.372891395029,11.692633741905
92281,1853,49.609055096171,11.642323888902,rural,154228,49.610795594792,11.635427813897
92283,3853,49.367828052299,11.574281778488,rural,164864,49.361286755869,11.606315713954
92284,3533,49.482803441736,11.822899986421,rural,163115,49.478571916256,11.818197320268
92286,2973,49.304973106011,11.93896069362,rural,149604,49.303485656745,11.948543325231
92287,2481,49.254812185188,11.941959854472,rural,149808,49.268499102816,11.926320937879
92289,3860,49.37454582189,11.779807488067,rural,157891,49.396736606243,11.764016228901
92318,40585,49.27777546964,11.472960852112,rural,192655,49.301070112536,11.46417593035
92331,9279,49.165476835991,11.739000121827,rural,157151,49.162326611624,11.730909938063
92334,8964,49.121902872789,11.487038191433,rural,160580,49.093878946989,11.445146356125
92339,9246,48.998540520286,11.504647211306,urban,159962,49.027893407023,11.486677071208
92342,9067,49.180188457276,11.345293375333,rural,177534,49.173683626459,11.337185692218
92345,6240,49.022373165524,11.584023719783,urban,160418,49.022073835611,11.592723547211
92348,7863,49.35107067749,11.447406503496,rural,196192,49.343574322912,11.427570915385
92353,7746,49.297600896571,11.358151741698,urban,205345,49.305505629552,11.348588867833
92355,5578,49.257865533859,11.664525472498,rural,155866,49.225252332037,11.670708218697
92358,5277,49.160465213501,11.618944599011,rural,158910,49.157434043925,11.621980624459
92360,4948,49.177034520019,11.41817564085,rural,167771,49.163159892428,11.448946509534
92361,2619,49.250207132638,11.384656007711,rural,186559,49.248565842989,11.40170720361
92363,3598,49.088736917525,11.645539752402,rural,156065,49.120019367073,11.624412512268
92364,4563,49.214510372531,11.540366972257,rural,169048,49.220937665273,11.538152316718
92366,2239,49.225272135997,11.844335780719,rural,150985,49.194220229612,11.861659906951
92367,2828,49.338893728163,11.51374199731,rural,181806,49.315714128221,11.504833718014
92369,2838,49.224872271191,11.451604077018,rural,181001,49.237859427191,11.460788142259
92421,29141,49.309591210773,12.085192434732,rural,158024,49.301080878873,12.081348904467
92431,8464,49.345497043905,12.384856735214,rural,119938,49.336133984117,12.394962034278
92436,4497,49.242143191487,12.321312253658,rural,134848,49.24028438167,12.305131589889
92439,4448,49.29774049122,12.295741161554,rural,127867,49.283250761573,12.328234714673
92442,5316,49.310193733615,12.190343890945,rural,142195,49.302036029414,12.172408237736
92444,3582,49.344718199842,12.524456097714,rural,108593,49.337926294947,12.52622721662
92445,1215,49.286642959783,12.402723274384,rural,117600,49.285087059811,12.449006450103
92447,1573,49.389385396768,12.330608535047,rural,118556,49.379745716954,12.342700360825
92449,1974,49.270384185339,12.171373394853,rural,143236,49.270221784327,12.178250624161
92507,6538,49.446181535293,12.193213368308,rural,131182,49.444554764105,12.173841397593
92521,6631,49.383127692105,12.128073416292,rural,138083,49.384365095916,12.143233586477
92526,5241,49.467293916508,12.449560880971,rural,107497,49.453093753752,12.410873271538
92533,5986,49.543891137285,12.153093586597,rural,130915,49.542322181289,12.132251736978
92536,5736,49.501269526087,12.203697093206,rural,128393,49.484382527622,12.17213984595
92539,2739,49.519739552551,12.556396347339,rural,90098,49.524742000879,12.542494933769
92540,1018,49.419698694831,12.296800519893,rural,0,,
92542,1071,49.409258114397,12.417434419386,rural,109741,49.415384577723,12.414632560933
92543,950,49.457205684787,12.284392304762,rural,0,,
92545,1338,49.444478445389,12.357709923913,rural,0,,
92546,3060,49.447459440806,12.068755473623,rural,138271,49.43848181261,12.077426455586
92548,1604,49.396690022774,12.206245240141,rural,0,,
92549,536,49.503989103592,12.625376887258,rural,0,,
92551,1780,49.423093359844,12.134668967682,rural,0,,
92552,2016,49.496877535076,12.393139651356,rural,106467,49.498635160768,12.391879178604
92554,1073,49.388491931143,12.464664867602,rural,107670,49.379433570223,12.474980516512
92555,1038,49.524805687978,12.267337010471,rural,118885,49.513092546595,12.254895091679
92557,569,49.479270217787,12.564786790061,rural,0,,
92559,1522,49.433893463214,12.505382255861,rural,102680,49.42791761944,12.488323732106
92637,45439,49.668190923737,12.131506938621,rural,138510,49.682541360244,12.154085417952
92648,7932,49.624159342167,12.333703885029,rural,0,,
92655,6826,49.683205247354,11.833225540468,rural,0,,
92660,6270,49.733008919091,12.173425730513,rural,0,,
92665,6076,49.756170441747,12.115078916936,rural,0,,
92670,5494,49.811102040946,12.156897166054,rural,0,,
92676,5462,49.769139364435,11.822095385263,rural,0,,
92681,5527,49.834766925575,12.031209220343,rural,0,,
92685,3752,49.722812157624,12.28288053859,rural,0,,
92690,4682,49.774201631178,11.974077736613,rural,0,,
92693,2962,49.574795539457,12.526038676882,rural,0,,
92694,1720,49.622574706113,12.10055628115,rural,0,,
92696,1717,49.743737025064,12.35742393552,rural,0,,
92697,1464,49.708672843708,12.401543797339,rural,0,,
92699,2381,49.641728964871,12.218653353307,rural,0,,
92700,840,49.658651622969,11.936375349534,rural,0,,
92702,1286,49.598809674879,12.023321836536,rural,0,,
92703,1623,49.841713228333,12.102281279435,rural,0,,
92705,1335,49.587157916078,12.269147107451,rural,0,,
92706,3586,49.586173194657,12.122099819668,rural,0,,
92708,3161,49.672534369123,12.036081023086,rural,0,,
92709,2647,49.572821952225,12.425731010058,rural,0,,
92711,2388,49.738207150793,12.060936914041,rural,0,,
92712,1870,49.621185157034,12.179142357023,rural,0,,
92714,2614,49.649437064283,12.422146156594,rural,0,,
92715,1700,49.773271617908,12.211712346185,rural,0,,
92717,1316,49.857409493303,12.139236713244,rural,0,,
92718,2149,49.651361494102,12.174404185056,rural,0,,
92720,1283,49.723380009131,12.000738845944,rural,0,,
92721,1532,49.740526076975,12.208349414844,rural,0,,
92723,2383,49.53995432384,12.329879925778,rural,0,,
92724,1389,49.785965940348,11.894435306858,rural,0,,
92726,2434,49.657229261373,12.491748775096,rural,0,,
92727,2115,49.681290681569,12.329379852785,rural,0,,
92729,3180,49.6233122372,12.055073758807,rural,134803,49.642681957427,12.021566423458
93047,13454,49.017019296022,12.096222743941,urban,0,,
93049,25863,49.021730790204,12.062529920774,urban,0,,
93051,24770,49.001365195339,12.073689888836,urban,0,,
93053,23945,48.992234122991,12.104904257674,urban,220034,48.995459817354,12.123765458369
93055,20879,49.001857378018,12.158300870278,urban,0,,
93057,17770,49.04980431776,12.116773512353,urban,0,,
93059,16660,49.029707826998,12.101969677323,urban,0,,
93073,13297,48.981575249166,12.209304808542,urban,193941,48.987633001996,12.196085984619
93077,12127,48.919660341643,12.057881932063,urban,183142,48.923974827104,12.034098879215
93080,5990,48.959061405221,12.059636907201,urban,205728,48.976506276665,12.058640331192
93083,8031,48.962393328669,12.152956386454,urban,191416,48.962281715329,12.175741993396
93086,4709,49.010533332262,12.430022753202,urban,148793,48.994461940507,12.406547929515
93087,3350,48.914227991527,12.198687828484,urban,173687,48.922503424823,12.209984170425
93089,1857,48.872690097915,12.287089811576,urban,158538,48.867368705395,12.291100405508
93090,1926,49.026219674769,12.306126425639,urban,160893,49.019101675477,12.302066748698
93092,5397,48.9967284536,12.288397464008,urban,188712,49.002643242129,12.208312510248
93093,4019,49.029159316196,12.226069505034,urban,183734,49.028564335026,12.210674902686
93095,2087,48.895648989328,12.230788356484,urban,168533,48.897066496827,12.214459990924
93096,2471,48.937055084897,12.187229663041,urban,178038,48.933814414332,12.198191913123
93098,4986,48.950288682291,12.261804605286,urban,173472,48.957786171371,12.247864476751
93099,1672,48.904205387494,12.400796292144,urban,154160,48.893176095349,12.373039329073
93101,1634,48.859653674392,12.223037570375,urban,161646,48.857592875537,12.241243251294
93102,3204,48.956545305259,12.394012934938,urban,151981,48.966981206239,12.387822549617
93104,2871,48.911639155398,12.332205733846,urban,154764,48.884710912988,12.354414130324
93105,5122,49.025340299285,12.178298497029,urban,203388,49.019125669238,12.167912496891
93107,3443,48.901813685141,12.141131826243,urban,176924,48.908114302557,12.147272048492
93109,2648,49.02420521112,12.374470115494,urban,150735,49.003400070156,12.377055497769
93128,15922,49.145632075549,12.155419158643,urban,173702,49.113418245121,12.131300629417
93133,12781,49.221889025979,12.002548471128,urban,158093,49.200836945144,12.061926167936
93138,13698,49.07304540986,12.058225814042,urban,205307,49.057835927279,12.089609519329
93142,11140,49.1809298907,12.097536151014,urban,164218,49.176636606954,12.100401955519
93149,8865,49.203551725779,12.252649208154,urban,141948,49.194210643416,12.282899980764
93152,9338,49.01857400229,11.943229621153,urban,176461,49.034056418863,11.935991187315
93155,8947,49.041744191415,11.752331113622,urban,160144,49.046613601424,11.785758198522
93158,7778,49.233254946118,12.099353586521,urban,156182,49.222695685245,12.080434820169
93161,7177,48.991597118335,11.998682387712,urban,205553,48.998239890827,12.033018007909
93164,6847,49.075217633649,11.897723776044,urban,165288,49.070244953145,11.881319476067
93167,3437,49.104402952804,12.483520559771,rural,132497,49.102154241906,12.492324170668
93170,5847,49.117907031027,12.245783168541,urban,157926,49.098006687793,12.254860313403
93173,8673,49.07329767185,12.172177403366,urban,181444,49.070427686582,12.183876392059
93176,5806,49.11824381759,11.820178136553,urban,158126,49.092636651151,11.815284996493
93177,1668,49.067312420631,12.30388726464,urban,150523,49.090984566994,12.303777553475
93179,2034,49.071900696689,12.388903104917,urban,143488,49.066782584979,12.390450630511
93180,2202,49.029653873951,11.906975441063,urban,170573,49.031041640931,11.900256454689
93182,1672,49.121886826379,11.925406961152,urban,163867,49.106272528321,11.934227915961
93183,4005,49.146355919282,11.980626608264,urban,159563,49.154463001621,11.972069041005
93185,1888,49.116653033697,12.557095115761,rural,126967,49.121673338535,12.551979477083
93186,3416,49.047507209764,12.013645237862,urban,208179,49.027614744196,12.037994499288
93188,1487,49.071626426494,11.965411147649,urban,172660,49.075824487146,11.962663584672
93189,1262,49.174475126798,12.349632900585,rural,134879,49.184337903781,12.356488906556
93191,1876,49.058671040141,12.461725979366,rural,137242,49.071268416083,12.455092033479
93192,2974,49.131749116245,12.348228139361,urban,139159,49.154280650075,12.342377377717
93194,2192,49.201574709231,12.391901242866,rural,133116,49.188672622955,12.373316611765
93195,1559,49.106175033645,11.986049178356,urban,166275,49.112984882061,11.976722584667
93197,6127,49.087162494198,12.119807013104,urban,185895,49.089235516935,12.11938827426
93199,1957,49.142847835878,12.408306726908,urban,134945,49.142360967723,12.409984760554
93309,16192,48.89862532923,11.879535879285,urban,175328,48.893760588246,11.912154319754
93326,13504,48.836278922069,11.846668061279,rural,173258,48.82645651258,11.893743444844
93333,13402,48.794410026384,11.775689431746,rural,176167,48.814169777591,11.768022171502
93336,7183,48.909450769851,11.617814851052,urban,167006,48.901616192274,11.643357481063
93339,5761,48.972746719058,11.692312345682,urban,160486,48.985075545704,11.687211465058
93342,5585,48.862520564595,11.929685628197,urban,0,,
93343,1031,48.936528525979,11.804509821639,urban,165197,48.928555127044,11.798851810996
93345,2151,48.849295693643,11.992137583583,urban,170979,48.840185657397,11.986752655499
93346,4393,48.95444532679,11.859004863762,urban,169791,48.931837887175,11.854129361045
93348,929,48.768072468841,11.910761642108,rural,0,,
93349,1714,48.852402231318,11.63659061724,urban,172185,48.853809781509,11.646640171846
93351,2314,48.999649494681,11.835545796489,urban,162039,48.993388251538,11.803100165474
93352,3429,48.771001930899,11.972894759402,urban,171765,48.768092149848,11.976927783529
93354,4923,48.764965663336,11.850802799351,rural,177183,48.761978605389,11.851199133651
93356,1688,48.889930895279,12.015424318088,urban,175157,48.88892482197,12.018036130942
93358,1888,48.728987308199,11.827902117323,rural,0,,
93359,1393,48.726924840196,11.908289768187,rural,175304,48.723201263477,11.916536212758
93413,17473,49.213109428732,12.658928341688,rural,120917,49.200861979616,12.664953189045
93426,11911,49.194531900586,12.490218994874,rural,123934,49.186729482809,12.537262412114
93437,9561,49.308641575479,12.854927005452,rural,92617,49.308765922658,12.827407784018
93444,7559,49.162168793348,12.877751822681,rural,107334,49.1649201698,12.86919532769
93449,7172,49.384131134304,12.68875242942,rural,94252,49.380792832055,12.691178227757
93453,4053,49.255669180189,13.001061327799,rural,85848,49.259611822754,12.957355236792
93455,4250,49.131331056347,12.659844173286,rural,119795,49.17446549767,12.647719823188
93458,3635,49.314160326364,12.937388054914,rural,87027,49.298837021506,12.901612272746
93462,2866,49.209395346882,13.045280718843,rural,84859,49.202279454959,13.044835634321
93464,2150,49.438994976095,12.574570257634,rural,93897,49.435630692644,12.586544659751
93466,2771,49.190357905513,12.745762387932,rural,111111,49.201778206092,12.748857916178
93468,2406,49.148461719748,12.774640245462,rural,113810,49.151616219554,12.76642514106
93470,2089,49.158344829562,13.109221285602,rural,84253,49.180390650228,13.067354205556
93471,2112,49.132605155215,12.981139029045,rural,99283,49.126801655873,12.982893409353
93473,2041,49.263716632045,12.817156146182,rural,96581,49.275919330342,12.818411199807
93474,2682,49.188101527006,12.993188370341,rural,89802,49.197719019057,13.000199156726
93476,2063,49.167640818504,12.814733219869,rural,110425,49.1648476607,12.79946267802
93477,914,49.329194983573,12.739907644983,rural,95548,49.316828470285,12.745214943355
93479,1614,49.201247377919,12.879123967935,rural,99934,49.204536823537,12.882534186572
93480,2069,49.20111990416,12.935050452001,rural,95502,49.205577669255,12.930790840622
93482,2393,49.277232918844,12.603393744301,rural,112281,49.263051837094,12.608581778828
93483,1002,49.233420005541,12.55786632669,rural,118304,49.232441378625,12.553295172304
93485,2053,49.237868762179,12.881350335682,rural,96618,49.227767143378,12.885272665042
93486,2441,49.224287421198,12.756072099934,rural,109050,49.217040626782,12.754887771439
93488,2084,49.347618615614,12.611017945286,rural,101295,49.356488243075,12.596024052398
93489,2772,49.167069875778,12.595352269779,rural,123110,49.164566233373,12.587574562632
93491,2310,49.273786955615,12.524498072091,rural,115358,49.264855364399,12.535506624742
93492,1065,49.413352319939,12.620070622024,rural,91750,49.426364566127,12.620246836874
93494,2133,49.287724948199,12.669900854104,rural,111224,49.256427906375,12.655915716921
93495,2639,49.271327957664,12.748159655125,rural,102991,49.265558418062,12.753599628036
93497,2200,49.251517392524,12.685058033917,rural,114057,49.23804887195,12.676978686817
93499,1916,49.142822784583,12.716229301922,rural,116729,49.149794024439,12.720316588647
94032,15735,48.565256656259,13.464710994865,rural,103337,48.572920865901,13.494602148077
94034,15169,48.591263316826,13.43835637908,rural,117035,48.598959221835,13.436175376223
94036,20579,48.574631142687,13.380005459627,rural,120968,48.576239159612,13.393996496537
94051,12369,48.649878596924,13.627216385188,rural,85239,48.641835367878,13.638559651585
94060,15715,48.392497431892,13.313241862455,rural,98598,48.403567502019,13.333642555216
94065,10878,48.732721504495,13.59858598121,rural,90004,48.72296176596,13.576709876431
94072,7019,48.344151396984,13.317742525331,rural,88386,48.337482854808,13.328369021459
94078,7294,48.813398132836,13.54451421505,rural,85989,48.801978178054,13.550314848994
94081,8166,48.529986673393,13.316730058536,rural,111264,48.518896409336,13.327764426905
94086,8842,48.442466732496,13.191282121628,rural,113461,48.452877083695,13.186086758428
94089,4570,48.755883146929,13.760723835175,rural,64691,48.74101086652,13.754014580401
94094,6440,48.376691019456,13.192701620119,rural,97036,48.334246081753,13.198539128889
94099,7377,48.46540889378,13.303029452109,rural,98152,48.432637376198,13.341294322204
94104,5729,48.729591845337,13.396482700844,rural,106328,48.741529014553,13.381842321236
94107,6498,48.575605661485,13.684924416578,rural,74736,48.575293226208,13.68450065208
94110,5923,48.622206881756,13.768047983287,rural,59737,48.594597281049,13.784465912981
94113,7023,48.635853822288,13.364693751392,rural,115293,48.621114447155,13.390289069107
94116,6236,48.68968423634,13.473546474093,rural,103265,48.666015706507,13.486028763033
94118,3562,48.730329322614,13.688418561857,rural,74650,48.732600853022,13.686261368524
94121,6884,48.62614891529,13.479350710785,rural,108172,48.622998477365,13.479716524689
94124,4297,48.667837141606,13.521212573641,rural,0,,
94127,4453,48.518267882655,13.394126465558,rural,108996,48.532624555862,13.390276049573
94130,3942,48.574195569816,13.619417179681,rural,78388,48.55792736466,13.624980154976
94133,4734,48.755547085143,13.517534586926,rural,93895,48.731957637452,13.523386525633
94136,4295,48.603074951503,13.55169364441,rural,97527,48.615322344786,13.533563930604
94137,1723,48.411673539347,13.112922159912,rural,0,,
94139,2280,48.698193918272,13.778347475506,rural,60869,48.70702736837,13.787485306028
94140,1925,48.310945420609,13.127369180013,rural,94426,48.296711937461,13.164050317984
94142,951,48.733035787703,13.455160807904,rural,0,,
94143,2529,48.796184380512,13.664877995628,rural,73219,48.787522706211,13.658767154096
94145,1414,48.811106069383,13.75449071283,rural,55238,48.830437893317,13.776263289314
94146,2685,48.848041382894,13.63390327765,rural,80435,48.816301486464,13.578220348207
94148,2205,48.346860461484,13.252614689838,rural,96486,48.347688469115,13.249103048668
94149,2069,48.376633922377,13.125388956696,rural,107757,48.371896704653,13.135459607
94151,2445,48.914570844735,13.594638467395,rural,71302,48.886273670974,13.577623401483
94152,3552,48.438585756003,13.410797587458,rural,91274,48.457802629052,13.419287707153
94154,2774,48.688340268325,13.411105199941,rural,109214,48.696734859111,13.389154559429
94157,2961,48.776860490784,13.424867953604,rural,96852,48.775785350545,13.45126559378
94158,754,48.868741615746,13.673968595263,rural,61842,48.869657165761,13.684258485678
94160,2094,48.811381804007,13.455609763427,rural,92727,48.806908049166,13.466075744814
94161,3235,48.657921911051,13.408054535643,rural,112054,48.649087340304,13.409742751328
94163,2064,48.776652023178,13.355953914106,rural,105315,48.775233875123,13.346168702825
94164,1477,48.67201564213,13.717085223466,rural,69868,48.686470320377,13.722406911318
94166,1498,48.324832561055,13.065131703486,rural,106421,48.307288195586,13.072371044394
94167,1789,48.435146912231,13.268318431289,rural,106115,48.440310685459,13.274236267626
94169,2453,48.762245273416,13.303460953342,rural,108822,48.761184460878,13.314187858667
94209,11457,48.96547759177,13.127951392137,rural,105127,48.956339088846,13.159399954764
94227,12508,49.066324847584,13.279249426422,rural,86131,49.023826881054,13.258080110398
94234,8518,49.092686184737,12.916728235268,rural,111887,49.076612443558,12.899030466895
94239,5652,48.975224584859,13.004774284566,rural,116153,48.975996734466,12.98110036664
94244,5342,49.044145732546,12.976473835544,rural,111394,49.027326534123,12.971349793199
94249,3456,49.0758596883,13.112607568761,rural,95853,49.074045644391,13.083970252006
94250,988,48.968613117581,12.911552470482,rural,117724,48.973698223059,12.944320205817
94252,1041,49.104555660161,13.183445079114,rural,79641,49.119373000704,13.193814385516
94253,3377,48.90987892093,13.079811373439,rural,114966,48.913950475555,13.088014983818
94255,1744,49.054726070213,13.035404442173,rural,103591,49.054969527949,13.025981670221
94256,2494,49.102631878167,13.039640061541,rural,99240,49.107567354974,13.003189297306
94258,2852,48.984135732623,13.323730203581,rural,86193,48.987434953783,13.302346717627
94259,4590,48.89942747213,13.178987247166,rural,106728,48.899473364394,13.194369358912
94261,2266,48.914605827593,13.259549371472,rural,0,,
94262,3065,49.026724447279,12.885354079229,rural,115701,49.048512823116,12.851044558792
94264,2014,49.027899465183,13.149187762811,rural,98061,49.009164254385,13.149444343137
94265,1855,49.003821809471,12.974532325315,rural,0,,
94267,2877,49.098933476889,12.817646050152,rural,114777,49.095702286673,12.819452490199
94269,3265,48.950186059294,13.211585887219,rural,0,,
94315,47047,48.88342804338,12.559962759731,rural,160650,48.874276323556,12.591021925587
94327,10212,48.906065444786,12.754930704201,rural,140819,48.896451283584,12.711720375659
94330,5992,48.829522131355,12.603594600941,rural,152237,48.824541063885,12.597303743489
94333,6929,48.811336665054,12.405018552371,rural,155571,48.817329466892,12.391629687249
94336,4513,48.948535729787,12.73127394646,rural,136094,48.945732906011,12.736396874934
94339,4233,48.779124353109,12.533043923704,rural,151176,48.775715996597,12.519992126736
94342,4655,48.834822171109,12.718755360251,rural,141996,48.838221883016,12.729217478646
94344,3810,49.025038711357,12.537892420724,rural,134437,49.046302755149,12.532444432653
94345,1810,48.936387883113,12.477442779263,rural,150337,48.936482429076,12.494941679869
94347,1659,48.992459951453,12.628940031748,rural,133883,49.002655560348,12.639362343963
94348,1755,48.889701314206,12.497827991499,rural,157000,48.891291974829,12.497602061754
94350,1072,49.010468227194,12.594770782618,rural,136365,49.001872310609,12.595859486374
94351,1923,48.826314031384,12.525881670561,rural,153468,48.822966934176,12.533225649439
94353,2333,49.028886475185,12.737081391324,rural,126565,49.018873904375,12.729477850285
94354,1816,48.997305094821,12.690497325724,rural,130590,49.002747642695,12.696201212366
94356,3866,48.966561963749,12.519437558843,rural,146008,48.957625425832,12.542262873913
94357,1850,49.076108676808,12.714702857837,rural,122190,49.081035753353,12.702182177433
94359,664,49.0941145171,12.659767139862,rural,0,,
94360,2575,48.969318440887,12.668930484487,rural,134571,48.981020942779,12.679131897522
94362,1826,48.98428914823,12.76190748555,rural,130651,48.973033837843,12.751406228528
94363,2916,48.790655419988,12.654349924648,rural,145927,48.792181780866,12.644947615851
94365,3200,48.919550679421,12.60431283497,rural,149289,48.922663504654,12.608946628498
94366,668,48.958707871079,12.814175659514,rural,0,,
94368,1647,48.865393926556,12.443449210905,rural,154097,48.861511799652,12.444153782146
94369,2884,48.901344330883,12.454474697125,rural,154274,48.902922525766,12.456342176511
94371,1874,49.081046309837,12.764368378514,rural,118345,49.09238202285,12.752577273383
94372,1551,49.037003556067,12.627735127698,rural,130612,49.03622274517,12.627641959224
94374,2927,48.918848065787,12.833991721828,rural,133920,48.914240043398,12.807521432708
94375,1496,49.06244769145,12.657998728542,rural,125182,49.081900932036,12.635138804353
94377,3086,48.951418433393,12.598437139733,rural,143310,48.951298703803,12.613484476247
94379,1615,49.014091991051,12.803195077041,rural,122759,48.995577503765,12.818246742137
94405,13243,48.65594754167,12.714448907499,rural,145302,48.676745465335,12.701247421844
94419,7916,48.574479571748,12.64192731885,rural,149755,48.576965572687,12.638701480989
94424,6544,48.555779653189,12.815838603012,rural,137247,48.562155150184,12.802944652137
94428,6831,48.639670149716,12.824454291483,rural,133179,48.636014326406,12.867109254118
94431,6686,48.69953048752,12.640660833126,rural,147493,48.695653430987,12.649949022787
94436,3830,48.570376675496,12.736030781069,rural,139627,48.552519937422,12.746063510003
94437,3051,48.650354369166,12.598303243769,rural,150077,48.658549456502,12.588131685877
94439,3064,48.580990928276,12.922070542279,rural,129624,48.593550833093,12.914205896712
94447,12924,48.784660597888,12.908544766527,rural,139209,48.795041240761,12.867258123051
94469,33356,48.836857626004,12.973935427202,rural,141501,48.823565993505,12.941091979204
94474,16823,48.623651733467,13.172664295533,rural,125897,48.61262363169,13.178003349164
94481,8871,48.849187500085,13.399583449546,rural,91684,48.878100873067,13.394187314687
94486,12239,48.688630002006,12.996762548579,rural,128829,48.655565124098,12.996929332912
94491,7510,48.767449720923,13.074317916011,rural,129376,48.765988569875,13.059911855712
94496,7484,48.55854985031,13.217103971781,rural,117704,48.548353999807,13.220234780682
94501,8797,48.587882917163,13.060515021937,rural,124191,48.582517282515,13.085292065299
94505,5052,48.914858309922,12.906608402276,rural,129844,48.900727098043,12.924635416534
94508,5117,48.775889725025,13.202412007052,rural,117610,48.758668800552,13.187074940759
94513,4140,48.836607574516,13.33102592144,rural,100278,48.849363736421,13.329081584511
94518,4162,48.926078552663,13.346151107508,rural,94930,48.887605589216,13.336176591613
94522,7088,48.740383264322,12.744524599185,rural,141776,48.738456238407,12.757812909818
94526,4388,48.855203888829,12.916095743753,rural,138465,48.850049370906,12.908070645049
94527,2408,48.737661184359,12.896167389366,rural,136224,48.736985933176,12.901211330287
94529,2548,48.680014909681,13.308950306473,rural,115478,48.6787508667,13.299584411352
94530,2189,48.809178593484,13.095667462399,rural,123804,48.802205726899,13.092243209054
94532,1475,48.733656783639,13.220762264248,rural,116923,48.722532229686,13.225066292648
94533,944,48.703768559439,12.936477549078,rural,132751,48.700364157356,12.941847744844
94535,4289,48.713564620653,13.268313673019,rural,115764,48.718759162551,13.267005732078
94536,1072,48.893574973696,13.305755482493,rural,97954,48.889555155877,13.296031688205
94538,3538,48.71483904303,13.322480416273,rural,111489,48.712272546404,13.338105967755
94539,2953,48.902742555446,12.980712990764,rural,126695,48.90145523723,12.974847932695
94541,1358,48.805382868972,13.155300835952,rural,117463,48.806909368131,13.148974472867
94542,2705,48.502664364199,13.14374079427,rural,116634,48.504602126055,13.14709152595
94544,3752,48.678835075517,13.16589834002,rural,123823,48.670983996241,13.122710886955
94545,3584,48.856950961093,13.513150863708,rural,82971,48.861335404445,13.508059685648
94547,2171,48.723743702361,13.167937102609,rural,121663,48.733310674311,13.141872786809
94548,1732,48.850535038472,13.270108326276,rural,103264,48.856300998659,13.270757710619
94550,3315,48.655785017347,13.065994078816,rural,126066,48.663821700749,13.078112336236
94551,2884,48.857363632233,13.125284860126,rural,116012,48.840935438203,13.137001875681
94553,1491,48.845973391557,12.821968441964,rural,138087,48.842806420681,12.802853595568
94554,2289,48.753709862535,12.958130513566,rural,134723,48.749124968863,12.955744661913
94556,2396,48.911600358198,13.476622232233,rural,82208,48.887009880838,13.472680433197
94557,1908,48.767902483472,13.026128689348,rural,131307,48.768189965325,13.019294370226
94559,2644,48.869705596995,12.781048716351,rural,136300,48.889436720193,12.802525402799
94560,3444,48.871185999225,12.871489621449,rural,137141,48.858524609243,12.896559260054
94562,1239,48.708332018161,12.833834274419,rural,136754,48.705924648302,12.825699018612
94563,2040,48.75936380104,12.815794302082,rural,138884,48.761370368248,12.799833696363
94566,1747,48.906586453858,13.38379167997,rural,0,,
94568,1410,48.9366649605,13.414874694379,rural,86672,48.884608698242,13.43153879786
94569,3212,48.805685337356,12.829456020475,rural,138528,48.8170885003,12.804112985625
94571,1505,48.851809302057,13.057648554484,rural,0,,
94572,1361,48.839379242061,13.223185412715,rural,108522,48.837270885496,13.223756208134
94574,1446,48.687379501197,12.87752120667,rural,134286,48.686243463659,12.875773579744
94575,5036,48.645550148274,13.253044581504,rural,119901,48.620970355814,13.232000398399
94577,4027,48.725200370188,13.095606441404,rural,125895,48.715053624542,13.091089014491
94579,1202,48.784849069073,13.259501929109,rural,109774,48.789820175667,13.259097178865
95028,21250,50.322960947082,11.935857472998,rural,0,,
95030,13567,50.304491960295,11.859888977138,rural,101418,50.330858529854,11.876176454106
95032,12534,50.286125908012,11.89969550409,rural,0,,
95100,16351,50.16297700199,12.132889494376,rural,90901,50.173170111136,12.155256395157
95111,9978,50.246751154925,12.065234244323,rural,93801,50.255616195849,12.041748799259
95119,8410,50.321017794226,11.687487703841,rural,104852,50.319473087438,11.686775598658
95126,7849,50.210635450314,11.910893007083,rural,106137,50.224249376615,11.944544361496
95131,5043,50.292812134573,11.606780904887,rural,106940,50.290828952882,11.633605825928
95138,3620,50.35755837087,11.636908162524,rural,92550,50.36273931246,11.653631342427
95145,5839,50.257208238277,11.930017909722,rural,109726,50.27151717168,11.921325559474
95152,4727,50.324070375386,11.758795957897,rural,102961,50.315857366156,11.744748018481
95158,3637,50.149178523049,11.954640710897,rural,108557,50.153134386168,11.954596180796
95163,3553,50.095285844144,11.898047206244,rural,116044,50.098644195226,11.890265171363
95168,3461,50.119212894714,12.016814446195,rural,105428,50.132338311361,12.010170614873
95173,3644,50.203201038142,12.079686247471,rural,94613,50.193133243213,12.089144962896
95176,3516,50.254590317825,11.839797222115,rural,0,,
95179,3173,50.336039004209,11.571849196112,rural,0,,
95180,2452,50.380988271597,11.779245797355,rural,0,,
95182,4227,50.287426839519,11.963860232996,rural,0,,
95183,5786,50.384692336065,11.905456255479,rural,0,,
95185,1152,50.327070188802,11.991710406696,rural,0,,
95186,1237,50.099573189856,12.080129627048,rural,0,,
95188,1130,50.376398796275,11.7184638445,rural,0,,
95189,2718,50.340294748885,11.846241464744,rural,0,,
95191,1335,50.297868169541,11.799138562489,rural,0,,
95192,1178,50.37888914906,11.667720630595,rural,0,,
95194,2604,50.305747275225,12.056519866685,rural,0,,
95195,2401,50.084559040391,11.972182267974,rural,112735,50.086605881116,11.958852073198
95197,2182,50.274631552999,11.731966040896,rural,0,,
95199,1268,50.116655409659,12.108904375125,rural,0,,
95213,11151,50.195687491347,11.771423873297,rural,117015,50.191555944063,11.800019033678
95233,9400,50.236140498408,11.692478372955,rural,115341,50.232195353477,11.72377616435
95234,1792,50.153758020155,11.84916278879,rural,0,,
95236,2574,50.143488532666,11.721201870382,rural,0,,
95237,1299,50.1841595114,11.860436752197,rural,0,,
95239,2218,50.138013318643,11.80044002648,rural,0,,
95326,28236,50.112220002781,11.445674669911,rural,138869,50.137356319695,11.397294441834
95336,6928,50.101017679148,11.35810224375,rural,0,,
95339,5170,50.110601330512,11.608768551353,rural,0,,
95346,3419,50.17677820346,11.516104446537,rural,0,,
95349,4597,50.003360865884,11.396903091067,rural,0,,
95352,3557,50.170955944438,11.630999601617,rural,0,,
95355,2056,50.235267157577,11.549172335967,rural,0,,
95356,1007,50.210881703467,11.624402396831,rural,0,,
95358,575,50.163957461367,11.57752645873,rural,0,,
95359,2682,50.038481091957,11.344336043505,rural,0,,
95361,1702,50.09655778119,11.510338102545,rural,0,,
95362,1102,50.141190744351,11.584906762671,rural,0,,
95364,1061,50.125155396614,11.565337235095,rural,0,,
95365,1091,50.200161372207,11.455114618072,rural,0,,
95367,1753,50.071460294618,11.54569726902,rural,0,,
95369,1962,50.135504573672,11.518566660619,rural,0,,
95444,12138,49.944172851952,11.576735157811,rural,0,,
95445,20659,49.955775989321,11.559576930824,rural,172874,49.957546213716,11.549080052856
95447,17509,49.924945736642,11.55822211608,rural,0,,
95448,24574,49.942559802684,11.614441527721,rural,0,,
95460,4550,50.048398513142,11.673831991876,rural,0,,
95463,7679,49.994161889759,11.609561491859,rural,156819,49.980703611271,11.623475950811
95466,7876,49.949172765597,11.734423234936,rural,0,,
95469,6308,49.864989631748,11.779974710756,rural,0,,
95473,7175,49.836772357804,11.64533417328,rural,0,,
95478,5605,49.864690820853,11.929603654837,rural,0,,
95482,4830,50.094033910101,11.731665315376,rural,0,,
95485,2356,50.005321090118,11.777329451642,rural,0,,
95488,5415,49.95613005465,11.469164385379,rural,0,,
95490,4017,49.906302040768,11.420729227812,rural,0,,
95491,2390,49.850259703725,11.432265136189,rural,0,,
95493,2072,50.057457234294,11.807827519484,rural,0,,
95494,1366,49.899931525969,11.539061144777,rural,0,,
95496,1459,49.891215715012,11.443725556783,rural,0,,
95497,3816,50.001129870162,11.699453982486,rural,0,,
95499,1066,50.035760160707,11.565909497227,rural,0,,
95500,3933,49.9805618945,11.522761014265,rural,0,,
95502,3655,50.057955787403,11.608757994331,rural,142109,50.057369582373,11.586564985971
95503,2522,49.886192197253,11.501631443158,rural,0,,
95505,1986,49.921375283171,11.855738887439,rural,0,,
95506,1498,49.823938248775,11.912036084305,rural,0,,
95508,2478,49.911969260275,11.908839330082,rural,0,,
95509,1535,50.097528946985,11.658962627616,rural,0,,
95511,1713,49.911384935669,11.507628026545,rural,0,,
95512,4125,50.026487094785,11.486398500415,rural,0,,
95514,1289,49.831003140101,11.842806913191,rural,0,,
95515,938,49.890855526185,11.339972945281,rural,0,,
95517,2490,49.882531878165,11.693264890125,rural,0,,
95519,2044,49.800520950955,11.743532949842,rural,0,,
95615,18366,50.010515903584,12.102849828954,rural,116391,50.013669461439,12.101460270455
95632,10149,50.033476665383,11.984293484897,rural,113362,50.040801708007,12.021552617504
95643,9695,49.892937210225,12.357540698001,rural,0,,
95652,7343,50.019045299199,12.293133715254,rural,0,,
95659,5781,50.046550798218,12.175134269758,rural,97968,50.059325116116,12.174433321549
95666,8424,49.941441529343,12.268604599689,rural,90761,49.982594242378,12.278646892581
95671,3510,49.805577605154,12.410604787057,rural,0,,
95676,4377,49.906720065337,12.184550274345,rural,0,,
95679,4687,49.946079425505,12.07678750485,rural,0,,
95680,1188,50.009704693521,12.026001422579,rural,0,,
95682,1264,49.957556737393,11.896877512973,rural,0,,
95683,1413,49.947943122299,11.93633914908,rural,0,,
95685,1030,49.855855839155,12.223804657393,rural,0,,
95686,2048,50.008359773737,11.844236051416,rural,0,,
95688,1361,49.89101999823,12.105793041752,rural,0,,
95689,1767,49.921349125547,12.132330313742,rural,0,,
95691,1558,50.106708639555,12.184314036253,rural,0,,
95692,1996,50.002662449096,12.220601163577,rural,0,,
95694,1485,49.979149601501,11.863648074731,rural,0,,
95695,1955,49.890541139921,12.483214558157,rural,0,,
95697,1948,49.981191023344,11.93492891606,rural,0,,
95698,1509,49.959332820752,12.42497178367,rural,0,,
95700,2051,49.940393378891,11.97071793504,rural,0,,
95701,1477,49.972382824812,12.169248611911,rural,0,,
95703,3546,49.795887204189,12.316562660591,rural,0,,
95704,1912,49.919073024015,12.006854096123,rural,0,,
95706,1403,50.07766403427,12.240263460144,rural,86167,50.082817334619,12.237804923789
95707,2021,50.08010118805,12.129183334111,rural,101125,50.078260475199,12.121504296666
95709,2611,50.02722871628,11.906688631046,rural,119280,50.007943436065,11.945103223269
96047,11394,49.890010100234,10.893479703628,rural,0,,
96049,21758,49.882109445643,10.871795828874,rural,0,,
96050,18636,49.883579467104,10.925703902773,rural,0,,
96052,22902,49.910306314974,10.896625439013,rural,193232,49.91012247566,10.854097352531
96103,9006,49.928317112579,10.872381322055,rural,194728,49.922184453556,10.872534966465
96106,7677,50.088175846842,10.739841572207,rural,138511,50.088553303193,10.787856443803
96110,7546,49.979369957446,11.051745549451,rural,163938,49.971214605999,11.020052966527
96114,12284,49.79748914767,10.948123159032,urban,186780,49.821501610366,11.003290142416
96117,9301,49.939957207658,10.966523071066,rural,183650,49.918783801409,10.970666102691
96120,6348,49.902343806664,10.805801112224,rural,0,,
96123,6365,49.909861794612,11.027216037979,rural,0,,
96126,4374,50.194628882184,10.651493971109,rural,114580,50.200913241403,10.644441453092
96129,8184,49.870209126396,10.988807301045,rural,0,,
96132,5948,49.765789215627,10.627626207931,rural,154698,49.764102832396,10.613561691914
96135,7125,49.858818393239,10.847266857078,rural,193083,49.84943218432,10.878123500362
96138,6889,49.82368151828,10.740572234245,rural,172971,49.827164753088,10.764282016512
96142,5534,49.930318435172,11.298397555067,rural,0,,
96145,4306,50.194757565904,10.810075702493,rural,128300,50.185266211214,10.838918575705
96146,2074,49.796769102982,11.0069524743,urban,0,,
96148,4237,49.991040497063,10.825504573002,rural,0,,
96149,4756,49.96814645507,10.910361311993,rural,169329,49.978369150219,10.886382386164
96151,1114,50.018120992732,10.710826061938,rural,147532,50.014489482589,10.703859486283
96152,2606,49.732602733686,10.541615887935,rural,153649,49.730856095751,10.605386691008
96154,1388,49.826548280371,10.595073642785,rural,0,,
96155,3639,49.823710304795,11.072933356612,urban,0,,
96157,1983,49.838777660208,10.498489235524,rural,0,,
96158,5157,49.810919699129,10.87032065718,rural,0,,
96160,2528,49.765040704379,10.479495928239,rural,141403,49.773578522685,10.467308671196
96161,1015,50.032365243128,10.789293280034,rural,0,,
96163,3464,49.936631076456,10.921009212743,rural,0,,
96164,2706,49.956920616317,10.864668503666,rural,0,,
96166,1475,50.045237918785,10.700575183026,rural,143506,50.041192330618,10.720208358416
96167,1426,49.941108601543,11.167355797831,rural,0,,
96169,1222,49.976376570869,10.772543631203,rural,0,,
96170,3511,49.894883287649,10.719911061464,rural,0,,
96172,1761,49.759207193212,10.755693583121,urban,0,,
96173,4767,49.942747911977,10.816605932332,rural,175548,49.935716666441,10.809429369679
96175,2079,49.832723276083,10.925786831345,rural,0,,
96176,1601,50.145777600525,10.729735108306,rural,126314,50.147847383201,10.741421569999
96178,3051,49.77285010282,10.815440084277,urban,0,,
96179,4790,50.027588323944,10.876715264536,rural,0,,
96181,3209,49.907009291473,10.551016745662,rural,145511,49.887963282143,10.556909586912
96182,2134,50.027916001112,10.836298555472,rural,0,,
96184,1643,50.056549858883,10.811729579758,rural,143476,50.063230847985,10.797781791193
96185,2044,49.864649107498,10.672019159666,rural,0,,
96187,1345,49.9908317919,11.16350828174,rural,0,,
96188,1238,49.97574055005,10.729375187968,rural,155814,49.969883972646,10.717762002938
96190,1815,50.125444530893,10.842609287347,rural,136168,50.126868570223,10.859133907981
96191,3725,49.922950852,10.75232624186,rural,170840,49.92397677235,10.773134495546
96193,2239,49.762300946727,10.706141480463,urban,0,,
96194,2700,49.870289577916,10.775210537931,rural,0,,
96196,737,50.028005322127,11.123707780786,rural,0,,
96197,1250,49.986648811,11.308668595373,rural,0,,
96199,5231,50.014637783462,10.951591504593,rural,0,,
96215,21396,50.169392046119,11.047159971633,rural,145513,50.151282843195,11.093884029824
96224,7003,50.139807133417,11.287364038979,rural,141554,50.13877366515,11.272286324408
96231,10891,50.098084932353,11.037049931236,rural,147005,50.09412852427,10.99435696494
96237,6377,50.237989314193,11.07384748442,rural,140138,50.212725809666,11.092039891863
96242,5244,50.235793138549,11.149657719187,rural,138540,50.214945201074,11.142806492619
96247,6867,50.174645915343,11.122442591185,rural,144902,50.165203140396,11.124507090923
96250,5896,50.063115278865,10.97681820354,rural,148370,50.07393747211,10.960929311381
96253,4366,50.206668504389,10.95977907721,rural,140438,50.197252920605,10.960968604644
96257,4958,50.180287474916,11.209135640156,rural,141363,50.173697832313,11.1984840731
96260,4994,50.058630019375,11.24160334789,rural,142178,50.105340451837,11.239932110443
96264,5763,50.122207395344,11.211986619733,rural,141649,50.119470274836,11.265153178143
96268,3033,50.247580433914,11.227026157801,rural,128343,50.250919625361,11.218866172786
96269,2745,50.169842151814,10.933549712183,rural,0,,
96271,3161,50.234355634596,11.02622645836,rural,140754,50.226893845163,11.020423275645
96272,1774,50.1418440506,11.171872938953,rural,0,,
96274,2431,50.134058065788,10.897294151071,rural,137582,50.121280805664,10.873431551863
96275,1704,50.169562121619,11.171903802499,rural,0,,
96277,1182,50.21569583249,11.194956127769,rural,0,,
96279,3334,50.204651773049,11.14281811324,rural,0,,
96317,18265,50.253277664229,11.314619890892,rural,122107,50.275823409002,11.317543855218
96328,8359,50.203043270959,11.265634760209,rural,137430,50.192227098483,11.270500560768
96332,4269,50.363661569035,11.323499496208,rural,104496,50.339738816485,11.298735572198
96337,3771,50.482557928766,11.374048198037,rural,69468,50.49286570869,11.379413818821
96342,5442,50.309776361922,11.290905125954,rural,0,,
96346,3074,50.279487384331,11.505177476367,rural,111993,50.275401888054,11.454061785256
96349,3794,50.323555741834,11.453471388661,rural,108905,50.291209805946,11.460070412425
96352,4112,50.308874050445,11.370152873415,rural,0,,
96355,2406,50.456796517111,11.278042109452,rural,75131,50.464867792315,11.251313090404
96358,3013,50.403127398213,11.399116582291,rural,89572,50.394991025334,11.386010770093
96361,3511,50.427844406859,11.325883574452,rural,79761,50.438411541387,11.383928558584
96364,4070,50.247751397362,11.413476834401,rural,119370,50.256690713503,11.398240810791
96365,1953,50.376817029974,11.501523159195,rural,93336,50.360208886312,11.5077410416
96367,597,50.412387388755,11.458668121713,rural,0,,
96369,3210,50.187794449739,11.34150097025,rural,0,,
96450,43478,50.270682754881,10.950747540458,rural,137138,50.288129908738,10.953046967125
96465,16346,50.323982956055,11.110168655878,rural,112239,50.341553062168,11.113915769595
96472,14070,50.300653034396,11.036841498107,rural,131932,50.293238421077,11.04479539952
96476,6711,50.335366926972,10.782637559706,rural,99389,50.338033470601,10.796025449351
96479,5290,50.243381592309,10.871936170475,rural,130512,50.263376860585,10.898221567261
96482,4527,50.223565286654,10.925125876371,rural,140656,50.236060932315,10.956832414221
96484,4045,50.326733254546,10.895985394162,rural,116045,50.31586080564,10.908435599871
96486,4332,50.34081664715,10.969192861966,rural,132597,50.294990237495,10.973026583373
96487,3896,50.288623509171,11.001775075938,rural,136406,50.281395395817,11.003214759522
96489,1673,50.219050213508,10.989595748862,rural,0,,
97070,12717,49.794353378992,9.9340901603251,urban,0,,
97072,17803,49.78098583981,9.9358983925017,urban,0,,
97074,18109,49.783602580468,9.9632964053145,urban,0,,
97076,11607,49.807969773108,9.9912570699121,urban,179867,49.794499973695,9.992378902082
97078,12977,49.82442362678,9.9657286785369,urban,0,,
97080,15108,49.818274750827,9.9218545905014,urban,0,,
97082,18355,49.759909208843,9.9117566753299,urban,0,,
97084,24817,49.741274197262,9.9551771234673,urban,162663,49.729998670305,9.9625079724032
97199,11700,49.65876988562,10.047852435887,urban,133655,49.663229557671,10.079649489259
97204,9528,49.775326689344,9.8647048612935,urban,163170,49.772824991808,9.8725249941126
97209,10246,49.840484339253,9.8874262676592,urban,167150,49.83056764634,9.9049268309487
97215,8647,49.52286896164,10.206216852847,rural,120847,49.547608143202,10.222606384891
97218,6480,49.780979102286,10.000282309712,urban,0,,
97222,8028,49.911376247476,9.9570217413902,urban,163130,49.843728414521,9.9683753084306
97225,6772,49.894436343294,9.7795711912007,urban,133545,49.890922963612,9.8244369014317
97228,5695,49.79235462201,10.039071873046,urban,175608,49.791138287535,10.005286130816
97230,5084,49.821858953365,10.01993713175,urban,0,,
97232,5471,49.6470011056,9.9352660167323,urban,0,,
97234,4237,49.718496932072,9.9073886543077,urban,135286,49.689512572871,9.9452749103943
97236,3496,49.759810612511,9.9922503573082,urban,0,,
97237,2147,49.727548993882,9.74491148357,urban,0,,
97239,1616,49.547605056715,10.040702724427,urban,0,,
97241,4843,49.89436060672,10.08768830563,urban,0,,
97243,1028,49.507759236275,10.013433755554,rural,0,,
97244,1363,49.602751570346,9.8889569617393,urban,0,,
97246,2946,49.72414162029,10.012079485238,urban,158499,49.731053834394,9.9917182263429
97247,1355,49.886050801888,10.154689666367,urban,0,,
97249,3632,49.759154054133,9.823779327061,urban,0,,
97250,1776,49.856652413013,9.8403412640085,urban,0,,
97252,1361,49.676668293246,10.102613900246,urban,0,,
97253,2638,49.62665199548,9.9952238722303,urban,0,,
97255,1722,49.579385922111,10.016147283754,urban,108530,49.571972955356,10.014995672597
97256,1340,49.681699627004,9.8815943310102,urban,0,,
97258,3579,49.579544355487,10.129538497766,rural,0,,
97259,1681,49.82184160888,9.7627313359168,urban,0,,
97261,4550,49.872756995659,9.8988220062736,urban,0,,
97262,2540,49.921449016119,10.022883770934,urban,0,,
97264,2758,49.757667942719,9.7113830149505,urban,0,,
97265,3938,49.805912699743,9.8138249357346,urban,0,,
97267,1725,49.924525152373,9.7866137095428,urban,0,,
97268,2275,49.661308760834,9.8524082358915,urban,0,,
97270,2613,49.730008560641,9.8203512851834,urban,140500,49.747024760479,9.8343186387769
97271,2169,49.702160546945,9.8447837777823,urban,0,,
97273,4724,49.839704497948,10.054580944283,urban,154889,49.850823102495,10.028187388343
97274,3285,49.853971907738,9.8003088255434,urban,0,,
97276,3344,49.837449799227,9.8551647269899,urban,0,,
97279,1242,49.86478890675,10.121781666088,urban,0,,
97280,1594,49.815636593222,9.6992154687926,urban,0,,
97282,1678,49.908863463591,9.8880909592341,urban,0,,
97283,810,49.559989911875,9.9536813935835,rural,0,,
97285,2738,49.51202451314,9.9543462025021,rural,94914,49.506510055641,9.9711758063477
97286,3310,49.703249017383,10.005866337749,urban,0,,
97288,2510,49.759699127234,10.032702325014,urban,0,,
97289,1437,49.938982707961,9.8634534030818,urban,0,,
97291,2741,49.87976568149,9.8520112856213,urban,0,,
97292,2998,49.790860640554,9.7312038848912,urban,119013,49.795003342591,9.7138682082056
97294,2947,49.880734395356,10.028003564875,urban,0,,
97295,2754,49.75898385601,9.7865240076943,urban,0,,
97297,5127,49.781932036702,9.8238964998417,urban,152452,49.796455219914,9.8412636183062
97299,4546,49.807770846572,9.8636382797044,urban,161271,49.813707166968,9.8710778284329
97318,22730,49.734382577962,10.171328802619,urban,149189,49.739919190392,10.190811056041
97320,8586,49.768131311531,10.133299415697,urban,151795,49.746876610944,10.16512383937
97332,9148,49.855673933379,10.260942820923,urban,145362,49.860068657772,10.23443393388
97334,2494,49.850077549223,10.185940034518,urban,145459,49.840602920436,10.192303466388
97337,7327,49.816118342409,10.144700369294,urban,148802,49.794480874076,10.153732584722
97340,5744,49.640279038323,10.1274884897,urban,132179,49.654248183441,10.156657120192
97342,4904,49.654349059612,10.194067637775,urban,133458,49.656419106118,10.182367329532
97346,4744,49.656019393529,10.333004421411,urban,136826,49.695633859734,10.245147916571
97348,4782,49.667543965481,10.241055069069,urban,136504,49.696828214563,10.252953451992
97350,2407,49.710390575706,10.214646311361,urban,141649,49.713605614886,10.214907990529
97353,5017,49.796850412177,10.332820560083,rural,141718,49.794345849718,10.334281928506
97355,5371,49.753180340635,10.363605512708,urban,139136,49.761256323306,10.330925858423
97357,3346,49.838253312594,10.348982128203,rural,142013,49.83131650242,10.325998178773
97359,3743,49.809306775878,10.229292830239,urban,143524,49.800744879106,10.233519063806
97421,17296,50.044338680439,10.223903491049,rural,0,,
97422,21988,50.062135681678,10.242837972066,rural,0,,
97424,15856,50.028276653409,10.205570070339,rural,162887,50.036215617423,10.241998436613
97437,13793,50.047102897153,10.506992624054,rural,142486,50.033161639084,10.513087562287
97440,10893,50.003001777169,10.082481431029,urban,0,,
97447,8157,49.900640716176,10.324728443929,rural,145014,49.911313928737,10.338322778139
97450,8636,49.98941032223,9.9594320941343,urban,130559,49.976150204458,9.9599046750716
97453,8169,50.07169781197,10.350190720743,rural,0,,
97456,7510,50.12100864327,10.20364227834,rural,0,,
97461,5417,50.13899489771,10.534978657853,rural,125478,50.135351628206,10.531269107198
97464,8409,50.069593507986,10.170890998709,rural,0,,
97469,6619,50.017831662623,10.288472338582,rural,0,,
97475,5976,50.026579494227,10.59776863524,rural,143686,50.011234001482,10.586633261251
97478,6751,49.963260079509,10.521282544099,rural,142671,50.000780050275,10.542111343208
97483,5600,49.963542013563,10.661880127598,rural,153355,49.97118607486,10.675211040808
97486,3920,50.089706407758,10.561970016148,rural,133776,50.084888268681,10.560152347978
97488,4397,50.183119835221,10.386005654886,rural,0,,
97490,4434,50.095885021361,10.146324336898,rural,0,,
97491,1905,50.157028466632,10.457278383425,rural,121028,50.153524166118,10.441523566539
97493,5402,50.007271565235,10.164275443261,urban,150973,50.028941098756,10.157689548932
97494,1002,50.206704389422,10.524347093258,rural,109352,50.21616054554,10.525522891406
97496,1500,50.136678085174,10.624389932444,rural,123527,50.141988800705,10.649698100741
97497,1364,49.909299786584,10.395720456437,rural,0,,
97499,2050,49.9630514345,10.410055212841,rural,0,,
97500,3973,49.990390247743,10.685303568595,rural,151357,49.982547901486,10.669845761215
97502,3174,50.068114336549,10.09108494663,rural,0,,
97503,1307,50.022688874982,10.377155310647,rural,143732,50.019094818253,10.361254825715
97505,2618,50.044098867827,10.154711270211,urban,0,,
97506,3603,49.998167906154,10.208675902074,urban,0,,
97508,4360,49.987008170217,10.340947432454,rural,0,,
97509,5718,49.92751787479,10.259338763509,rural,0,,
97511,851,49.873336403081,10.351676651941,rural,0,,
97513,1208,49.922693402949,10.444274325669,rural,0,,
97514,4232,49.924205581877,10.652457907921,rural,155922,49.923032839343,10.668286373225
97516,1485,49.861790178098,10.420928019662,rural,0,,
97517,1242,50.16778214616,10.204424845309,rural,123684,50.165428478045,10.207541976578
97519,1850,50.106551036948,10.438618801488,rural,129012,50.107163621926,10.450531519715
97520,4852,49.967434984285,10.221015037442,rural,0,,
97522,3272,49.977401586682,10.589905720551,rural,145316,49.986294477863,10.579886404456
97523,2002,49.922974998553,10.130722800266,urban,0,,
97525,4121,49.990373392305,10.255880281252,rural,0,,
97526,4286,50.041918325061,10.262634016035,rural,0,,
97528,1190,50.246133589184,10.565610890257,rural,0,,
97529,2096,49.943758443554,10.339713739836,rural,0,,
97531,2855,50.028696014206,10.428334137889,rural,140560,50.026443230387,10.446306153653
97532,4114,50.117807679841,10.28387244432,rural,0,,
97534,3020,49.955503949402,10.142175475454,urban,0,,
97535,3632,50.073311167451,10.025468878837,rural,0,,
97537,1159,49.921446332168,10.170496451303,urban,0,,
97539,2050,50.003348342105,10.469309199413,rural,141589,50.018931904687,10.48579385728
97616,18486,50.32010884606,10.216991952474,rural,97920,50.335632710205,10.196295440587
97618,14368,50.338582098348,10.303857810058,rural,0,,
97631,6284,50.278125589581,10.481792681117,rural,98639,50.29764553388,10.451727049906
97633,9585,50.344586973019,10.441848871434,rural,0,,
97638,5991,50.437807750167,10.331978452794,rural,76393,50.437707295885,10.305068780422
97640,3915,50.396575675173,10.295642626111,rural,0,,
97645,3626,50.456847005594,10.226679556735,rural,71374,50.45847891499,10.244723556205
97647,3566,50.490315628561,10.131012681609,rural,0,,
97650,2341,50.524868955809,10.166140301237,rural,0,,
97653,5157,50.402748873119,9.999935709412,rural,71485,50.41380278744,10.011040050598
97654,2285,50.403549172657,10.182280330072,rural,0,,
97656,2953,50.438211395423,10.071708306731,rural,0,,
97657,2755,50.336880381226,10.034364760338,rural,0,,
97659,1356,50.360862109784,10.1004952766,rural,0,,
97688,22206,50.209240498321,10.06026522649,rural,0,,
97702,8408,50.256045384827,10.275991672135,rural,109642,50.25763771157,10.250998221163
97705,8162,50.277955346942,9.9722084427202,rural,96551,50.277028893524,10.004736353508
97708,4742,50.268247430988,10.065596983299,rural,103906,50.261746759112,10.062407529866
97711,6040,50.191932006536,10.278433133106,rural,118993,50.189699409537,10.299142225861
97714,5277,50.152137972143,10.13211665176,rural,0,,
97717,3532,50.154629474115,10.033447218233,rural,118275,50.155720223146,10.041895522263
97720,4304,50.219202821913,10.131554094161,rural,112528,50.228435910932,10.124167925281
97723,5352,50.199046014911,9.9394704112259,rural,105313,50.200294155325,9.9676054339365
97724,1753,50.275339364214,10.174166716537,rural,0,,
97725,3091,50.122774416035,9.9751887392659,rural,111487,50.141817321265,9.9665203139535
97727,1909,50.092206807517,9.9369566079402,rural,114092,50.098470173225,9.9359619194557
97729,1227,50.13141038029,10.077368461251,rural,0,,
97737,11106,50.044224140563,9.7043978383542,rural,103438,50.060351728552,9.6807930625913
97753,15794,49.96225011228,9.7458691188733,urban,120434,49.97399682644,9.7726661788077
97762,11924,50.108443217997,9.867935695063,rural,109837,50.117755309641,9.8787143468845
97769,6877,50.305922798349,9.7838871683183,rural,77442,50.304573763914,9.7805342034381
97772,3297,50.362535015748,9.8538239969164,rural,70452,50.378969299692,9.911520201699
97773,1089,50.19118705474,9.5441652745791,rural,0,,
97775,2670,50.148738076394,9.6459626438988,rural,86660,50.153342650121,9.6538397532129
97776,3406,50.011111989723,9.8394378174923,rural,116505,50.008723522223,9.8277062858391
97778,916,50.133564766945,9.5487938132775,rural,0,,
97779,985,50.289895934453,9.9004377718674,rural,86795,50.277707265402,9.8962424949509
97780,1339,50.017688465695,9.780630546001,rural,0,,
97782,1516,50.1219252552,9.7183853332445,rural,0,,
97783,1897,50.065584706694,9.7862147280094,rural,0,,
97785,907,50.190355916407,9.6360456614231,rural,0,,
97786,1862,50.389619019783,9.7695187044638,rural,60281,50.396737935957,9.770730673906
97788,919,50.034336900499,9.6229866828109,rural,0,,
97789,2175,50.274781483076,9.8073589509968,rural,81466,50.275144156973,9.8051382407365
97791,1052,50.215243586408,9.6305653618144,rural,0,,
97792,1059,50.321461724116,9.8806862281891,rural,77882,50.320076287168,9.8631706354743
97794,2187,50.099867601962,9.6311724560426,rural,95717,50.094119334886,9.6605473487194
97795,1856,50.253057769576,9.8592235467507,rural,85599,50.266393227872,9.8582821450309
97797,2301,50.177806872476,9.7825711602275,rural,92242,50.154814995423,9.761626830451
97799,2260,50.248271430347,9.7169884588217,rural,71473,50.26230266443,9.6702853516589
97816,16170,50.003412110116,9.5833285063913,rural,108786,49.987372117882,9.5741051769519
97828,11442,49.842299087673,9.5618105622478,rural,113214,49.840750077933,9.5633853406057
97833,4839,50.063080903075,9.4477512906132,rural,96332,50.052718375079,9.4958387740419
97834,2266,49.860860482485,9.7167085510931,rural,0,,
97836,1961,49.87947049675,9.4664487911764,rural,0,,
97837,2577,49.822536584006,9.643185069741,rural,0,,
97839,2084,49.850234781058,9.528755781208,rural,106183,49.848868581036,9.5093980953338
97840,2023,49.877022954183,9.5734258574778,rural,0,,
97842,1501,49.864399502145,9.6482684804093,rural,0,,
97843,1275,49.971629224561,9.468435108962,rural,0,,
97845,1317,49.937461223377,9.5516768306823,rural,0,,
97846,3018,50.048670380705,9.5206981683604,rural,99479,50.03695794948,9.52332358181
97848,1089,49.981552711231,9.5287694953662,rural,0,,
97849,1072,49.907341264635,9.6258871000231,rural,0,,
97851,1062,49.904142099487,9.5660964427625,rural,0,,
97852,975,49.827875523154,9.4860044178904,rural,0,,
97854,2357,49.950752809352,9.6493159711645,rural,112590,49.953636168766,9.6636117800614
97855,4519,49.802685434193,9.6020656232895,rural,0,,
97857,1455,49.90454795056,9.6779721000489,rural,114661,49.908681545397,9.6737934161258
97859,1461,50.013079497995,9.4639947784749,rural,0,,
97892,4051,49.786837381783,9.5289958488039,rural,97291,49.769833280474,9.511507191456
97901,1369,49.839587697072,9.4068643808363,rural,0,,
97903,2166,49.785592753589,9.3355669685644,rural,0,,
97904,1918,49.792821637155,9.3721323144661,rural,0,,
97906,2825,49.794377275182,9.4509879512127,rural,0,,
97907,1498,49.801763539374,9.4848910352557,rural,0,,
97909,1649,49.799842041877,9.4020756840192,rural,0,,
89447,802,48.68002355,10.319282575963,rural,0,,
97277,2333,49.7206277,9.6708452861553,urban,0,,
