zipcode,centroid_lat,centroid_lon,regional spatial type,population,capacity,rc_centroid_lat,rc_centroid_lon
0,54.29005606213463,10.647208846107766,rural,8857,0,54.29518306145861,10.64418407769075
1,50.998167380555735,14.86380861469874,rural,2510,0,50.994201657527626,14.8607899551896
2,50.77731425371574,6.822911801220147,rural,7319,0,50.76232233510532,6.826002195524924
3,53.02191285545304,9.463830686999575,rural,902,0,53.03346763656099,9.459170704658495
4,50.62369413412323,8.20512725978273,urban,343,118939,50.610061245130645,8.209063221088519
5,48.97659262443175,9.06511232877903,rural,18326,135159,48.97098600831941,9.0604057176427
6,48.898052668309234,8.94821683245303,urban,9834,0,48.89737455784801,8.942749899616434
7,49.06512067859306,8.750230948732003,rural,3257,123134,49.055605312181854,8.756015132253767
8,51.87669275580793,8.118055051265687,rural,14488,0,51.88401953776378,8.113396857700774
9,47.83448333774332,6.752841562272515,urban,13687,0,47.825675240722624,6.765019213617701
10,50.02693590734136,10.73597574446238,urban,17685,0,50.02128861621909,10.740252326135732
11,47.95200933171079,7.080261401759199,urban,5639,99711,47.95635862132531,7.060942778307912
12,50.32323159950033,13.920740737549462,urban,13213,0,50.33619208286294,13.913020138133216
13,49.53501274899059,13.961267620538171,urban,2390,0,49.54488509746286,13.960529021197235
14,51.31310574954382,7.189981580280577,rural,2246,0,51.28971478065114,7.1902943109950845
15,50.82662026362757,11.852479839568318,rural,7074,0,50.84557476804427,11.861196088055204
16,50.99062736371569,11.344730957743089,urban,3020,0,50.98809599458018,11.34656149919153
17,52.53042383665245,10.67090659096692,urban,1347,121738,52.54140177948328,10.67617524607074
18,49.81450397051275,11.58965098733945,rural,8007,115449,49.81674327536307,11.589007978044492
19,53.660021153385685,11.865910655870149,rural,3481,0,53.65913586494606,11.87590978213656
20,50.35352408112743,10.543147771592318,urban,0,0,50.358565723953085,10.559929591257418
21,50.490666085165394,13.671137576032834,urban,16292,118732,50.487079274834194,13.674664229365614
22,54.00281871600517,6.634053762060326,rural,19794,0,53.99192312333635,6.6308182859690765
23,51.78813079373032,12.933900669661362,urban,2395,0,51.77400431443444,12.938315978474805
24,52.08922730597662,14.182771557111758,rural,13982,113385,52.08043774540452,14.177393178314118
25,47.79441484804987,12.234101982693096,rural,4878,0,47.79675510875875,12.215226300644735
26,50.43626795651959,5.943920236200418,rural,7935,76512,50.42966680277373,5.93500493220448
27,54.719172314771,12.631421143972847,rural,12627,0,54.727111309999664,12.620948689420246
28,48.11287177622702,10.64315832331947,rural,216,0,48.11250903419377,10.638262691135765
29,48.796664275805696,12.3313768750236,rural,13756,0,48.79640919424858,12.323016589859192
30,52.613006043806735,10.538167569920276,urban,4489,127238,52.60130962362171,10.5336842917707
31,52.53836564521888,6.972359629866519,urban,6256,0,52.54354921617889,6.971811731124669
32,53.4042662670213,14.751999765183836,rural,19254,0,53.40057247762276,14.73195568687879
33,54.8916267258857,10.616725808763888,urban,6766,0,54.8937280381098,10.622277671818685
34,50.35452002930518,8.389469271814821,rural,6595,123584,50.3649041628729,8.393178988956118
35,52.52777567454084,12.561543031341818,rural,13779,120385,52.51269754685813,12.572233141882364
36,49.1853887645398,14.139765160863211,urban,17995,102563,49.1957466711794,14.13906059017016
37,51.97763484005816,11.812694819869009,urban,2738,0,51.97799669856405,11.833671564090537
38,48.53024236018306,10.464846044411775,urban,8975,113200,48.52508333004027,10.468631374040925
39,48.12556952384411,14.254737981614747,urban,18885,88872,48.108483494488986,14.249133199628345
40,54.04970459123339,7.329821673593024,rural,11392,0,54.054744579888826,7.33007310335499
41,54.843562915690086,6.624848288212099,urban,588,73562,54.833907581889925,6.626904178282714
42,54.21649165772613,8.698864912417346,rural,702,0,54.22350054120596,8.712520556554995
43,51.723628770962925,7.443966238790554,rural,3011,104277,51.71158142479303,7.446089227916547
44,49.29111905690162,5.886706249360933,rural,10905,70968,49.29325986516594,5.890244908650007
45,50.75721813338771,11.646644584604712,urban,19581,132964,50.761262627667634,11.6560523930226
46,50.59703226689532,12.942109592825371,rural,17918,0,50.59716985757917,12.941874369704356
47,53.268765010022136,10.70746064444246,rural,6663,129378,53.269664758383854,10.695983379214544
48,53.87081635910963,14.851253404118768,rural,437,81921,53.86639192492239,14.869658290111138
49,53.19957859025623,14.661407746226033,urban,8796,0,53.20371173804288,14.647317944348035
50,51.86489333432825,6.54232311761084,rural,6365,0,51.85523229185627,6.536167915225254
51,51.86625118928737,13.42349516622686,urban,17726,120613,51.8545225409695,13.42367284748261
52,51.41654181054104,12.239635074260011,urban,16979,141608,51.4163617688386,12.24387497917647
53,49.54005409042413,14.070100970971769,rural,6566,98029,49.53942262785575,14.06485370540057
54,47.76169263441279,8.307194205002709,rural,8836,82252,47.76117790962503,8.320405622911048
55,53.68850459670863,13.669240639001572,rural,4373,0,53.692960391177465,13.68066484026847
56,51.19063119997261,12.756633759703504,rural,7778,0,51.184409030743815,12.7610116981679
57,51.8545277331213,6.73391187994251,rural,7421,120548,51.861520653925936,6.7293825837753305
58,51.64872854060316,6.477036739214795,rural,14446,106424,51.65570299369151,6.464460500152262
59,48.60156343804377,6.793822447111836,urban,18605,103200,48.59292939465002,6.812645418690172
60,51.22725045740735,12.067741721859065,urban,17503,122592,51.23214530255328,12.056648373521936
61,54.70240659358856,12.03267307362188,urban,2728,115306,54.71318730999366,12.037890734013631
62,52.89228182830655,11.177913383147924,rural,14181,0,52.889338666799496,11.193663755687714
63,50.79693308294207,11.134625033369364,urban,9832,0,50.79569998279308,11.130778406129291
64,49.352646977990034,6.824915490343141,urban,2346,97344,49.3423234604415,6.82718255851416
65,53.51157629597448,10.50488922486072,rural,16682,0,53.49937543226374,10.50018264576271
66,54.8248172152684,13.475340880578164,rural,17459,104786,54.84562496994147,13.483868523438517
67,52.29900137436108,10.22577388608801,urban,4351,0,52.3173567049802,10.22804750826121
68,47.351154002704725,13.356060991330612,urban,3266,52233,47.34590345145804,13.347417150889768
69,54.36924008439798,9.121419580196193,urban,17857,0,54.36842471661264,9.133555440834456
70,53.73474372824184,9.296912906547856,rural,8473,110023,53.73185516629128,9.3042049602175
71,49.06838691581704,9.922519051453737,rural,10318,133114,49.06751601817688,9.935354754544395
72,53.56527747316966,14.648489876395946,urban,17407,150807,53.563563846838335,14.662749080645566
73,50.66492118657143,12.157401847889115,rural,7996,101800,50.691829514121125,12.140394139502122
74,53.62635317060879,12.278827126636116,rural,8006,127193,53.62710682324784,12.268760113758097
75,50.26531073124061,8.507912784726733,urban,9335,0,50.2652415945896,8.499199454105035
76,52.99644613473479,11.788590363439797,rural,6593,122942,52.991771706344586,11.791886543010913
77,49.91450645703491,5.869378068296152,urban,3049,0,49.91034251844658,5.887673218800755
78,55.08228337627385,13.380159247737051,rural,8361,0,55.08861418509076,13.390387161055578
79,54.68238268748251,6.251021847778121,urban,14431,93743,54.66185808689363,6.246219716847327
80,48.32174307183031,8.006321237733268,urban,8607,99946,48.32602054886374,8.00244341603506
81,47.64916533750604,7.461814886618297,urban,1009,0,47.65867489758987,7.447288351359853
82,49.19426687530766,8.90225384937025,rural,6032,118500,49.18033066035884,8.89365551454235
83,51.871835073222925,14.052744655317866,rural,5099,0,51.864932610189015,14.043171667043188
84,52.71074347914111,13.971332552768638,urban,2885,0,52.72142973810457,13.965937545509965
85,51.05413002701986,9.824714427235834,urban,11212,0,51.06256068711802,9.82929423766494
86,52.04125667345563,10.249747779889448,rural,15108,0,52.04529804727962,10.254878942256312
87,48.8349282294777,6.191166216713976,rural,17892,81933,48.831429373791096,6.202738806011651
88,53.31963848811073,11.228314694847594,rural,1565,0,53.32276013010161,11.236301400422828
89,47.97625930144822,13.73937068511145,rural,11985,0,48.008093746587065,13.745260448290708
90,54.720595250198656,10.823168442583672,urban,19978,0,54.72641430042003,10.82185063986012
91,47.75512152981422,12.378198792261134,rural,2054,81249,47.76811090617532,12.363791149921797
92,53.792888796879616,6.880716501422498,urban,11077,109877,53.79997628636114,6.899115059700086
93,52.96693803039128,7.373850214433236,rural,10893,0,52.96344662483222,7.380129113215047
94,48.13335368081868,11.830029409782243,rural,4687,102744,48.14230850398704,11.818856521093208
95,52.39541539369135,6.256583679808402,urban,19360,99014,52.3953825511844,6.267065718418201
96,54.25280483305997,11.904046067270931,rural,6877,142736,54.232465535904886,11.907703621234145
97,49.14782057997059,9.565288276517665,rural,8035,145594,49.14662484809612,9.555496605248416
98,48.46063045904948,6.901686660530671,rural,2420,0,48.45609444651544,6.903243217889597
99,52.70657142267231,11.458725109347498,urban,181,133251,52.71842064516656,11.46052447695526
100,50.48014383350563,9.13686329175597,rural,17102,0,50.48870753090274,9.134406832268231
101,55.00304944583249,6.910778321386308,urban,1114,0,55.00456142188727,6.914712707032457
102,51.2269833509153,13.555078431310712,rural,368,102783,51.21194331898303,13.532996496798775
103,52.793607924954586,7.723436750246326,urban,6176,115021,52.79468954981763,7.718199661891339
104,53.46018257996726,14.592130967140385,urban,5650,0,53.45548945526058,14.60342425958146
105,47.28289539269199,9.384078365195862,rural,10921,0,47.28664018226459,9.376989823245072
106,48.13202358929357,6.383235187104915,urban,6353,0,48.16213008122439,6.356231750926065
107,49.37361116362997,12.868292586071243,rural,16106,120451,49.384771369434176,12.898414516297754
108,50.22584297581721,13.864097475210148,urban,14196,123448,50.23306331465975,13.863309098598137
109,52.3822610863697,7.698458268513878,urban,781,0,52.37487051174588,7.706915586727412
110,53.03951422313022,6.641357661761226,rural,4869,100749,53.02216004163806,6.645955048094804
111,48.99125923190379,8.900686817330584,urban,14906,129584,48.9896516873371,8.906014401926502
112,51.52311854271839,10.797630694163791,urban,19417,133711,51.5225142488985,10.816453687329414
113,47.81739965593653,8.608367752641666,urban,8598,83432,47.81798369794341,8.621206146723907
114,47.81044593760341,6.76940130322177,urban,12618,0,47.80830369629449,6.773954631716647
115,49.63075700083781,14.0932895726911,rural,4750,98507,49.63764706814554,14.093845499621109
116,54.0770258210317,7.271773312664869,rural,17436,124878,54.09512998918366,7.26647667311205
117,47.44424769311033,12.028126615105418,urban,3627,0,47.45058501496799,12.018277125598267
118,53.81023494468965,14.253214753497735,urban,17033,0,53.81667521285186,14.2393444821506
119,47.43416470803704,14.898573933651514,rural,13575,68269,47.44132086334331,14.921344759122162
120,48.79473720042949,14.185874021264478,rural,9961,0,48.80379111684543,14.189604554678256
121,54.48424815921738,6.909492833259149,urban,4788,110050,54.48747636103165,6.906229592662671
122,49.69746781191215,6.504083642491393,urban,6097,89241,49.7137905311678,6.508955658063366
123,50.26092904786648,14.78996514044217,urban,14589,0,50.26391200215815,14.793553479246812
124,47.58720192402492,12.750682226178736,urban,8177,81517,47.59904126004162,12.761002142214004
125,48.28166739936308,9.92886649820695,urban,17037,0,48.28685767657803,9.926553943199426
126,51.3689816014018,7.103771651008272,urban,7072,110259,51.36704263050808,7.106429552936302
127,50.59436548169575,6.001446712092991,rural,11219,76945,50.60239743474983,6.003966652189323
128,48.93394626610807,11.799140832842166,rural,4435,116223,48.92935983415659,11.804930960650507
129,51.61563211409992,6.064783116344872,rural,17266,0,51.62806770792216,6.084178147081627
130,52.13585351840474,12.78029363073306,rural,6824,0,52.14377655403034,12.786686423557114
131,49.08884797079369,14.898521809028184,rural,7266,0,49.08347266762252,14.87994278343185
132,54.08166073214913,13.522517151148982,rural,15142,0,54.06901609843517,13.522461950992978
133,47.35138231259965,14.79590527511606,urban,15376,64061,47.35748289025964,14.76673537104994
134,52.2487095023443,9.849857110565548,rural,5949,115447,52.24401081539322,9.862042410039766
135,47.96941737112928,10.16950502776869,rural,4260,0,47.9648104628281,10.160283053551575
136,49.04908392709266,10.087343143638664,rural,19599,0,49.037476770367576,10.083749465620413
137,53.097870800075256,6.2150092990549375,urban,7497,0,53.10363261576185,6.208976968376612
138,52.59752483829425,13.876880628750994,urban,9524,103186,52.613276884879,13.88712233134772
139,47.44449271724926,8.392310156501662,rural,2909,0,47.44862627793862,8.408558684518502
140,53.608282878884005,10.23127776099084,urban,8760,122549,53.60474063200479,10.215525042833011
141,51.96480210056527,6.195779096476999,urban,14757,87466,51.94209045849466,6.196331475124353
142,49.26759976857519,10.36316355299842,rural,3949,0,49.27863237773032,10.360994493947445
143,47.85645383694264,10.507096209379636,rural,18449,0,47.851721701626005,10.495644364740052
144,49.4899113157048,6.283457850033934,rural,18692,109211,49.4969710361292,6.298623332032783
145,51.5282595330359,6.326286530264695,urban,698,0,51.51416445323786,6.300109477605657
146,49.21317954837996,10.642867905552544,rural,11914,114462,49.18151119359455,10.64006799953625
147,49.725966441687085,14.427536702410508,urban,3142,85649,49.72740067174809,14.42353119673411
148,51.032964959446005,13.665870173434788,rural,12849,105651,51.03412246787278,13.648259316639251
149,54.97420169633862,9.220668165756456,rural,18526,0,54.964053091167806,9.219372149734264
150,52.64907459874395,9.74236738503182,rural,3020,111357,52.63254784888813,9.7415275594694
151,54.9048479333052,7.593466312151326,rural,2048,0,54.89904840797777,7.584129396336133
152,48.26198593922013,9.1038553796875,urban,1324,0,48.2505729160772,9.091551064057152
153,52.97801376057364,7.05687935569023,urban,12904,107743,52.9724539312318,7.063033329316271
154,49.9085568191889,7.3520549431663795,rural,8561,0,49.91604818618803,7.330685995238344
155,54.7961224308908,8.415647983180724,rural,13204,100294,54.784420770296975,8.417903413956443
156,48.66248459696221,12.926052149160718,rural,6191,104092,48.66720390228617,12.92081673774434
157,51.070019551463616,11.157113988597583,urban,7325,130601,51.07850331352516,11.134533682810892
158,53.68915615806795,8.4430642151064,rural,2463,114495,53.67447458011701,8.439959929491813
159,53.72512581113193,8.606823096289034,urban,5848,116202,53.72056430301381,8.601359345992073
160,51.1794733667523,12.485338147282851,rural,14423,120079,51.17428458271444,12.479494673392256
161,54.06507267731166,6.03497956127275,rural,1094,0,54.08347648974701,6.039532467207255
162,53.89001979976965,10.526189339717783,rural,18612,120937,53.89399008478637,10.52110676164632
163,51.13123831731871,6.744978590970492,rural,5023,0,51.12399663801448,6.742064058556006
164,49.51238602697251,8.710310414348255,rural,17086,122428,49.500924327400334,8.703441268710415
165,51.885698162129245,6.709392430648816,rural,6368,117295,51.86592403961349,6.695615667781058
166,54.34666206311189,12.421222936307055,rural,12698,143806,54.34781451590643,12.408789155028138
167,53.38443000336218,14.455457010932587,rural,4565,130836,53.388569407779904,14.459849880593383
168,48.8147394733384,9.68979825382866,rural,17755,0,48.80753668682978,9.687201601335602
169,54.49315088223455,7.004804439526161,rural,19103,114854,54.4994074560385,7.004844723693165
170,55.01587459837635,15.0067630829309,urban,15151,58493,55.02569377671389,15.007257885181412
171,54.5205539051276,10.799728721060628,urban,6880,0,54.53600293417162,10.804033337741158
172,48.70518666516354,10.171861930112351,rural,19528,0,48.70001068148755,10.179507656133596
173,50.34412191356488,8.42679897328285,urban,16410,125651,50.36224441132415,8.424479071346994
174,49.37403323531331,14.02330381986339,urban,15342,0,49.38827315016078,14.028729582088854
175,50.51592955399336,13.438530489848077,urban,13044,135529,50.50855631758276,13.45603233658849
176,49.731255818494304,9.794099649844764,rural,15533,114025,49.73039382671001,9.816246900138673
177,52.026093544932415,7.900178680488182,rural,13944,111013,52.00518764313343,7.903715829407075
178,53.060559661903405,13.485859628074053,rural,16862,0,53.06022058061507,13.495250231918776
179,55.0464649283715,8.053742327707171,rural,13538,0,55.06152841067684,8.0660590711466
180,52.86057210884773,6.312759800084834,rural,4218,0,52.87840704394748,6.315648845382878
181,53.74803946096534,12.94760956994351,urban,18140,132128,53.73846486739557,12.932112998532675
182,49.95863617318309,9.191362644671557,urban,4765,0,49.95879051269385,9.193874208284182
183,47.42776352238574,14.749333347062278,rural,6255,73299,47.42846793912307,14.76366241423858
184,54.41606052824817,7.727562229531514,urban,3075,95693,54.41337691575948,7.72715387931648
185,54.73873810618717,5.908423834952598,urban,396,61651,54.73029075772779,5.919623006683314
186,54.379131649982746,8.267669336164815,rural,5151,101540,54.37848884441863,8.259644493493427
187,51.69810582194168,14.281456117721962,urban,12226,100506,51.70146990776054,14.282152860065851
188,48.628618325270416,8.261218382718162,rural,4396,0,48.61898784027984,8.257152787895269
189,51.27435724727927,10.52277780602574,rural,10280,136640,51.26902586676562,10.524347274948092
190,47.38095588565975,14.495949993004151,rural,9723,0,47.38065618114111,14.508958652741876
191,53.71199911462945,11.584418264208614,urban,8570,0,53.70633189648503,11.578427093626528
192,52.55874737843007,11.960314552969132,urban,15346,126279,52.56103339829754,11.955892886606229
193,53.792144403153046,11.871100670978002,rural,7667,141550,53.78940234795931,11.870154451173525
194,48.907743655938525,12.388331720540709,urban,6064,0,48.91502881472841,12.3908737264007
195,55.09232057262384,7.989596647493048,rural,11657,64273,55.10325134068707,7.998895563710727
196,48.46878640511237,14.15399800441496,rural,16650,99740,48.46025172138282,14.150701357203111
197,48.88006238405891,7.736095343681073,urban,3263,125625,48.88097910270493,7.729613646600723
198,52.720697817101446,13.420333343562175,rural,975,0,52.72566604318832,13.417585981470989
199,53.58865519947224,7.553666954755175,rural,13398,0,53.58805539190905,7.549494296147439
200,49.47152673304704,8.445164244961717,urban,6682,124088,49.46221389180805,8.432211201181975
201,51.75038310914111,12.900155592912071,urban,15710,126775,51.75513858782941,12.899376900761544
202,47.48822672729736,9.68076312577086,urban,7985,0,47.48115660342759,9.672434010325052
203,47.65149134670782,6.175130648917732,urban,19160,0,47.65434309875014,6.17861387605794
204,48.08407581010085,10.874828473592368,rural,10706,0,48.09251150604347,10.876520871550689
205,52.96771973556751,14.0416378881866,urban,9301,0,52.97156458909743,14.037861937517413
206,47.51001690416089,7.508352892202904,urban,16946,89253,47.50209497154115,7.504767821744412
207,54.19032387504036,11.242837601516982,urban,13140,125513,54.20213763138429,11.233300751803654
208,53.0940338555526,11.320001221927363,rural,14159,0,53.099892795337006,11.32596192081767
209,48.22707237840218,11.968964393864546,urban,12000,0,48.220604798390575,11.98753595616394
210,52.11151113488079,9.87628958752988,urban,15020,125522,52.10830394917323,9.87704980064213
211,54.50796114598674,6.786044620108964,urban,15439,0,54.50427841547065,6.785529300932046
212,48.66138500684529,12.465464399623343,rural,7198,0,48.67513617034808,12.461268779926296
213,48.64919611829125,6.501769763276927,rural,8257,84410,48.627226380049215,6.503124424111637
214,49.36617940890629,14.035375761727432,rural,14517,105660,49.37438169489352,14.056325740058456
215,47.97803645751125,6.128064425216672,rural,19023,0,47.98535708471976,6.130397201633616
216,53.33446027007062,6.589146575101348,rural,11658,0,53.34613561620009,6.592977420419599
217,48.42119769034856,11.537688642362191,rural,18846,132434,48.42805783251792,11.53733100133977
218,52.88739911300164,12.650788763354896,urban,14441,0,52.88481244244544,12.656334968301046
219,49.8146856316652,14.867887553548249,rural,10268,83224,49.81734292426938,14.878664172118684
220,52.460492986183866,9.111684652267524,rural,15691,118883,52.448401408757405,9.086200457513655
221,51.52923945354577,14.035913394351022,urban,1400,93193,51.5258336227154,14.033990325610532
222,51.25105459912796,13.156979334393087,rural,14605,117108,51.23538170527316,13.171101525603332
223,50.64287592530508,8.439691846186037,rural,6738,119934,50.64710345137655,8.427005197647137
224,55.00771268962076,10.141776571349004,urban,13676,93939,55.00921649086701,10.127358814900804
225,55.04356825874847,11.70307097408853,urban,5430,0,55.0451712365778,11.715175559459022
226,50.35910556543441,10.3132337952294,rural,19540,121239,50.34853212410683,10.32296339223698
227,48.6589552977764,13.278284132106602,rural,610,90513,48.66525326087504,13.289070358733072
228,47.64869721549096,14.733522452732265,urban,8773,0,47.6595967001622,14.72356852907204
229,52.1953310725422,7.045749068807711,rural,1431,0,52.18336222617456,7.051883414620807
230,50.24957311594776,12.507141126679546,rural,15883,104671,50.23646009970832,12.507915536809382
231,52.53602992082377,13.961920281476525,urban,12006,105172,52.53775394622525,13.969895734465092
232,51.57391710822432,11.788518237966684,rural,16662,0,51.58311657316915,11.793629964433617
233,51.774399069135065,14.554084704168902,urban,475,78642,51.76512478532658,14.546465827097355
234,49.17209851871662,15.005957353028332,rural,9920,0,49.194720848673605,15.025740074001591
235,51.4910588405054,14.325377052659771,urban,3651,0,51.49024763265421,14.316329934629204
236,50.07754929621259,6.352096112460328,urban,13714,98057,50.086727893806696,6.348364691448577
237,52.25905353096569,11.804298290861542,rural,9358,119348,52.25506505461118,11.803665931663357
238,50.05666417032631,7.922511962091317,urban,6803,0,50.0569724296386,7.933691847185341
239,52.35024742866267,14.879157030099794,rural,11513,0,52.33673956783703,14.859836887997742
240,54.87585626603476,7.035807996236402,urban,10591,91633,54.8870751487429,7.036734046084267
241,54.030318974789736,7.086895059700798,urban,12672,122046,54.02884036475425,7.069727325588014
242,48.38640102342601,10.72002440249152,rural,9416,108021,48.37864055982067,10.715867361786866
243,52.80122306824273,12.734515055700584,rural,5093,0,52.80130628861817,12.737027826012849
244,50.61775704571438,11.414132135824278,rural,2821,120499,50.61966251541249,11.404173697070917
245,51.87522293781135,6.979385394670068,rural,16597,117431,51.90197784481087,6.97498476948155
246,51.18132818725919,12.785519945512734,urban,10,0,51.19803185156904,12.7787937348661
247,47.890927410251,9.12394281917922,urban,9970,99176,47.89002583103863,9.113785329297258
248,50.38954757508968,11.185100279398725,rural,14569,119309,50.381698466919495,11.17065881117194
249,53.92964065697152,9.57880678455868,urban,2233,0,53.9345358714009,9.57391345539322
250,50.731232849361234,13.312889831648596,rural,15164,0,50.73319144044582,13.299834409088612
251,52.57864686218222,7.480004200348399,urban,16084,0,52.58980757705928,7.476716518171409
252,48.25609301315466,14.024043963685273,rural,18160,96330,48.24260836057186,14.03310665353453
253,49.77565884333118,14.126978526804477,rural,14665,0,49.76849918322748,14.127951796549375
254,51.62535674827725,10.304291247219606,urban,344,0,51.61626394807829,10.320751606903022
255,54.03479156936029,9.367753542288852,urban,18285,127535,54.02751697712559,9.369753028290535
256,52.48110555608123,8.153074417978583,urban,16616,134844,52.46887518582113,8.157651637164967
257,51.095319277373854,6.088174020389898,urban,8384,0,51.10251904690519,6.093922155553001
258,48.65095352624487,9.183266926677096,rural,12203,0,48.65658582169763,9.174296914304788
259,48.3330283606231,15.035228415410284,urban,10722,55177,48.32919408276862,15.038162073643102
260,50.94679326776144,10.044529461750177,urban,8717,128058,50.95253223094428,10.045401151012246
261,52.9721194015675,10.691476204634526,urban,8568,117228,52.95448921101236,10.68795054081897
262,54.93181962949645,13.259585530252732,rural,384,0,54.93663639684494,13.25258074217969
263,50.372620130774216,14.38060293736119,rural,9067,0,50.36485161830536,14.384913272438794
264,50.79280696570683,8.035668275994079,urban,501,0,50.80551459614056,8.045715137491118
265,54.25499385469595,6.567264894059749,urban,18742,0,54.27995137133071,6.585218417861749
266,47.60071660831679,6.190889287939539,urban,12041,68766,47.60534022141728,6.185234037643497
267,52.74722895153963,10.480147440670512,rural,4793,0,52.75874838940277,10.475167481976818
268,50.7505608714213,6.335964804483028,rural,10459,83122,50.768431719199775,6.333967543826029
269,53.08551221156207,5.952990043003617,rural,17870,0,53.09378041518806,5.95372660467481
270,49.78558595264145,8.068565285151813,rural,3304,117990,49.78111453223366,8.073900603733708
271,50.29515050595647,14.733382980086164,rural,6839,85033,50.282913584816285,14.740496418352492
272,47.42446196535016,10.056030823183184,rural,2751,0,47.42975273487605,10.064637795556449
273,51.874341711598994,11.994274111024424,rural,10276,122870,51.871400434698565,12.000876572004902
274,48.18185025449717,8.145549185037359,rural,15555,95078,48.19806682932414,8.145270278429653
275,47.93935630646652,11.03422937925449,urban,5570,94231,47.93888972797616,11.044322319482308
276,49.98154904569628,8.57490961642239,rural,14069,0,49.984901400077895,8.588777609062118
277,54.15625756223229,6.97819897708041,rural,4348,117147,54.16591827325011,6.971664429697726
278,55.02982993813494,7.095182869470575,rural,2136,0,55.04077558264921,7.098141174504403
279,54.827737295251325,14.20969839710322,rural,13089,94647,54.82669395279334,14.221032001133675
280,53.09564138961189,10.085216481599858,urban,1106,0,53.089355260870974,10.10189754970428
281,48.84583699549484,14.529984708408646,rural,4188,93301,48.83116160217348,14.524568132648088
282,50.53100889777183,13.8849158906273,rural,13159,0,50.5397858644562,13.881866579979455
283,49.73244228309424,9.672995186706732,rural,7195,110457,49.75049057282488,9.672958149942728
284,52.773789958149656,9.110982333732723,rural,13761,0,52.79954885421013,9.110447069848115
285,51.32891575988694,12.287587879082713,rural,16294,0,51.349355321143854,12.294109201738268
286,47.84278842286344,9.691346493983373,rural,11961,97985,47.83006229736878,9.677218167434267
287,50.59552779041724,8.033823555802414,urban,5604,0,50.59526922068488,8.019978784005556
288,53.60944163760223,10.69780946689938,urban,14894,0,53.61849558633366,10.690589859206344
289,52.56956713253314,10.21878184586123,urban,6831,0,52.57806589045551,10.21698010401112
290,49.09535901883631,12.719019308999703,urban,17962,0,49.09813812268866,12.7155084653986
291,48.579763236160105,11.626895192922078,urban,437,113098,48.58657207018552,11.61756763454995
292,52.1682743719562,12.580373737744004,urban,8633,114609,52.17221973023825,12.580997663100934
293,48.777765662491085,12.546935390442757,urban,7955,0,48.76204430033314,12.550571333943564
294,52.88335598610915,10.010624866509808,rural,2826,112565,52.88151384460178,9.998199389850768
295,53.68510022427815,9.80924670044135,urban,6988,124890,53.692755784758944,9.793375810887774
296,54.097881414251646,15.001575803384275,rural,19296,85055,54.09978726156925,15.010708571150024
297,50.2746117870182,11.670867813958353,urban,18027,0,50.27717189388765,11.683844577071085
298,47.37007132965293,13.579281418644529,urban,8999,60800,47.3833298304984,13.587101447994929
299,51.91174936684964,9.057449961423478,urban,17678,104987,51.92608637083937,9.052594954428152
300,49.94940145843229,12.022155648240512,rural,15038,115958,49.94753676884893,12.039828217509667
301,49.06096830433328,6.483859305982223,urban,11260,97294,49.05907052467736,6.478831369989419
302,50.39860945047482,8.398618949153242,urban,502,0,50.39365694820778,8.399603849942777
303,54.39725119351665,6.16463833961466,urban,3876,91972,54.40866852819594,6.175999674217684
304,47.63218197932964,10.600684490306444,rural,9862,99976,47.62726268771807,10.586779135006203
305,54.20435685235575,6.0974420517253565,urban,19745,0,54.21976465631818,6.093679542266505
306,47.432889793474935,14.035370991800164,rural,15960,81801,47.43163813923199,14.039266180708855
307,47.72749946885407,7.251863464661835,urban,3265,0,47.73648604855005,7.266368006303623
308,51.031073409335015,9.62693517255471,rural,14291,0,51.02372672598045,9.635724628054216
309,48.50719669615648,8.50921009229015,rural,3663,101367,48.51353645770701,8.522771808422213
310,53.578516881787,14.457073574329067,rural,6094,0,53.57215271746456,14.451539121478568
311,47.769111178492885,14.670700154982717,rural,11541,74114,47.7601008201346,14.673667766286892
312,53.404798263081936,12.496554565921912,urban,871,0,53.39767339028512,12.49814630057471
313,49.112200498325706,10.789350439596424,rural,10325,120686,49.11606180878695,10.801366994550454
314,50.16630938752971,13.628513118055722,rural,15533,0,50.17140149250268,13.6060836745224
315,47.4872881862312,13.925182947576236,urban,14366,0,47.47541012543442,13.9396724194698
316,51.92887744301496,14.606675669599191,rural,12707,0,51.93006890145004,14.61068537645102
317,53.377925389785865,9.566898255014175,urban,15956,0,53.38816260025956,9.549021475283643
318,54.2133650832925,11.85120416177697,urban,6744,0,54.21109168042269,11.826665874526062
319,53.610894414118015,8.129122701145288,urban,18815,0,53.61528345233153,8.144395188739338
320,50.11820624742609,5.953336551916094,rural,13381,78537,50.10526832752455,5.944811506876522
321,52.56578920677798,8.815927111566067,urban,11374,0,52.56640363573268,8.79957641482373
322,53.05735729658708,14.472724320538012,urban,1330,0,53.06068285062474,14.4655336992685
323,49.350954774688,7.495498299764327,rural,10878,0,49.34721968575766,7.5049303409570065
324,54.130138050660655,8.77180918051443,urban,2469,0,54.13981955006324,8.765036454692877
325,50.47670178499387,11.13319970196154,urban,16971,0,50.487808124646165,11.129408577975344
326,48.51040384889927,14.566251910989417,rural,9464,93281,48.50877839501912,14.578004561406004
327,53.89974570619584,9.904848062245067,urban,6395,0,53.90127185380113,9.899614819764732
328,48.17046660598192,7.102215834264723,urban,5681,0,48.16714289692494,7.10975957087519
329,53.76454307992533,6.497042174273325,urban,18948,0,53.7641498732647,6.493043237853433
330,49.13698543722538,8.02093906702366,urban,14540,121206,49.12620780614525,8.0332353093561
331,47.57454730581122,9.610102933432948,rural,1085,73968,47.5798963164942,9.596700022886289
332,55.00382112034215,6.003459024186054,urban,17333,0,55.00828168741808,6.012585756889007
333,52.32160628882603,7.42702278898026,urban,17766,0,52.3185988865871,7.437862193452308
334,48.86296612832887,10.937352042000931,urban,7141,116053,48.864982677740045,10.9428834992921
335,49.34952088148069,9.185379791023088,rural,19514,0,49.35042072818111,9.191006402465776
336,54.79981515996601,6.448834211685105,rural,9851,0,54.79636534309744,6.44461077466963
337,50.58716646289431,14.034716735662364,rural,13982,0,50.59306091473172,14.037604048696236
338,49.992979905180135,9.181392641309207,rural,16286,0,49.98734482955556,9.1862406035312
339,50.91830050801379,14.461788119154225,rural,6996,89519,50.91584561196675,14.481707148669718
340,52.23058659039015,7.533409311461099,rural,14378,0,52.234155783717824,7.517196437963516
341,50.90073482013093,11.431262465561105,urban,14389,0,50.908703537068185,11.416467050587864
342,52.051641066268864,7.354211125991712,rural,682,111149,52.07360734221327,7.350888155279966
343,50.91614113351647,8.082833900171433,rural,13939,0,50.91738238563427,8.06778936789005
344,49.79871451719579,14.48146565023639,rural,2977,89703,49.80975153873449,14.483443391033909
345,53.813996692058446,7.548099444884348,rural,2770,111263,53.81840132946768,7.547371177581164
346,51.65732381207241,14.888077293343253,urban,3916,0,51.65617902743511,14.889111238064338
347,54.44062847835172,12.827279994004344,rural,3950,0,54.456549782506976,12.820633460507077
348,49.31012798359575,11.423600470744772,urban,15122,121722,49.32904422546448,11.410229607378858
349,50.69211255489959,8.74344557662322,rural,4263,121410,50.70790082477404,8.742234030025358
350,51.06721436821406,6.543442776411486,urban,13654,108537,51.07012948690155,6.543238611761206
351,52.37110521140132,7.950654705186828,urban,17145,0,52.3630210203227,7.96158101566278
352,51.25095613200771,12.424304403498336,rural,5602,118755,51.25366986620359,12.4097349505177
353,49.78215812178176,14.374838521243266,urban,2894,0,49.776522816044526,14.37289722214355
354,48.45668032319399,12.804976481557642,urban,1611,0,48.45244263797887,12.805210588769674
355,49.75809861478519,6.716265353089419,rural,17232,102939,49.75178830051514,6.704004094771368
356,49.11629448698911,6.1432481052061885,rural,18970,0,49.11751690459959,6.107342618578325
357,54.07366156821375,7.894949424218878,rural,13094,0,54.08236974065351,7.890826591642292
358,49.79042624877926,12.312904926860517,rural,3954,0,49.78908462196161,12.299350889315294
359,51.75026760232188,9.82213192525426,urban,425,120568,51.74606970604528,9.83564728409389
360,53.35267227259891,13.06008733852553,urban,9724,0,53.34320739751609,13.068661529428008
361,52.97453135580623,8.33415455480998,urban,2517,118514,52.97722501225369,8.33385015917515
362,51.79647561580027,10.410775741752705,rural,8398,0,51.76988676732912,10.419616572526236
363,52.69525639072965,6.777578722062993,rural,7799,0,52.69538701942002,6.769773449415911
364,51.64725870872363,10.29339873809532,rural,10079,0,51.6421270378633,10.291914970753702
365,53.627720416987934,14.70334580180315,rural,5354,127334,53.6401005350111,14.681467426273365
366,51.71003490862586,7.889889108387578,urban,13057,128997,51.737157450659375,7.890760206272227
367,48.898707423553056,7.784345326926397,rural,16345,0,48.894907186607554,7.807501281594047
368,51.74811524720624,6.604498813551125,urban,5807,0,51.75285714050884,6.618658347303695
369,53.37991535221154,14.61539556349905,urban,14040,131531,53.39363282422426,14.62501972885268
370,48.91313684035517,7.604366495057134,urban,446,0,48.91650636975188,7.619062773967885
371,51.133524386370446,10.352136425318076,urban,8816,0,51.13478816314248,10.355233140372682
372,47.59316416459768,9.20293529688466,urban,11756,0,47.60475513004518,9.181995970532462
373,53.53963029859813,11.352488116313754,rural,10326,117069,53.532185120570944,11.355123328939133
374,54.60629721432503,12.26721991710733,rural,1600,130380,54.59898529256204,12.270843255911766
375,51.29734808512951,11.678885721470555,rural,16762,0,51.29756635807566,11.681277675499285
376,49.82282525637708,6.928004081997026,rural,17924,96537,49.83524367680876,6.922363418872206
377,51.23372954554038,6.505700330611598,rural,15716,0,51.2370231548172,6.515407605550604
378,49.453410037943286,6.3700976045548,urban,16720,111049,49.45998111175752,6.364584582061537
379,48.8348482820187,8.317226924267217,rural,7217,0,48.836932200573415,8.31620911912299
380,50.410356646936776,7.730477887504549,rural,17251,109451,50.41720692185552,7.73808297914121
381,54.35546715774919,6.659531984969735,urban,3197,0,54.33889799857617,6.64821201049176
382,52.5737939443473,11.871231467963009,rural,942,117259,52.56610758234417,11.859905339350052
383,54.98027168692125,6.464361569316538,rural,7347,0,54.97644771129816,6.457687739214028
384,48.92361850257058,10.281256848766578,urban,3573,119850,48.918080006684704,10.272387689714296
385,49.644061295287976,8.078676977928996,urban,12722,0,49.63529846790667,8.071504853003734
386,52.38212290379662,8.679756857817598,rural,14352,128445,52.38571994560871,8.679423582770896
387,49.998875901898565,9.874070347339842,rural,12287,0,49.98746225538941,9.856365419185536
388,52.88158761809312,11.071952426527853,rural,13054,0,52.89687976251616,11.083166024532806
389,51.10744815150682,9.230316897789734,rural,11084,116095,51.09717571380407,9.225319360190609
390,52.13484659129878,7.280166372861091,rural,19784,0,52.13574367996032,7.288087124433528
391,48.95479848472573,7.623706179421896,urban,7929,0,48.956791950201485,7.638964047758243
392,52.60159257026944,9.384994409210194,urban,7895,122955,52.5899540693658,9.39273681649774
393,54.55371147928766,8.74817636188688,rural,3384,0,54.56767265214911,8.723506692718132
394,47.88672134585957,14.277244382831704,rural,6781,0,47.89017004361773,14.28823882374564
395,49.65644726049199,10.25044615786691,urban,8320,0,49.64897022079389,10.252484986420988
396,51.33575070120842,10.242824670191428,rural,7855,0,51.33885199132168,10.250872664870034
397,55.07534020692915,14.147002316609289,urban,7390,0,55.08270906248798,14.13744185706486
398,51.3212329733895,13.803591385327564,urban,2192,98756,51.314080662505525,13.80390079876908
399,50.10769575209002,12.812177552592829,urban,2527,0,50.12061520760531,12.81255682824417
400,50.70968141924686,6.808700813903108,urban,6691,0,50.712086093237005,6.812411245785541
401,49.27593805933328,13.724396905238308,urban,3108,0,49.275463514860135,13.728471827498788
402,50.08653330464371,9.181630697593564,urban,16705,0,50.08448825270138,9.19471087668955
403,54.00383455384836,6.790662709855774,rural,8246,117133,53.98127826065789,6.809458732247903
404,53.274270358458416,9.296509385370156,urban,18812,118084,53.2890714419745,9.302965808152663
405,49.4642837783971,6.307493740028354,urban,3228,111462,49.46040241484288,6.318822341586082
406,52.91179497873168,14.994409639805284,urban,2561,0,52.91446660350877,14.995925296570098
407,49.70245609030768,10.169222188122138,urban,9912,117280,49.69736543442473,10.167511162766456
408,54.9423581863051,10.952464099743016,urban,17435,109035,54.92818085270013,10.979378354959453
409,54.34499879106973,13.452304715945417,urban,9897,0,54.342937198325245,13.440657235613932
410,48.06905349685021,10.352301278078455,rural,8756,0,48.07032335754965,10.342138142065911
411,51.95904688064896,11.936859981199817,rural,1166,0,51.95375018612001,11.951636615645356
412,49.729555319125325,13.882678976851071,urban,5947,0,49.74230078644953,13.876698867227732
413,54.78616092548192,11.262995827805966,urban,7533,104305,54.79281388165656,11.25133816980984
414,52.739323604797,13.035132777314024,urban,8422,128497,52.73910650975964,13.04028040224384
415,54.792855959461065,9.6193883792744,urban,594,0,54.798697899292925,9.62920856287041
416,49.17248435267957,10.50051014880035,rural,18206,120439,49.14556863960008,10.49619480668816
417,54.33022982595081,12.78151512346082,rural,2929,122741,54.3242930523246,12.810215087636331
418,54.52095471480941,10.710111489106849,rural,18284,128916,54.51172122855076,10.7089707756454
419,54.93990586274187,10.861607934872756,urban,18976,107962,54.93969176741146,10.878038125910455
420,54.47805059710899,11.580057974945667,rural,8964,0,54.47063318675758,11.580334074691429
421,49.393244686928206,8.424654766715538,urban,19870,127629,49.399221822536965,8.424268318830567
422,49.21473094941812,8.266121281737078,urban,12658,0,49.21729041875864,8.272364055461988
423,50.411699461771306,14.58522899834213,urban,15378,88749,50.411783474518046,14.598240173102187
424,49.79679532503514,13.173121568195882,urban,6151,110209,49.78809804767207,13.1779015223527
425,52.16773043451951,13.330092959474854,rural,7937,0,52.15010435529811,13.334837074105543
426,52.21265553933603,7.274974313355051,rural,11094,0,52.23099220378184,7.264837017400454
427,51.83340830431512,14.127117525067211,rural,3854,104145,51.82137445218464,14.125116861251566
428,47.63546053630687,12.09876528556298,urban,2918,79593,47.63375983884723,12.08738061589851
429,48.22206417101998,8.920187460217697,rural,12986,104029,48.2326938922143,8.92475482649504
430,51.93160684788877,10.902878861999032,urban,17200,0,51.95091416610235,10.923284931989873
431,47.71897837932592,7.704892162265996,rural,11511,0,47.72782181167499,7.702755131200399
432,48.51414707016,7.884860497090254,rural,10723,0,48.51742418973966,7.8851465333416435
433,54.04327325667002,11.990143153756176,urban,4017,134533,54.042062592824,11.989872265773922
434,51.40784614335568,14.877550629729422,urban,4106,78369,51.3994279344251,14.888174771011697
435,54.40740678810005,12.112102727705723,urban,16220,152798,54.40672525961247,12.11001928852968
436,53.835411930392425,10.716096026300796,rural,16336,0,53.83375010526723,10.723843675467204
437,50.61785887444555,14.452163183478392,rural,2321,0,50.61937015504762,14.452805689355891
438,47.73639629319001,12.733380301590223,rural,4268,86816,47.7473196888204,12.744854384274875
439,52.28792939193481,11.241477799327054,rural,12155,123492,52.30572245549064,11.225350357107082
440,54.83871974430203,11.210798353414503,urban,4609,99801,54.837159694897984,11.179760500541624
441,47.556435348616354,14.664571221419546,rural,1405,66020,47.55222631768944,14.668638206610156
442,50.31195938079805,6.968869789026088,rural,4218,100172,50.30878431163497,6.970603644457856
443,48.86405864611315,11.641326553852076,rural,12689,133703,48.86053585919911,11.637854079979912
444,53.887989584861344,10.539462035523163,rural,771,0,53.87996854499726,10.53830205356838
445,48.04884136622056,13.799164956943162,rural,11937,104754,48.04850306049428,13.781995628695736
446,54.154808898474855,6.889763845802496,rural,2666,113086,54.171119395726,6.890558150820266
447,48.88717457330185,7.781300956746389,rural,974,129018,48.88943062655604,7.777897647952784
448,51.42825751148485,10.589708378189648,urban,15899,0,51.43738092651148,10.589944907940746
449,47.53235949351491,14.35081982813861,urban,15861,0,47.5394771994559,14.343249814396929
450,49.944760090052455,10.738131881325817,urban,13691,123892,49.93830961546126,10.74706344722568
451,48.569158593618944,7.675735537147354,rural,12826,0,48.57480177068334,7.656026488735328
452,49.06964030014816,8.742743343779598,urban,6392,0,49.05867605882269,8.757197835810473
453,51.13041497755341,12.815485472139144,urban,3002,0,51.13336089905672,12.82383221930358
454,49.80323911677748,13.358937425841235,rural,4682,105875,49.816708983642094,13.349561807053702
455,47.76211997941877,8.26082989043024,urban,6890,85084,47.75969968175891,8.26598692023424
456,48.07845280316492,10.478020572471362,rural,7371,0,48.08400451042454,10.471592662470606
457,54.97766132877078,8.493282926552729,rural,1969,0,54.985471751114616,8.48116153603615
458,54.55813515627607,14.072089489528349,urban,5354,0,54.54093843601175,14.05558142569406
459,48.55328804644507,6.559452196117901,rural,19414,96874,48.54954697634578,6.564349568763354
460,49.48947561194518,8.831651583657234,urban,7379,124637,49.48870018746796,8.83953838298889
461,53.7857543484443,11.194791801636589,rural,12711,125331,53.80408505341854,11.193907453883618
462,48.87397141029277,13.5205618112656,rural,4192,90315,48.887519352688464,13.526355803102923
463,50.47794184864912,11.147076530721876,rural,19317,0,50.4660007113807,11.140321147281131
464,54.61481779247111,14.71613364231939,rural,2268,89659,54.61803965484805,14.71551103494622
465,52.791773741984855,14.997325348987108,urban,19447,0,52.78902137278058,15.002671911177218
466,48.15716906585518,9.836015252782376,rural,18256,0,48.15312983622314,9.837216615358315
467,49.957002441863935,9.636851693948518,urban,742,103273,49.95165536637533,9.636337650242572
468,51.340960647466126,8.22539970462029,rural,19105,0,51.331060621335226,8.228485413232285
469,47.30270542128252,14.430751396589802,urban,3665,0,47.29971163145222,14.432058072836591
470,54.11702061612088,14.042268669222247,rural,1689,99469,54.12773310515482,14.038708462994986
471,52.12966162648482,13.952575246469296,urban,14892,108963,52.114192925182,13.931177329967795
472,48.29486164891867,13.815142924952594,rural,14568,0,48.296916932602365,13.809417009905344
473,54.87007660670149,10.326374311546996,urban,14727,0,54.86763911969408,10.321421163915575
474,52.7776302472535,7.311997778260063,rural,13454,107810,52.77385343851992,7.320196004203533
475,52.31954642042557,9.967463969871917,rural,9816,120908,52.30725350221348,9.966948566397322
476,48.3177935114048,10.847774346785542,rural,17683,111134,48.32197111665913,10.850227749807749
477,48.12218754011384,14.69645240108853,rural,91,67496,48.13102538130745,14.712153911894829
478,53.30346568905063,14.316722554141863,rural,12389,0,53.292540827635605,14.313923309653983
479,48.836873577005214,9.08059405416003,rural,14539,135352,48.82501955171809,9.069216549473492
480,54.296595935689794,14.440882129748,rural,16964,107272,54.301983001107935,14.450214692136354
481,52.65883047701653,12.015523268618384,urban,504,118752,52.64883843783512,12.012706618073288
482,50.68431799335897,8.693676575344856,urban,7914,123193,50.68972193566772,8.684416446817457
483,53.99544577276754,12.159225226517616,urban,3742,0,53.98958292015542,12.143101879748835
484,54.07382002355075,10.123392466467523,urban,936,104104,54.08738303862207,10.117682905843855
485,54.66556221621735,6.302833736194753,urban,865,0,54.66001417168752,6.294050138461143
486,47.77050655602485,7.529515036227234,urban,5224,0,47.78309598373034,7.5429602344082225
487,47.55828250988319,6.419339637778608,rural,9490,0,47.55098084499405,6.403349185988444
488,50.94585364640002,6.358177252648611,rural,19079,94348,50.96142368842751,6.34018792145736
489,50.98099289667929,8.069684083459107,urban,8800,0,50.99071069289384,8.094389577653272
490,53.81132419458926,12.127640825421311,rural,13829,0,53.8103133257021,12.11727913250982
491,48.638557038894746,8.68471654481051,rural,5486,117286,48.64032285863712,8.696163579971099
492,53.89444937596557,7.110821754829185,rural,1651,0,53.892843316798846,7.106316074114675
493,47.913229871177904,10.555419854672984,rural,5900,110837,47.91801380519142,10.55116778046242
494,52.92566998776084,12.565875240857745,urban,4226,0,52.90831113853721,12.55752736794714
495,50.14367322488773,11.359225479237882,rural,11103,0,50.15812894077219,11.36317957519226
496,50.056451473761776,6.241421958666333,urban,15185,0,50.061885660323135,6.240413764620647
497,54.57373578303171,12.224060349233769,rural,8837,128867,54.563116513478114,12.195033430292256
498,51.0418829865623,14.49507786887573,urban,1644,0,51.02824599130897,14.480881455282724
499,48.40714218928089,13.678603093871246,rural,18047,110165,48.40978372393823,13.69131738644134
500,53.55003433626358,6.48056458091405,urban,4292,0,53.548731970100704,6.462394765540274
501,54.916552146418375,9.315352481711074,rural,4085,0,54.92505680585309,9.323694039486528
502,54.88982901997478,9.88866268622196,rural,868,102363,54.87406266400888,9.877686799051524
503,51.763957482658896,10.93988100417673,rural,1116,0,51.77208715387439,10.925982970222131
504,53.23142906515905,14.092871554302846,rural,3544,130230,53.23958270873519,14.096731957705602
505,51.432160851631565,7.4446484246517075,rural,9804,110937,51.43329540851058,7.455948925661693
506,49.2299125597586,7.814153640742626,urban,16148,122774,49.233731011309686,7.811292755175186
507,54.17209347722188,5.97704741253044,rural,11028,0,54.17970905502556,5.987117278575624
508,54.20105039079735,6.684862255974968,urban,18810,125020,54.19838671455566,6.676309572528199
509,54.63701579536852,11.936883172546295,rural,6106,121338,54.648222356133495,11.9368107378345
510,52.06994935763471,12.083499312905714,urban,6466,0,52.06674871767631,12.070047310396518
511,51.76670807037003,7.877981565818588,urban,18919,137611,51.77313861406997,7.875141963825542
512,48.067772479871415,7.716463591107785,urban,9281,112986,48.061363010468206,7.712173939363843
513,48.73602393092881,7.430393736718411,urban,3339,0,48.73789211085506,7.435002778616644
514,50.62751293305751,14.27514453031808,urban,1359,0,50.62181570012075,14.274792317890295
515,49.93695386141131,13.085963667930356,urban,17924,122643,49.94922902580291,13.0996461241671
516,48.31588613593622,6.728510252757417,urban,15519,101756,48.31847093703942,6.727714789830366
517,50.77459246276178,14.47988390093833,urban,15669,93969,50.770563862212846,14.48377875933016
518,48.50615260599398,6.79813697409499,urban,10355,0,48.493525694119896,6.807575007261064
519,48.93525832636993,8.130415265948583,rural,15664,116372,48.92073609580909,8.130696446879224
520,52.28850060273634,12.882841411594343,rural,3893,107333,52.28378409586496,12.88316895233797
521,50.47186347628402,8.059346571091945,rural,11792,0,50.45861662682175,8.05246678061808
522,52.55317745051739,8.169282172090996,rural,3464,0,52.54969992769233,8.183614201917518
523,50.41859074738877,8.551905476886748,rural,3875,124308,50.42252121818204,8.544219969198034
524,52.802451634191165,6.259739931413233,urban,2240,95761,52.79723391947628,6.262810908041208
525,51.06208750668335,13.203000397434042,rural,4501,0,51.07181964225032,13.20300630786096
526,49.28593223430087,11.833809148204386,rural,984,113436,49.27826248991724,11.832841654705904
527,50.542581077903584,13.69922805933943,rural,583,0,50.53534765054841,13.699809955188522
528,54.48955701771611,9.146482465044777,urban,9058,0,54.48532835682135,9.155789620462048
529,49.34330431866997,14.66367742229812,urban,5168,0,49.34164619597107,14.655900653414523
530,52.95199645553117,8.192328094420514,urban,7057,0,52.95784933357377,8.183189729845605
531,52.76818565439656,10.2778316492317,rural,7454,115279,52.752930034500864,10.257114604578774
532,52.77206252014197,11.921560527146871,urban,8389,124660,52.780824182410434,11.912974895307771
533,52.29889682626373,11.374477036910612,urban,10549,0,52.29585951636301,11.38093862042838
534,51.12580107045888,8.654740293228212,urban,15195,0,51.140514782933096,8.663368647591025
535,52.48260688482277,12.866747615276878,urban,12055,118427,52.47334230541909,12.859470679135926
536,47.98822004083488,11.918004890404534,rural,18270,105815,47.99845627013382,11.925213180701084
537,52.47227062556658,10.937698328519986,urban,14724,141221,52.47043707347827,10.93664522333165
538,47.53614297093683,7.803276069395355,urban,10866,100594,47.54287134289749,7.794860828350619
539,49.85343582661951,9.467780704964223,urban,9750,108882,49.86097336695941,9.449055243592378
540,48.29183314225976,9.515797422402056,urban,7241,109826,48.27613316597465,9.507268542311444
541,54.70133013640941,13.806802553979551,rural,15840,120307,54.69660434186,13.813486503787717
542,47.570891103500486,13.575511182132583,rural,1797,0,47.574362563212446,13.568020400498956
543,49.27417942756601,12.082454779762982,urban,3588,119407,49.26245312143741,12.084636664296516
544,50.57594914228128,13.628363441515273,rural,6627,0,50.56964143503163,13.618614183647605
545,47.432620269657306,14.96788089575827,urban,19083,0,47.43103261753359,14.976888914759046
546,53.49724312628241,12.520710164665614,urban,18056,130205,53.497041932642034,12.513051727421376
547,54.6234383435483,9.585077443358909,urban,3437,0,54.59218518338688,9.561688184374171
548,50.65596779747734,10.999985402817774,rural,7198,0,50.66185407953457,11.012154737294964
549,47.881903916264825,10.593985261110737,rural,9177,0,47.87720809991402,10.59899120287024
550,54.38530933148882,13.453595774905548,urban,8731,0,54.37703115829726,13.470564423093627
551,50.65256396113904,13.866631652521232,urban,2081,0,50.67605754589014,13.86855323780305
552,47.88317038898444,6.3830788013442605,rural,5670,81088,47.87765926200564,6.370343791807221
553,51.07247876482167,9.909003358864616,urban,2909,0,51.07775936738761,9.907911995671634
554,50.40628987253496,12.123343230790766,urban,9803,0,50.3915174323057,12.098401759408642
555,47.43776744506544,12.300210731052935,urban,15239,82527,47.42650936601041,12.303131294014516
556,51.14347897344217,8.35827554696517,urban,14891,135079,51.14218098763272,8.362707792997123
557,54.85297023718378,10.370332809166484,urban,6987,0,54.86379688210629,10.370522495999982
558,47.69926834053771,6.025157581243869,urban,3422,0,47.70860818691835,6.028260039428783
559,47.72298444058863,11.840749740357582,rural,11899,0,47.73352855597257,11.836485275814969
560,52.78699671659577,13.528034989381414,urban,14617,128168,52.79012613377608,13.529625672399472
561,48.56703113723262,13.13413936568218,rural,2457,0,48.57400561500376,13.130169448079506
562,50.84403170081491,10.767443288990709,urban,18813,134808,50.84767829782624,10.777083983713284
563,53.07375819176772,13.611086804336356,urban,9454,0,53.090478814562886,13.613286407886196
564,48.30192727312853,13.997138930614998,rural,976,94406,48.31489109840606,13.975390824843632
565,53.005515040037146,12.31783082791137,rural,19925,0,52.999808622951775,12.313751232726077
566,48.12846181894777,11.47189193399126,urban,11795,0,48.12661102839536,11.469482157781863
567,53.26294657149519,7.462384454643084,urban,4484,123223,53.27344368271413,7.46431128154666
568,48.69962072615927,7.684050856584076,urban,16668,0,48.69645070709324,7.688961961661117
569,48.84451487590356,12.304916749247848,urban,3950,0,48.85834131256696,12.294472781756896
570,53.00680897903665,14.110500408793431,urban,16042,0,53.00803153416352,14.103988635023104
571,48.46095120927036,11.198631030767237,urban,14648,0,48.456256291899805,11.216734390073809
572,52.33625144089044,12.18312783653626,urban,16521,140553,52.34644609986552,12.18403857903888
573,54.32146004626374,14.734378014815771,urban,9513,95906,54.32387817669874,14.72625264447411
574,54.12586370281128,8.301714842006247,rural,8930,110746,54.11334959552738,8.298489976861495
575,51.72405396724387,6.808871580387666,rural,10619,0,51.73153073138737,6.80384799903639
576,49.87524665901823,15.005289247742803,urban,9543,0,49.86345311831386,14.997083382588889
577,52.987817878447366,11.479763536632618,rural,15333,0,53.00332272638297,11.502826557716288
578,48.87490212249908,13.331130215485926,rural,18454,0,48.88454660179829,13.339768449948265
579,50.51784873034363,6.729256968505305,rural,13352,0,50.53803046183028,6.714168230591089
580,52.92223242857076,14.326315928141714,rural,14554,109850,52.915268862643806,14.325274037699266
581,48.6339192791376,7.703779625306952,urban,18910,120264,48.631625636361214,7.698233731582733
582,54.46304899209399,7.413072044870207,rural,13018,111350,54.44633468590371,7.430071316573002
583,51.27469696513501,9.793592915330647,rural,9436,115063,51.28171226250529,9.776550508288205
584,48.08799430187992,11.976608310075989,rural,9216,103870,48.08441972969199,11.973686921988165
585,53.102731540954544,11.202920512005043,urban,18732,134171,53.1127482753914,11.200853400195802
586,47.5719174792657,13.2717186952397,urban,18538,0,47.57962410242447,13.285289052044982
587,48.78062083582635,6.800549956779384,urban,6398,85680,48.78459563790282,6.78348207669232
588,54.66524756629282,8.90752697948587,rural,9479,99905,54.6584365000515,8.922589225191553
589,47.87129020506114,7.300905824986106,rural,17065,0,47.8895198779243,7.302575417190535
590,47.88675922760325,9.357623268206298,rural,17976,112171,47.87139818379921,9.34751503175742
591,47.59452827470234,7.939155508918162,urban,1532,82364,47.5974755353029,7.937295334126629
592,51.21109795969173,10.098904080325305,rural,7707,0,51.22086622390086,10.099431244477037
593,54.53021626899822,12.380601900367765,urban,7299,136742,54.53630408566714,12.375534549066725
594,51.51815045035909,12.62982899739114,rural,13453,0,51.497008223746654,12.625618662579855
595,50.63512106872889,6.569261737588215,urban,3539,0,50.62383337780675,6.550368826253743
596,54.03422759491392,6.786520825398164,urban,8260,120697,54.03201638383361,6.772988556020683
597,52.27928469548837,12.3276127851459,rural,18046,0,52.27656095222671,12.326471882196078
598,49.402689255653904,10.025210384955528,urban,4355,109230,49.40462180973805,10.031427339150463
599,54.04794657746489,11.417901761148912,rural,15395,132569,54.06372333567148,11.407485723503584
600,54.56472971760395,6.804330969671142,rural,4318,0,54.57228085178937,6.79855582364131
601,52.93320270996558,9.140655559848575,urban,6821,0,52.93361276919746,9.124375763442938
602,55.012015076984405,13.977782477654909,rural,353,0,55.02233641390448,13.970383912289666
603,53.2283490348995,9.583990083254562,rural,16571,112896,53.21412396343328,9.574350235141337
604,54.1211285201158,8.238805505348916,rural,8412,0,54.13895708946705,8.25931054393105
605,49.32507125346799,12.704147702308031,urban,8480,0,49.32096849312669,12.694020453371676
606,52.0012324907477,8.095520413424502,rural,1464,106431,52.00846977943412,8.106909392480265
607,49.91723750232369,12.749973719288768,urban,12531,119381,49.92100875574098,12.74271082095729
608,50.0477208991493,11.48995711286122,urban,3026,105265,50.08027560534548,11.492453076472009
609,50.01026117284813,10.484248755798577,rural,5468,117878,49.99165045377974,10.489635951165342
610,51.35673204351525,9.571304938573345,rural,4211,116609,51.35122717365699,9.56816910280626
611,53.3955971986665,8.28924605285138,rural,9451,122967,53.394781776401054,8.279217538074459
612,48.39251879325311,5.904182729694552,urban,12917,0,48.38569079488496,5.90489582305172
613,51.69419897361309,12.246617704403498,rural,19815,0,51.6951225627072,12.251776648720362
614,50.4748762080326,13.40846249696356,urban,16135,0,50.48605649184854,13.395854138495146
615,50.23379278216726,10.79130520064545,rural,6810,0,50.22092961995441,10.786189412789794
616,53.107405066683,12.915509981184552,urban,6478,120894,53.090111792934046,12.912724856093812
617,50.48436149720501,14.231358040477389,rural,2579,0,50.48045149602789,14.215649698604398
618,52.9777479056901,12.01278543317633,urban,3067,119594,52.99548354822275,12.01131212866806
619,50.79023726298611,12.979537673133368,urban,6917,108580,50.79530237613037,12.985557142524232
620,50.69287718242618,7.369141584607548,urban,16730,0,50.690957223651374,7.377471855247667
621,50.50817986431098,7.953574988877965,urban,11016,121430,50.50717203139746,7.949193774098233
622,52.0104225644828,13.72442939934929,urban,6164,0,52.02632320778429,13.715363472525532
623,50.78179399163909,6.270599319446292,urban,3487,80186,50.76561678542672,6.281930957625969
624,50.26519360363434,10.375848854308355,rural,9436,0,50.26487748294071,10.372775822154663
625,54.52551257609807,9.430798930453618,urban,19017,114900,54.513366248877695,9.417695905895837
626,53.47673614619736,13.585030275594534,rural,16566,0,53.47826993552068,13.58800010969159
627,51.217800434157226,12.945885433427964,rural,15022,125801,51.19971178098644,12.92859222774841
628,49.82682144314817,14.902306975750204,urban,7893,79329,49.84405907385207,14.89529935822148
629,54.81684996972527,14.59576322282748,urban,1194,73177,54.81220910631484,14.614973195514285
630,50.61153311510833,13.100534380876988,urban,4960,0,50.60204851144234,13.112496439566527
631,52.311040025257725,7.911482050316236,rural,13298,0,52.30261344206573,7.912529885364913
632,50.23988278579139,8.688746224839804,rural,10279,137857,50.24152027011096,8.70142250086373
633,52.569575687045074,10.416119137383893,rural,13652,0,52.572408745996114,10.414660608820318
634,48.90456018477951,9.19869297016574,urban,12670,0,48.90355566606764,9.178502386558549
635,54.73488538896892,11.654410233090449,urban,326,0,54.72861309774336,11.657382370325829
636,52.53469118221075,14.437166352728598,urban,17608,110988,52.53041466563501,14.441192644477724
637,52.19044589248331,5.913171824950692,rural,8064,75352,52.18323002325772,5.9121250311340905
638,49.60821571106177,8.074102295256909,urban,19773,0,49.60582540893149,8.090300140173639
639,48.87179185663153,14.107071986304248,rural,6463,0,48.85345643648544,14.106837909905986
640,50.58160992017825,7.291113750750327,urban,2434,0,50.585227514376186,7.296366560989314
641,53.78543487491241,7.012802438090665,urban,4865,0,53.785146430048016,7.01588521456982
642,52.84074168146009,7.573439227497353,urban,4133,0,52.84080399980555,7.583638005795806
643,52.435865646178165,8.476216762025906,rural,9386,0,52.44228363021461,8.483791871061529
644,47.74289154323375,11.96613294687122,urban,6817,86660,47.742387855269136,11.96695659780405
645,48.51090628701415,12.205048316639894,rural,7526,0,48.49041645915379,12.20301651363431
646,48.975390041551165,10.266596594635914,rural,13093,0,48.97775932786031,10.257884874727834
647,48.747299075822326,12.41986093272547,urban,11167,121462,48.755126665725946,12.418378126292827
648,52.63653570814978,14.397850435376707,urban,15281,99255,52.65422325519253,14.388992290218162
649,53.682178753747,11.393476388710145,urban,6362,0,53.67485630912749,11.3888976735305
650,53.04685981744172,9.236288280155204,rural,1703,0,53.05711370658771,9.241219407063754
651,49.805878249340765,12.050411656636603,rural,3592,0,49.79456981741173,12.043889513164546
652,51.177754290820175,8.97117683765366,urban,8635,0,51.1703379667173,8.992773327838151
653,50.74092327626101,8.232201015978948,urban,16348,0,50.74131569668616,8.221664694520678
654,50.79977292113397,9.062119594301322,rural,8303,119856,50.80399357261294,9.06956795684388
655,50.137547659796965,10.324848686428751,rural,16683,120694,50.14416131122451,10.323870393246455
656,49.38737819441799,6.974544163739189,urban,8099,0,49.40513300735343,6.985248753090011
657,47.55572543330467,7.701398205737879,urban,14664,0,47.55147080658808,7.703596780052329
658,49.13146013907256,12.536553209907307,urban,19862,127555,49.12213200315438,12.5313290681384
659,55.08311294940098,10.116822920553524,rural,11980,0,55.07127111679486,10.129512249756756
660,53.36196053295695,9.97493048477982,rural,18329,111889,53.3447501826687,9.994613509472009
661,51.43504326322402,10.656890576736892,urban,9045,0,51.42351230614168,10.64791567460444
662,54.58047358986906,7.321931123412232,rural,15903,104538,54.58595815449463,7.336032146976081
663,54.4858620240416,10.81106233970037,urban,14354,0,54.49287123962228,10.802919669834928
664,49.618277575056936,14.726696705058403,rural,9602,74639,49.6278568768642,14.743957519110358
665,53.13213552809556,9.38248556686418,urban,4735,0,53.14131675950815,9.380095213636418
666,53.73580435537927,10.596711520921923,urban,14569,0,53.74584069611235,10.602786962766311
667,53.95493095068427,13.45471521695154,urban,3954,123193,53.95838873975692,13.451914367502912
668,49.36951356985859,10.180471642761688,rural,14285,0,49.34854504433351,10.192953201365489
669,54.55378718177287,7.623042838060559,urban,6689,91077,54.54619522877618,7.641430926155945
670,50.62898111861221,11.494399737712136,urban,7355,124051,50.64051691659285,11.489438473537891
671,51.17570595617015,10.552180996824308,urban,18349,0,51.16075817361425,10.548166265344898
672,54.04322861037377,10.596479656093212,urban,6300,116587,54.0604544980062,10.597027445083432
673,48.85099877292113,14.236928336471568,rural,13112,0,48.85126573001083,14.250026300713962
674,51.405630926722125,9.597330721267353,urban,3933,114899,51.42274422522666,9.597849202973324
675,51.10706958546168,9.59944428795518,urban,9206,0,51.11683183250801,9.595273646800432
676,49.32955317815907,7.248886799437885,urban,17309,110988,49.325052675435415,7.253559271616333
677,51.85565168411367,12.504394077980145,urban,11319,133471,51.85897220338175,12.498535087568609
678,51.3165153248477,11.003648874675914,urban,7227,130603,51.31607037889811,11.00394361553755
679,52.723723115109095,12.751365999951446,urban,2538,0,52.717969392719496,12.76188262055532
680,53.33444475644756,7.871947527567629,urban,15941,123424,53.332238331288494,7.859136497421795
681,52.76444583162144,11.311304331548463,urban,15959,0,52.78131164294344,11.308670135664878
682,53.03387113392473,13.89096858653398,urban,4372,0,53.03155430255584,13.889960118903884
683,48.97341189894794,10.625679032420198,rural,6040,115182,48.974172456162506,10.638997788761149
684,49.56535383475071,10.617392091511974,rural,9419,0,49.5610393382477,10.614979905413568
685,53.23223333654792,8.52934361611151,urban,19097,0,53.22749047965975,8.526312709823559
686,48.18109861138708,14.206622684104982,urban,1423,0,48.18730228762247,14.219712044143002
687,47.38274804756611,8.824562584839306,urban,2783,0,47.405983757041405,8.838231139076406
688,49.765328852162256,10.62730766350344,urban,6390,0,49.76563281991179,10.621682119659484
689,49.00023087509737,7.583187360834659,urban,9327,0,48.99720549621515,7.570664260210116
690,50.01496394074728,13.041896987070924,rural,5452,114091,50.02834691972692,13.030164105505827
691,50.741168072094,11.54462503244201,rural,5788,127450,50.74831140898264,11.562033667233871
692,53.24374982927626,6.351158665840003,urban,15830,0,53.24573425631822,6.3559602109088384
693,52.58146258365076,11.545588916207317,rural,16825,140823,52.58649236968694,11.54762285207476
694,49.287817764041066,6.568269899345512,rural,4557,105125,49.29313195088948,6.558530987908973
695,47.834197467872855,11.494776100488725,rural,11980,0,47.86087391954846,11.503474690979536
696,54.90548122474265,9.401652508040174,rural,1575,0,54.90030878213757,9.397513579699435
697,51.92016341645429,6.590989182160463,rural,11199,112103,51.9267360060553,6.592780837711193
698,48.63912952027765,9.835412164140658,urban,10062,0,48.64211580127564,9.84409932227672
699,51.31925819993492,10.570764764287963,rural,3756,134630,51.337065691829565,10.572723071904008
700,54.91692833916193,7.243851628850604,rural,1099,0,54.91494201656372,7.242843036305855
701,52.01568148700994,6.97608797172376,urban,19417,116417,52.03333671299436,6.979154205872954
702,50.09387614728717,14.48885952002454,urban,2223,0,50.09224421988526,14.483559894711302
703,53.29456216982464,8.00039767210648,urban,5858,120964,53.27967893597074,7.998236314918005
704,48.15733402795984,13.887779912695096,urban,18278,0,48.15878148829808,13.87965143979208
705,50.66757318019905,12.029909984464052,urban,5568,0,50.65680525894514,12.030652260841816
706,48.07622468173148,8.032363823402232,rural,9975,0,48.0646770477117,8.04374349684819
707,52.59441222324418,12.230040225969043,rural,7071,125968,52.59144928837886,12.23648428016222
708,52.85010471332666,13.665160051433428,rural,14494,120872,52.85444429531595,13.679185891435022
709,49.03915368821952,11.574794428707088,urban,18871,121966,49.049638363819184,11.56110538700607
710,54.32423394055137,11.97201634799428,urban,19001,0,54.31210163830311,11.968817751901511
711,48.79203424271626,11.930444007146887,rural,13746,130986,48.80079357072988,11.921209237487794
712,51.13635049613576,9.190655163662614,urban,17182,0,51.14822356743666,9.17571409104509
713,52.687028180636446,12.30286575924809,rural,12284,131471,52.68731391429095,12.30879284052604
714,49.53482757696549,6.866789935617789,urban,14774,107762,49.539002531635255,6.8852073237029385
715,47.56247531867288,8.02407328327843,urban,13871,0,47.57607997839904,8.027012466052314
716,47.65939360845198,7.406407227319917,rural,11030,0,47.6676543066693,7.412266133681284
717,52.49123745926633,11.155619411815774,rural,17073,140090,52.48290771542089,11.148965557037442
718,48.43274944030328,10.893499195222542,rural,15921,116746,48.43924724954962,10.886117762435155
719,52.62370633668236,13.606406100069991,urban,15863,0,52.62866105204108,13.61015653183456
720,50.428016615408296,13.296330577851515,urban,3191,120523,50.42644419596416,13.316230334864624
721,52.79397776802358,8.836491632236816,urban,7703,115146,52.78936117355899,8.833047224719667
722,50.063929590549606,12.614687354196974,rural,1145,98837,50.06979403113453,12.628115299257711
723,49.065443167116186,10.623160418149824,rural,3649,0,49.075324324456176,10.634728014537108
724,51.3216796565339,11.495652590661209,urban,5316,128243,51.319217120336944,11.494865539011048
725,48.91038242286188,12.557634707592168,urban,14273,0,48.92396951447064,12.545498003159972
726,49.256312236589935,14.577293986508826,rural,6048,84167,49.25636028756101,14.597633722243936
727,54.25368891244661,13.833026377967595,rural,1886,113887,54.24935463147325,13.822106161774906
728,53.85520112449106,6.805432740160826,rural,5357,0,53.85315321364217,6.8036679766534025
729,48.31845947959065,8.875915562468322,rural,12257,0,48.30391068322243,8.876309775260045
730,53.868130039346624,9.78715133554579,urban,12982,0,53.85981455514321,9.78522090906134
731,52.65644855307516,14.123964511219498,urban,13440,100771,52.67607156079325,14.138450841422818
732,52.369002809186455,12.01233836937634,urban,17876,0,52.36019135533341,12.014172983723329
733,53.9578766251218,12.297989451623124,rural,6872,0,53.95729268421309,12.29737117028706
734,50.64414003017719,9.304599396954815,rural,8585,125386,50.64809911918686,9.30740970417298
735,48.741524086636296,14.687604342553136,rural,15335,0,48.73475671657487,14.666318823567549
736,51.69292061143173,5.876647584042962,rural,12029,0,51.68283206152467,5.882009272097468
737,53.41192860772283,8.507589977608262,urban,10731,119625,53.41701750274727,8.49511964182961
738,50.77505424802922,7.472530209721946,urban,10939,95734,50.78652251520264,7.481989304770488
739,48.727100182153215,15.01150733015305,urban,16271,66387,48.732310888209405,15.010754054907588
740,52.857262786097806,6.353689550064194,rural,11545,0,52.84437147334306,6.374944107927337
741,50.65693071891584,11.919019953367876,urban,12349,0,50.64970189372828,11.90898213303768
742,49.349977538062056,12.643908710332289,rural,7549,0,49.34083687819534,12.642976747004692
743,48.357508157402535,11.956570466932035,urban,6434,99198,48.34249817772658,11.956541359765666
744,51.95387966480758,11.156257764449364,rural,15800,124679,51.986389673914765,11.1909793545079
745,50.64129124890812,7.988879525869587,rural,17795,131367,50.63561776223592,7.970347001934903
746,47.45530082102236,13.411495957279572,rural,9939,0,47.45381953103343,13.411135369189244
747,52.50648039595147,6.265008402115071,urban,5319,99031,52.51004233121524,6.263257992405718
748,47.67405825729104,10.202839191222496,urban,14085,0,47.67243970757382,10.201265942040507
749,47.41742254298244,9.593174082874391,urban,12563,68514,47.41261815002494,9.593833168304965
750,49.178648421785866,6.109602303710387,urban,17679,0,49.176875074798126,6.099141352614374
751,54.27795302694277,7.557134767630822,urban,11815,0,54.27785923615897,7.544501438719407
752,50.8803255490954,11.011573723648691,rural,6777,0,50.87988407640562,11.020586824203368
753,47.70695808413565,6.885062104507804,rural,8680,0,47.70364377827585,6.883683278951112
754,51.80124859019725,8.059468729213055,rural,16254,118729,51.78665523976212,8.072559530804575
755,48.9373533665032,9.159950213372896,urban,13616,134818,48.9555778746647,9.14247347015254
756,54.29000177452311,5.986281038341172,urban,2810,75916,54.28123990104218,5.983490788010711
757,53.39853845010008,9.54416898241612,rural,2971,0,53.39977889843953,9.543400225016867
758,48.68415649581525,10.444207527764004,urban,6653,0,48.68121534831963,10.436705509886163
759,54.863382122420944,11.107786596927394,rural,1514,102408,54.84387280307907,11.098824773686838
760,49.43268498097237,8.848959459474647,rural,19414,125312,49.43897786090316,8.875302306699982
761,52.98934678314315,9.4838444451718,urban,17254,0,53.00859651404976,9.49426672516529
762,49.68307268938931,11.168554115477033,rural,3649,107063,49.684071781596224,11.14936631695766
763,51.39478332154166,9.266419369160142,rural,13392,0,51.40891196975679,9.254117065396615
764,49.25932988278823,10.308915616395725,urban,281,114237,49.26712032432246,10.32599664867256
765,52.47248424177901,10.901329455635498,rural,15335,0,52.45532819590975,10.912656166321597
766,49.64362737587989,10.887684905986642,urban,492,0,49.65864096437532,10.874310150596786
767,48.95708182052553,14.960249518137362,urban,18890,0,48.957412930852335,14.976583558544782
768,51.32568738593917,8.46284550943344,rural,13672,0,51.33997245029544,8.478175830988436
769,49.97853897170747,7.31167871577919,rural,7079,0,50.00566991111329,7.299610665386539
770,51.47175740525434,11.876930599974122,urban,9928,0,51.46765153263696,11.872155837332672
771,52.78982061087617,11.1769604103628,rural,1032,132754,52.79941038456384,11.17143462734336
772,49.22830249977993,6.662062403142989,rural,19924,0,49.21290163208347,6.663673760700446
773,53.708775946949714,11.76176174378903,rural,17046,0,53.702625194515264,11.743847647848105
774,48.32931583585079,6.49404597857465,rural,9925,86990,48.330946348724886,6.482875792539581
775,50.11416635560097,10.518833664542893,rural,10620,0,50.11191859340044,10.51289591622071
776,51.47946398067335,8.051343580710416,rural,4682,0,51.49197753429703,8.040756927636714
777,50.99665312718523,11.669305979459434,urban,16350,0,50.98599035268372,11.682227113396992
778,53.51723563436683,12.437233497801769,rural,13706,128343,53.51973129642718,12.441206624440037
779,53.90270431759128,8.508686958176613,urban,15198,134319,53.90329174852002,8.498550281384174
780,49.97645882652824,11.978855759226594,rural,4243,0,49.97200653155717,11.989753953320898
781,54.92622250153376,12.85478153600063,urban,19214,0,54.91803756342111,12.878487005169577
782,47.54182128959492,12.56734412465212,rural,2473,0,47.543501033404,12.559169329465025
783,51.38003892427515,9.383113317938944,rural,7756,120281,51.37579998439044,9.388203802348457
784,47.96799751886249,10.46251166320717,rural,18298,118659,47.95631933978204,10.460596277657896
785,54.92408147525688,13.999216939982578,rural,6975,83229,54.94101437829916,13.98736871952724
786,50.24300290061346,8.718221599752592,urban,10386,137709,50.25208206964594,8.720338455944944
787,49.44654119044253,6.689243157483776,urban,7439,0,49.44492309821847,6.677433126552362
788,54.68135972709406,9.94354485613065,rural,18882,116603,54.68784206120701,9.963849527500631
789,48.799795460589245,13.970000613948836,rural,10490,0,48.78695530404553,13.948732980628908
790,54.31498562993681,9.041884622848508,urban,19090,0,54.31896237582576,9.046331091865166
791,49.13734440694858,12.125315345586376,urban,16457,0,49.15338838930098,12.113303979891825
792,50.91652299946585,11.381689326314248,urban,5049,0,50.92947767328261,11.381593970296668
793,47.42281895521644,14.046647144200575,rural,18638,81176,47.42450908908087,14.04085484136134
794,49.447314744170896,10.14081674816246,urban,13180,0,49.443780740453775,10.140042488112616
795,47.56489628181917,7.963550354936458,rural,2480,82246,47.57762758244694,7.961702093331143
796,54.15440070469104,7.235239178468261,urban,8478,126000,54.15689587176772,7.234883297473226
797,52.52843902126115,6.9222201201258455,urban,697,0,52.52424177295983,6.92734967226873
798,51.00241884979409,13.490535270727287,urban,5075,102328,51.01032174559615,13.468044906065314
799,51.54379163613347,10.940087312333544,rural,3704,0,51.5532067589435,10.922755699293267
800,52.14159878923541,14.784944580320994,urban,4848,0,52.14520802437252,14.782490315212325
801,48.277467764384575,14.78204131770481,rural,3814,62508,48.29337135835266,14.775842531319404
802,48.45256352803385,5.986827491235546,rural,9667,63829,48.45017013725096,5.991656029014817
803,53.83996486795403,8.862670166267005,rural,16985,0,53.83427454401354,8.858131394613366
804,48.16690555505053,13.3532307789784,urban,13749,0,48.14884124548352,13.354778141987984
805,52.61001156605645,12.064872635518377,rural,910,120199,52.6114819721431,12.084945877569073
806,53.70087351701925,10.313478152970609,urban,11859,122718,53.70473710549832,10.312890662806392
807,49.97358975470414,10.487166402777603,rural,16086,117542,49.99687504037791,10.485214955419742
808,50.37833889401108,13.390784477822606,rural,459,115135,50.39666445108173,13.409205770228771
809,54.94445968787811,10.101307610102609,urban,5855,0,54.93197754619364,10.110006242847248
810,54.96802355694789,13.717418427465107,rural,19339,0,54.95390919252373,13.7038701102272
811,50.95802670942141,9.962025182318884,rural,7580,124915,50.96867806936036,9.95726541721204
812,53.43129472192221,14.31469095926837,urban,11459,0,53.42994891500306,14.327808692996957
813,54.21965987583308,11.575864739438789,rural,446,132947,54.21360701269598,11.608064732201427
814,47.67299381759659,14.863105913877032,urban,15774,79062,47.67401414833109,14.862991783972992
815,51.868219755096085,7.874404237795892,urban,2125,0,51.86452466649639,7.883818264740357
816,48.558952189079,11.042055127063206,rural,5595,0,48.56153136401361,11.013503104371791
817,54.26226528913736,9.63770129027668,rural,7863,0,54.24406710489949,9.63975365522926
818,50.39408954633039,10.006405374918293,urban,5475,118269,50.39544387176039,10.014097611568149
819,53.95095993986134,12.346275938372578,rural,11459,135466,53.94704263527833,12.34909673107643
820,51.87530632405044,14.301999574428011,urban,19317,104237,51.88200217277678,14.294171051283334
821,51.13037229790742,12.49265129529599,rural,3162,0,51.13064379217751,12.496398531134073
822,54.236423323251,13.354827573311606,rural,4978,0,54.24309036855328,13.343832274743376
823,47.608498373024496,10.36197056792648,urban,2498,0,47.61521095869896,10.35035550390362
824,54.34183517495843,13.734083258471404,rural,10319,119778,54.33982555121828,13.736095321960551
825,51.31318293986416,13.561824636868652,rural,1280,0,51.31306675524828,13.56628961176957
826,51.99164872378842,9.964880682213252,urban,85,120948,52.00143995982285,9.969132311476056
827,53.43857856657063,10.787679874336376,rural,4115,0,53.4464126487098,10.79598274448218
828,52.24324846774488,12.674124689422236,urban,2635,107735,52.240421328962455,12.666071959119316
829,54.91989886156105,13.373727143026311,urban,13825,0,54.91508617732912,13.372137583127488
830,48.539377624541885,10.741685435607655,rural,16555,119615,48.52284839550276,10.738470659969424
831,50.76014456693154,9.07017800025483,urban,12845,123966,50.75963460974384,9.08451243804742
832,54.128924845197474,12.058362997975513,urban,3767,135374,54.1174776397749,12.086838131233597
833,47.83680818783614,9.948267360625197,rural,11761,95618,47.84448256860721,9.94205142879807
834,48.48298706526662,11.241233507435176,rural,18029,0,48.48691652489877,11.236016615582209
835,55.06334749505272,9.859512554549683,urban,10912,0,55.07156878946553,9.846072784116766
836,48.19899984866264,11.556271163008194,urban,11749,105965,48.21182512124565,11.550788896227724
837,55.080274094320494,13.56772137788028,urban,11593,0,55.09087572120818,13.563132475065348
838,53.82360598564684,6.497524605454165,rural,5153,0,53.83485849255055,6.491473040042679
839,53.40297992552858,6.191224108848438,urban,10670,94365,53.39993149630718,6.175340971118611
840,54.82521333461878,11.75869998447712,rural,7065,0,54.82958899580016,11.776577836923703
841,53.494443620185294,11.786395517699669,urban,6369,0,53.47800202510641,11.793239420516285
842,49.27058702340772,12.659600916035512,urban,12115,129778,49.27613408520217,12.669563673128906
843,52.31834181794919,7.143512203750283,urban,774,101086,52.32030896344752,7.14546954762106
844,50.16388109215816,6.687795263229853,rural,7507,0,50.17222085673657,6.678691995060884
845,53.74912263788255,14.40989793360291,rural,15816,125129,53.75850602299103,14.41574026911438
846,49.345935516714746,9.777296492514049,urban,4302,0,49.345119697722325,9.77635846500894
847,47.406022318146704,13.699405431434052,rural,12337,63343,47.40713817222364,13.68312166484149
848,54.15364674278563,9.483191458460318,rural,17443,0,54.15542124671207,9.487063178855994
849,48.25486245629431,8.180134679336355,rural,3668,0,48.24639740165557,8.174877584860594
850,50.05740247234732,11.779913571829196,rural,3199,0,50.04879337606214,11.791647186881598
851,47.97801170391397,10.337305485613832,urban,3486,114104,47.98738076279346,10.345920264956598
852,49.58767034878864,12.411891750792211,urban,1005,0,49.584885564963095,12.409204802132322
853,51.34886981955547,9.457180578687115,rural,7220,0,51.334214234471865,9.456115409655068
854,47.67719917515993,6.335009999183239,urban,922,69952,47.67436353676538,6.3197388772075405
855,55.06798639350789,8.891105638833928,urban,1875,64344,55.065499610399634,8.901535270749669
856,54.79553395286839,7.69060702335147,rural,17762,0,54.80002120210237,7.684821889439423
857,48.80617808905009,9.724004689720331,rural,12478,0,48.801386911337495,9.718646781103525
858,49.61738883208654,7.251968955966882,urban,11903,118473,49.6196810858156,7.261810366513044
859,52.49873121889625,11.213117541948089,rural,18391,142813,52.50040917343051,11.236383376617653
860,48.474174771709095,13.852604757447493,rural,19477,106053,48.463660631398966,13.856114564751476
861,53.89365069061698,7.627581514269675,rural,4439,0,53.89020787461448,7.632108958591527
862,53.96034233999367,7.969000013231819,rural,3474,0,53.964345415520505,7.973630660615814
863,47.890596383925725,10.345755487037984,rural,6094,0,47.880009428296056,10.346961664565082
864,54.84019984732942,6.246937523279615,rural,9353,0,54.84351123412499,6.244933807326904
865,48.71667831957027,12.479916252482363,urban,16893,125184,48.711497325751104,12.478449353520851
866,54.03020854828734,8.461755801361464,urban,8629,122718,54.023383889204254,8.466874957909026
867,51.474080482741215,6.949890442071194,urban,11290,0,51.46668997151445,6.927046288867816
868,52.39345646800705,12.019419350168448,rural,5426,0,52.37610496106847,12.02243079644324
869,51.95232337904128,6.710033244102636,urban,16118,118050,51.94085267215161,6.7033475331109065
870,49.21857701895708,9.057415753363804,rural,9380,0,49.20780025972203,9.053616835783698
871,51.060230853268514,8.829778403115071,urban,11994,0,51.04448788116744,8.812521935431423
872,54.68306535003372,12.54731413528948,rural,6963,125646,54.68109114131207,12.565929395256012
873,53.72394525225116,8.6446070950422,urban,5126,0,53.741215310509865,8.6354682360428
874,53.4769068326789,12.130332305835765,urban,12133,0,53.48293725934408,12.125447555025584
875,47.83206641663991,10.546076102115006,rural,3740,0,47.83789870786835,10.544334261755136
876,47.91283665915515,6.443844536449521,rural,5512,0,47.903706887489854,6.426257442139452
877,47.82723257398664,10.120836248230848,rural,3249,86603,47.80116821266562,10.120524853541337
878,51.19290811710373,6.808068486772655,urban,14115,111869,51.191760829840455,6.818245056686657
879,54.81175710341397,12.598674689051144,rural,12247,120644,54.82783278881337,12.584132169240403
880,54.44370573702232,12.93695122626412,rural,7684,131289,54.44800595261345,12.92998344785642
881,53.586846740835725,10.270315042008676,urban,11917,122642,53.5849325229708,10.263156482114974
882,47.80252413203079,13.47663583032434,urban,3555,74514,47.81400380008417,13.475016122875807
883,53.997708397074256,9.651925787810375,rural,1286,108983,54.008459093051584,9.651740172147488
884,54.594891335812,9.281782647251818,urban,16924,119811,54.59333766908984,9.298845418936498
885,54.66980888220218,14.06697721735607,rural,10526,116081,54.67722455907593,14.052167878669778
886,47.71844289790858,12.963894569721758,rural,13019,0,47.73326641552887,12.958166237176114
887,52.20803190848926,9.462413472996086,urban,4912,0,52.2068606291372,9.457489822254416
888,51.23602929255983,11.635313522008651,urban,19922,0,51.2423633086142,11.621726799761651
889,53.8210778355544,10.927528445186958,rural,6525,0,53.84285929340309,10.939869876420078
890,47.33627290014928,10.224275190573804,rural,16519,0,47.31482675058594,10.22020874744828
891,51.72110107473011,8.951742070117142,urban,10404,111228,51.71521551691632,8.961875510252115
892,54.01815283829848,9.345966195872434,rural,9925,121548,53.99725644662491,9.34773196769356
893,53.69425245346815,9.959139064887188,rural,773,117799,53.69730964420221,9.95661824926768
894,55.092334382357535,9.543189160687124,rural,33,0,55.080374912883606,9.547682809723732
895,48.47578037546516,10.81686435699364,urban,15241,0,48.4941258262584,10.82928163585741
896,47.96888553606713,7.540132171103316,rural,16287,0,47.95577388315885,7.551979602984806
897,52.07905564062606,13.742067946812504,urban,16903,0,52.078421500189656,13.741010515369252
898,53.8693834462626,9.326270364775011,urban,17207,0,53.86241698353046,9.313537497124472
899,48.733788315267816,12.403521622050029,rural,6652,0,48.73099805920975,12.403863013569095
900,53.08362203241014,10.08155035626306,rural,2549,103321,53.07537127378329,10.07674595702453
901,47.637004068214246,11.024606432845822,urban,14586,105902,47.63795277103178,11.017606968655311
902,48.04090877206284,7.660658908032359,urban,2884,105011,48.03670033163468,7.671712537134692
903,54.56131020088984,6.463223833177455,rural,13723,98901,54.57129373097116,6.480400709038777
904,52.54463991439855,11.063631435476031,urban,13159,132984,52.56026955729231,11.069065239995991
905,47.9099088772655,7.210591879714241,rural,14482,0,47.88665204573309,7.211460100122085
906,53.657816973132405,15.017818370943507,rural,3972,0,53.65816018572363,15.009853938166495
907,51.74764974395722,14.127447324314057,rural,18144,0,51.756294284767286,14.11097881457608
908,53.89156677667347,14.329121899193234,rural,10895,0,53.89609739521485,14.325599669652233
909,54.24128577114739,12.168986629128304,urban,17140,0,54.23834601428115,12.16291803634188
910,53.16440193876468,7.915792198568837,rural,18254,0,53.17273940022295,7.915858125172817
911,47.51182723301833,12.443444015089543,urban,10354,0,47.50957800707019,12.44050439016014
912,54.987823165621215,14.550685159586257,urban,11565,0,54.98459870573939,14.53627369415744
913,53.69411342824287,8.469417550488181,urban,1126,115323,53.704692908790896,8.468989229755158
914,54.15796825677937,11.552751147329127,rural,17767,139670,54.15132185664512,11.560073658757076
915,50.62894528215766,9.780346477402125,urban,6891,130391,50.64847020705328,9.793597625491444
916,52.384389372251306,11.774912486246812,urban,14450,0,52.38004916682024,11.791883843350313
917,54.6749285174448,13.657425695283116,rural,18008,0,54.67864892117098,13.66516979293074
918,49.51787492837681,12.324183942771343,urban,8890,0,49.52484106997415,12.332016602508023
919,52.9405936698997,8.06558577389836,urban,3897,121109,52.945881714979336,8.063172604057733
920,51.90399621260033,14.503717161594096,rural,10551,0,51.91048639942535,14.502966284332995
921,52.2455841243308,8.400121708279235,urban,19964,114197,52.23344378894561,8.394808828286942
922,50.39835739343911,10.411219680567328,urban,17463,123409,50.400574671563255,10.41091665659817
923,53.38770997602097,14.913654751836097,rural,19798,99811,53.37711352019274,14.92667997481483
924,47.46485613602014,13.533334881875938,urban,5540,65504,47.45809604661956,13.5233378816308
925,52.15569007799141,10.894265789523914,urban,988,0,52.16111562623736,10.899957262223824
926,54.17106497861565,12.758227562850657,urban,2949,0,54.18112352833261,12.755600482608434
927,47.69057610204212,10.963011911015668,urban,19630,104093,47.7071560258267,10.96177283682946
928,51.57751105200065,8.961156455502069,rural,19571,121347,51.57881735636668,8.956013973624609
929,50.06919078229541,6.431302235127819,rural,3642,0,50.07329200944435,6.436316876175248
930,49.08562737655132,10.157088630319317,urban,5081,0,49.09551461528773,10.163042957362933
931,48.47543325984365,13.94200098215617,urban,4016,96980,48.48912750985931,13.946672983617384
932,53.56496511200253,10.177646099317442,urban,11313,0,53.54453046284887,10.181938463740682
933,49.1316126267247,10.87067867556929,urban,8321,120409,49.14423227971331,10.878609697212362
934,48.25263304288287,10.424879179218898,urban,2435,99274,48.2425660891697,10.429398062768607
935,48.95704327672448,9.786642054409256,rural,11010,142908,48.96440221694137,9.789959961998594
936,54.30121212560263,5.989771140734566,rural,4017,75107,54.30878898071003,5.988949263810906
937,48.36217353747878,9.725171177263174,rural,12087,0,48.36017637437619,9.750047354673816
938,47.338415126314615,9.498890911704574,rural,14698,0,47.335871202223856,9.47774667692179
939,49.89021966301786,14.013780053636957,urban,5514,104817,49.896254107251146,14.00794500088301
940,54.95774156368706,10.986054912965216,rural,9775,0,54.96437619769948,11.009594007329008
941,50.41632121550512,10.642272649683886,urban,2306,0,50.42673419523061,10.636220720380686
942,52.19021638474327,10.974212799241876,rural,8260,0,52.18167781715942,10.976150104710404
943,51.12918970706898,6.081585478383931,rural,3556,74414,51.13069484159695,6.086788870917785
944,52.0330059439561,12.33973194721626,rural,17735,0,52.04455825312044,12.321639653720746
945,54.92866453362782,7.310628295308924,rural,18743,95602,54.94533619984709,7.313397962679162
946,51.15874383790463,14.955384471018094,rural,1344,0,51.15692598939968,14.96231377328202
947,54.11917673993054,13.135667790442977,urban,1933,116943,54.121457962789314,13.14436458377862
948,49.10896835677909,11.29232482641989,urban,5240,112679,49.09409834343459,11.288298150590313
949,48.008279893818994,9.997579714992929,rural,12945,106160,48.024616700922095,9.99053454741956
950,50.892857580094336,6.070632719125691,urban,735,0,50.88831594896104,6.0690731775824025
951,52.58938335321841,12.575707611208712,rural,3099,0,52.59608815163239,12.5864706227121
952,48.02831743828093,9.251756227011748,urban,4848,110932,48.03397133291978,9.252120143803538
953,51.62568440540034,10.387494885242582,urban,19916,0,51.62283290886752,10.38724891180637
954,54.73513450019274,6.256321283013134,rural,12919,90103,54.72690025408573,6.257225619857024
955,51.653859338039496,6.098794402404175,urban,18619,0,51.650836678944586,6.102359055988655
956,51.10499282800407,10.023370574626156,urban,15902,136995,51.10208245985941,10.028726498853764
957,48.49172107429216,8.976653130250998,urban,1734,113672,48.49699067766145,8.976168616012238
958,50.530016787593866,7.4978667821915135,rural,13777,108299,50.53326623739393,7.491411953443224
959,50.47298771829911,13.40811978377084,rural,11438,0,50.476767760598165,13.416378440592522
960,53.352421180446704,14.603887329057722,urban,7847,127338,53.35440474277981,14.597336735933151
961,48.59696199601765,10.766980991066456,rural,4077,0,48.58657250872752,10.762786241222608
962,49.0934840691555,14.815053914432488,urban,15377,0,49.08727230391598,14.82798307221663
963,53.24538724500974,13.232350584444244,urban,1556,0,53.25694320773111,13.234101436737696
964,51.40840211475292,10.948732896746057,urban,8806,0,51.414833635586575,10.975960624487216
965,49.39662738804111,10.516301746776236,urban,9262,119360,49.38921333275967,10.51683347872648
966,50.95779617185491,10.587026024941103,urban,12574,130936,50.97534176629669,10.599417665408035
967,49.0862171645794,12.956780666539233,urban,5034,112816,49.08442688139749,12.97090365530724
968,47.56071395493338,13.45743154683358,rural,6067,0,47.568645899306944,13.460062365106197
969,49.98642140444114,14.04271305632432,rural,6330,109578,49.98398304973575,14.045974300858074
970,48.87168261894252,7.894418176470753,urban,14330,122917,48.88453720894548,7.889640564338139
971,51.07399399821425,11.868941908089242,urban,11600,0,51.09637646109298,11.872440014142096
972,53.0792859180058,8.830793521017489,urban,5538,115171,53.05939767849004,8.831196461012745
973,52.88773860516108,11.926935024301711,urban,13435,0,52.86086036573592,11.9574795216365
974,54.475799108273804,11.552883070783151,urban,7873,0,54.47160225321833,11.555881836901206
975,51.9690102720192,9.755921116507238,urban,9283,0,51.971682278276845,9.742159150422172
976,50.264442609298,6.82897567162506,urban,16511,101178,50.26159798579247,6.838552556246012
977,52.80374661004053,13.592096836505544,rural,7857,122693,52.81271105288223,13.587696797379753
978,54.072639054357694,9.525133068297002,rural,16997,118932,54.06252707903296,9.514904243167605
979,51.757503637286376,7.17931905453993,urban,17530,0,51.75272973210495,7.1806045821387
980,54.73487020241806,13.73361271609492,rural,6529,113287,54.74414598941354,13.719264840647938
981,52.863753409872814,6.084100131121263,rural,13233,84964,52.85587246260652,6.094364612456536
982,51.73562579535518,7.165778055661532,rural,14873,129910,51.72937320530856,7.171965890087945
983,49.47740440539173,14.382216806891549,urban,17869,0,49.480978174433766,14.38023066915781
984,48.07916348813499,9.203261872490746,urban,13309,0,48.06025822003093,9.212069639256809
985,47.64029335627438,8.842439335437739,rural,3737,0,47.64664532853087,8.858412854136262
986,54.85656760007744,14.097966171135836,rural,4090,0,54.84605715995748,14.096983931125944
987,50.7021022476477,11.27199618277007,urban,13168,0,50.69161054018101,11.274495538929392
988,54.76521824653072,6.419415748503654,urban,3041,82310,54.76675846967524,6.418833574988397
989,54.375111122861625,14.7134827630734,urban,13606,0,54.36194080261617,14.72329357228598
990,47.32175251623544,6.0351919551204265,urban,10180,0,47.31748532519012,6.039540740633303
991,47.32774997216179,9.071522154595709,rural,19570,71671,47.334709875052496,9.08327125883189
992,47.68292060492253,12.60322109693776,rural,13575,0,47.67053323808916,12.602369102717851
993,51.85333686799294,6.900824053570448,urban,13487,0,51.8493710963271,6.901366425634082
994,49.15119770330627,7.897538302355655,rural,11577,122344,49.13618575257396,7.906837903031866
995,50.07519425403245,7.220672469430577,urban,18477,112892,50.0781214973493,7.213482699686358
996,49.50175457377491,5.886307579791058,urban,10082,64856,49.50071421907766,5.872945948477886
997,51.442281660693176,9.651344375654467,urban,8132,0,51.43983949202266,9.672032625064972
998,50.42571444844353,12.512316603531437,rural,5907,0,50.42002782750957,12.495004051736183
999,51.851370413443725,7.1526767392802135,rural,12013,138997,51.855104065088405,7.163456102326061
1000,49.09085724930015,6.822142286096852,urban,2822,0,49.0807381569652,6.833215547631131
1001,54.49283913418861,11.82397175056619,urban,9313,0,54.48699284030389,11.82126797029514
1002,48.87270375639863,13.37084845365372,rural,17488,106390,48.861544428375794,13.376229774860326
1003,52.74277822990345,10.035779835182227,urban,1522,0,52.74726719712502,10.062027433717416
1004,54.27421227147071,10.145971904310676,urban,4308,101402,54.27994991311953,10.142092722286124
1005,51.9382664573584,6.452509246927637,urban,1071,100665,51.92327889680745,6.441576128869942
1006,49.814166918427965,11.447604681291107,rural,2696,0,49.82854240282187,11.438698655836072
1007,49.96292749399502,10.918636520567786,urban,2968,0,49.96891374400922,10.92553612512035
1008,49.27248774522977,9.77539705320241,rural,9628,0,49.27036964982317,9.775574905234798
1009,51.89427978529714,9.673881628271248,rural,4596,0,51.89344969034571,9.665843466758702
1010,50.44394588548826,11.07569256937645,urban,13702,135038,50.44492032075789,11.08925815228486
1011,51.53160364725103,10.920993552970693,rural,3069,127400,51.53567969507532,10.926724395204618
1012,53.18904141379801,14.190639052751214,rural,15739,0,53.20305626610367,14.193044498829964
1013,52.907993126919095,11.146120343831102,rural,18977,143712,52.90267498498788,11.12877641154557
1014,49.33418777555291,8.007676478366813,rural,14740,0,49.34824248754587,7.998654912088088
1015,47.5338673146094,7.625334158033667,urban,7889,0,47.542229027048016,7.637791777920415
1016,52.52881286744562,6.744162657005566,rural,9624,0,52.53199148510304,6.759503334125919
1017,53.61147492782055,14.72480177588274,urban,18483,132440,53.61152513660868,14.726139222438482
1018,52.66689424106194,6.228607181311069,urban,6264,98559,52.669577744101886,6.219996546782664
1019,52.18162631477965,6.974103641660901,rural,1797,0,52.16746533037393,6.979951776710675
1020,54.00148597369098,6.305337032524237,rural,3472,100067,54.006588629194304,6.303018256627654
1021,50.8129403027196,6.647783322079194,rural,13800,0,50.816330472767255,6.6395473876940585
1022,54.6577754880745,10.662868776428088,rural,13612,123264,54.65972202082751,10.659001793044638
1023,48.31857266977206,6.643575129750151,urban,2579,0,48.32015679584728,6.645562300436736
1024,49.577427111085456,14.239098094666195,rural,6402,91054,49.55395011001816,14.235809407809167
1025,49.78701343081287,11.811079016779356,urban,18627,124302,49.78861525754997,11.79172560820539
1026,49.94340471798552,14.520974942422052,rural,12967,0,49.95008619348834,14.514269172391268
1027,47.272372678137536,14.738298327319876,rural,12537,0,47.268897638282105,14.722917623595448
1028,53.44261800891952,7.54067806415288,urban,19495,0,53.42950499070106,7.53031632758637
1029,48.31897892680419,9.638841079348529,rural,11637,0,48.32613354133749,9.64424613657193
1030,51.68477967472729,15.033336932099232,urban,25,53447,51.690159541275136,15.024950493292788
1031,49.04625230869428,9.620118569597864,rural,12580,0,49.04140218664156,9.636405772858495
1032,47.78011560995775,6.803657044871764,urban,9436,0,47.77484923060729,6.790586305423826
1033,53.19634763427325,8.023952177949909,rural,14613,128151,53.194372226240816,8.006500729036041
1034,47.83044504997498,11.44179359661008,urban,13564,111936,47.81976594240353,11.452040743745735
1035,48.98447813650877,10.89697327044139,urban,10930,120842,48.970186041926375,10.9030020781445
1036,51.68261151309195,12.224348964073824,rural,12410,136466,51.67782736216758,12.221910576071966
1037,53.864812100381776,8.846274986050018,rural,11877,134614,53.85828324575693,8.837384318697351
1038,52.41157746027896,6.964967566676692,urban,16390,113316,52.41652626936994,6.971563192025346
1039,49.58362754857422,9.946638049929474,urban,9253,0,49.58615773782223,9.935120088233418
1040,50.446555743776734,12.94910360456018,rural,501,0,50.44714991854864,12.928532924382472
1041,47.70798081414207,6.303225269411048,urban,14706,0,47.72189802366463,6.303667881941327
1042,47.936143261542114,6.560370128071193,rural,14184,0,47.93134736644597,6.559699637436757
1043,47.46100325771035,12.692521718370276,urban,369,0,47.44264392680482,12.687222131195275
1044,51.27825320341849,6.192552887030299,rural,15984,88670,51.28196379245961,6.195714856127578
1045,50.085896031941175,8.512805890247177,rural,17355,124314,50.061162198679696,8.496105179807847
1046,52.51247399523071,8.455895085370575,urban,9834,127729,52.52594876184617,8.45882894128942
1047,49.45301636170208,9.61447741933206,rural,1346,0,49.44717992165344,9.632823953073892
1048,50.64801045182264,7.980426421315051,rural,6216,131609,50.6318747889149,7.976089705818139
1049,48.25080394275858,9.887243266720684,rural,1946,112564,48.249331188447925,9.871142600185928
1050,53.32321442576654,11.931787875166744,urban,19073,0,53.33231029014361,11.936697162584473
1051,49.6327289435349,15.02561337692732,urban,18103,0,49.62897496529861,15.012575488397657
1052,51.433833715549774,8.552932607174743,rural,13533,125412,51.43926695761672,8.538131470580158
1053,48.65840369423797,14.183415779292778,rural,16774,100463,48.672190037399474,14.174286393998964
1054,48.14576491390521,7.039015301037973,urban,3741,0,48.13636603414648,7.046592599395535
1055,50.083574220621095,11.30852778556512,urban,1431,0,50.08181755044908,11.32348249502814
1056,48.70024830474717,14.277558298029364,urban,11360,0,48.69042049850067,14.296055971958232
1057,54.111750010531054,10.663373730779448,urban,19132,126571,54.11669140915632,10.658169764202826
1058,54.75151388648631,10.285985551422256,rural,2729,103294,54.7531766673646,10.276895337804032
1059,54.49291497382544,6.941292301252055,urban,6736,112151,54.49790870188746,6.948875325278267
1060,49.16744193270522,14.107173536223966,urban,13958,0,49.158843264761984,14.115211460862856
1061,52.63964782225041,9.09650508356901,urban,18477,0,52.64092899288607,9.081202132232397
1062,52.78386669689078,12.509245348071715,rural,11803,0,52.76951018142963,12.506947963224924
1063,51.495123930850085,10.137385530523712,urban,18874,123355,51.49874251773762,10.137219250283502
1064,53.9307974139745,6.805981038285854,urban,3237,112180,53.92226842875389,6.808018154646872
1065,48.1046828599912,14.452239278352984,urban,9430,0,48.10461848433765,14.448987410537663
1066,53.86177590335785,13.879815052511796,urban,944,0,53.8709301989208,13.880211621376631
1067,48.543782247494015,9.802257855512831,urban,15116,0,48.536059206242506,9.805486105942007
1068,51.36180759775531,7.124058889615233,rural,1959,0,51.372368670690975,7.112245930915607
1069,49.97480531960959,13.742850914324409,rural,12280,106544,49.976129100783474,13.746600429334316
1070,50.3115537173114,9.345037093407864,rural,17058,0,50.31643407069767,9.344117024786488
1071,52.92873803355867,8.81638223202912,rural,3934,108993,52.919383383543824,8.814038341600035
1072,49.72670819711448,6.78984276979699,urban,11742,0,49.74175794393934,6.790303528430814
1073,49.69606337730626,7.246836745404842,rural,11234,107397,49.70876957270988,7.2622162310775105
1074,49.4156900360869,7.93552091868316,urban,2228,114295,49.41827326111004,7.935065726970847
1075,52.66493348117008,8.593216264857086,rural,6187,0,52.65681900833307,8.591690939751084
1076,50.09627102133622,12.42292213403836,rural,1664,0,50.08656345689047,12.427596151001842
1077,50.0535333096464,10.368453619261812,urban,12033,0,50.046459957541714,10.377827291154633
1078,54.254197481731424,13.163515438508842,rural,13383,127352,54.250143416434334,13.158714983321994
1079,47.4121474924436,12.151351140590275,urban,10684,79744,47.40706405480523,12.153133765711154
1080,52.85556160392864,10.840034021205708,urban,4081,0,52.85944576284626,10.831057646242217
1081,50.19780649533159,6.953119988237504,rural,17266,112023,50.19021280133792,6.957321896721374
1082,49.89841205006945,12.137910954881388,urban,13219,116178,49.90556990397008,12.14311039393042
1083,48.701991083851055,13.451082886609804,urban,19592,0,48.69875144881394,13.461560832829177
1084,53.99589046709641,9.056156681102436,rural,10103,0,54.01118035631338,9.05059524420508
1085,51.31525280904423,8.681020004315497,urban,4688,118265,51.32151224384074,8.688714575377285
1086,49.14608742631594,14.857840700993515,urban,16415,96455,49.14773374554178,14.863613027604911
1087,50.87841384558585,11.43707288558776,urban,9355,129599,50.88440946749516,11.448171754141232
1088,52.37933166396735,14.74748944793425,urban,14217,96846,52.3822505881796,14.74705213207907
1089,53.68561879592709,5.908645162991092,rural,8914,63668,53.70403334595569,5.89614485687405
1090,54.226159863523215,11.761688025462847,rural,10632,0,54.22580896657198,11.753975828973594
1091,52.044969797320185,6.903712969360845,urban,8639,0,52.03922965389763,6.884324258210765
1092,49.812453973371575,5.887312702619295,urban,2767,57799,49.80704564125787,5.885406343294559
1093,54.28664413096802,7.310568356461594,rural,12163,0,54.30333009544618,7.304283376353562
1094,48.007315343698615,13.3995196170457,urban,4901,88749,48.029129405779344,13.406797580121143
1095,52.12282098624963,11.478449269750834,urban,1774,0,52.12711192944388,11.463601998094036
1096,52.78495787183466,14.229034402723212,urban,18394,0,52.77858819045058,14.242109946345195
1097,51.3652866603349,10.61158627234245,rural,9133,134825,51.37745638044688,10.591070088520391
1098,54.68427392102269,14.84523417310024,urban,12555,85507,54.68662746290185,14.85855906482837
1099,48.77977588987128,12.791915634955888,urban,2369,109624,48.790557065157685,12.784088068374489
1100,53.192094171880456,13.65477226616298,rural,17756,0,53.199327722792425,13.645186811192536
1101,48.94780632799797,13.86082894098713,urban,2618,0,48.93859946914392,13.859088788112684
1102,52.39293704160352,14.435735213620326,rural,7259,99345,52.370728218416254,14.427650126096696
1103,48.637602156632525,6.064190053227786,urban,9779,68826,48.63617017547352,6.065234353913426
1104,50.6888217826882,12.801319893099537,rural,11862,115683,50.68197668487497,12.808986970955766
1105,53.28198304000737,7.606584232986625,rural,7326,0,53.278995927178585,7.612667977512333
1106,53.17061856480121,9.181071893536986,rural,3448,0,53.160019647587184,9.16795613715993
1107,51.830110689248,8.6708108154292,rural,19333,129245,51.8449231516529,8.673853228424491
1108,52.27480650930168,14.591950810561467,urban,7300,94730,52.26978758928,14.592921298943413
1109,48.8216448205427,11.591368486049792,urban,14460,128178,48.805380875482015,11.59657255484796
1110,51.6332620954875,9.722771836540929,urban,3095,107625,51.63594807146785,9.711220976159488
1111,51.82747505073666,12.832482861925616,urban,18958,0,51.82256745790011,12.834233796366268
1112,49.89526210467756,12.4958815472944,rural,5015,0,49.9038856698165,12.50134916712842
1113,49.697355938793336,10.485326295166056,urban,7631,114404,49.68503396071858,10.471501064498348
1114,47.910440899731874,7.890808020168261,urban,18180,0,47.89871200923654,7.884181497179965
1115,52.95266106066678,14.71977589093872,rural,4929,0,52.93878655458023,14.708401239614435
1116,47.44483585489205,12.562828186624436,urban,17587,0,47.45267704289969,12.54404349964322
1117,51.95597388350595,6.557897014854223,urban,6100,103304,51.97316852963529,6.546828785784628
1118,50.46869353159792,9.432637909197336,urban,15098,0,50.47016437347361,9.430472580120576
1119,54.1261985307309,8.828043630048185,urban,16732,126715,54.140894349809976,8.843064427546414
1120,51.57728403449555,11.85515582476884,urban,18325,0,51.58042934504567,11.85173321519575
1121,51.45083402910821,7.511117546752297,urban,7317,0,51.441774246768965,7.510890119880196
1122,53.39406622543,6.817994558716432,urban,13752,0,53.38504848063309,6.791680418116102
1123,47.9426435013137,13.320467250201038,urban,18273,96057,47.94533273907293,13.308167831732309
1124,53.52195065301521,14.665805532561269,rural,8840,133124,53.51597219818053,14.67732205903535
1125,49.39096750051393,14.207273497406526,urban,11741,96012,49.38947682530693,14.18945948056103
1126,48.16569808412746,11.238144412334329,urban,2752,0,48.15897146782296,11.229670193157515
1127,48.18091099646515,6.388458832658168,rural,17993,0,48.1926640236695,6.378946324335161
1128,51.63342352644874,11.810938372231794,rural,9383,127415,51.62267376073552,11.810740189659102
1129,52.8771760983507,14.607938527371118,rural,10506,0,52.8562261139436,14.619925836096236
1130,52.4937922254368,14.639517054228106,urban,597,94817,52.4961545242049,14.631249323893709
1131,54.17284135816459,13.254853066767785,rural,12128,0,54.17181507708058,13.249697014853895
1132,50.52515049521457,15.012193914195349,rural,2001,0,50.52540503948316,15.033249551619512
1133,54.62805862989717,14.163187665908666,rural,19144,0,54.62782160946131,14.176177279662266
1134,54.53317238444768,6.771079084760573,rural,13923,113139,54.53761250058623,6.765599751379567
1135,53.99329615745369,13.751403456600915,urban,11807,0,53.97980955795284,13.751591255527314
1136,50.5342053980518,9.986454589738864,urban,2205,111831,50.53464484170403,9.99071940253344
1137,50.23951351009593,13.06322925765921,urban,5412,0,50.24608430127582,13.082465163309443
1138,54.08159213007856,11.629957318622775,rural,5732,0,54.08461310662437,11.628159310532364
1139,49.98895482100952,7.326313873211684,rural,7842,104862,49.98821209985745,7.32447428329015
1140,50.86342027686848,9.996628170719148,rural,15133,0,50.86572678013123,9.98833228866311
1141,52.0688602061502,14.55517308978004,urban,3306,0,52.0717083329214,14.56108636372396
1142,48.842880215196764,7.666843718037327,urban,16801,0,48.83945348038311,7.6694851437879645
1143,52.3463737933937,8.723805655203458,rural,17624,123997,52.342393153484544,8.735608476231562
1144,51.70746664705469,7.103783404244429,urban,2605,116026,51.70436484306363,7.092013262136973
1145,51.08419476020894,12.355951054478112,rural,16788,117961,51.095872398158754,12.361027350955096
1146,49.78030293800023,11.968246225643083,urban,16566,0,49.78398841503317,11.9573569939428
1147,54.51850072886524,13.798212944733308,rural,3559,0,54.52484664575393,13.807895913356218
1148,54.68046990963556,10.17082840728878,urban,12654,111838,54.68698664036013,10.17669326251173
1149,50.47820246647282,8.744418541165992,rural,14442,128148,50.48549508553364,8.746003573641408
1150,51.035862184508034,6.51791547664336,urban,2705,106453,51.04827946587116,6.525201074242346
1151,54.24788896895109,13.659517247856002,rural,9929,133268,54.23573970634571,13.65089275024351
1152,52.25639857421338,10.9145777251911,urban,15233,0,52.24079059828921,10.897078939483878
1153,47.43230008799485,14.44108762766299,rural,11812,0,47.42205621534329,14.446830044119729
1154,49.6882648724542,13.540083061635862,rural,17672,0,49.69121316630809,13.540121248646829
1155,49.24517036622935,8.905970278494593,urban,5488,121728,49.24925991187404,8.906014120376378
1156,51.39581800606325,6.659757834403767,rural,13008,114691,51.381999507019415,6.665392290703011
1157,47.34344472185361,7.951566652568479,rural,6293,58203,47.3485617898431,7.966225821134394
1158,47.93354323907546,8.242027244740633,urban,2656,0,47.95362839998599,8.248446350130878
1159,51.106053057000864,13.816339841245991,rural,13949,0,51.08286176530196,13.803751079564304
1160,54.76410350460289,13.114928791550126,rural,14264,0,54.74502442446597,13.121241564052026
1161,48.17998693262597,13.928590046973149,rural,14177,105013,48.18619617509632,13.925636120426294
1162,47.86054765946259,11.348685893128252,urban,14305,0,47.86206070889163,11.36877802773063
1163,52.24028501186662,13.206172267608723,rural,4199,113716,52.23977997673887,13.212308784465424
1164,52.11607957799431,12.899648441765418,rural,3166,124882,52.104417650742334,12.902616225491748
1165,51.66840007173851,12.280658669585485,rural,9516,0,51.66471812073075,12.278181524407648
1166,51.72027069770222,9.50818805343794,urban,8348,104710,51.715111699392416,9.518299723389855
1167,54.70451115162853,10.040102584389896,rural,19931,0,54.69753348089846,10.044279056884111
1168,48.15432819890905,8.070225321449831,rural,7857,0,48.16119357139027,8.0751580119333
1169,54.58491341587874,13.486140901583546,rural,11886,0,54.57729787074805,13.485821721262043
1170,50.28293935524511,10.601674651933427,urban,7658,118596,50.29359597988925,10.587259085004735
1171,49.80608597410676,12.165434246191746,urban,18177,122648,49.81333449752557,12.167873425400922
1172,48.53410539686616,11.225089595626947,urban,15578,0,48.53497186721042,11.226555473477266
1173,48.258938180040936,12.23946708393122,rural,12304,0,48.2594603099082,12.24927773078156
1174,47.32507894047468,7.773093485541838,urban,285,59316,47.32778148257344,7.792638262861323
1175,52.90289983218621,13.454138430473716,rural,13878,0,52.90132748442954,13.44853227489142
1176,51.373208767434605,6.094526708896885,rural,6734,0,51.382060293917256,6.076617484688368
1177,47.78862168052712,8.454009052607443,rural,10471,80491,47.80140648338246,8.442992544597526
1178,53.09241240565824,8.16898504075928,urban,16137,137182,53.08545218612727,8.178773390568496
1179,51.71517396992434,13.42208190666135,urban,3047,0,51.72255118807927,13.42694909194824
1180,50.407798851184914,8.9578451715565,rural,190,118449,50.423543971259136,8.962660163017485
1181,50.87061319386042,11.342857886759962,urban,2761,127161,50.872983799536506,11.334731190204945
1182,47.82989825015315,11.34548680626503,rural,7549,0,47.83934007382036,11.351411899521208
1183,49.77944605602662,14.244123683212894,rural,18371,0,49.76578922883482,14.244006053305984
1184,49.29397482899062,10.509372561052077,rural,2376,117685,49.3068587713251,10.508532862897214
1185,50.74696874861813,8.928218417182407,urban,17985,120921,50.76391213751352,8.913041541074456
1186,49.40241330036232,8.292795915442907,rural,18966,123216,49.41248214092603,8.286766777323301
1187,53.114795973588286,9.933436657869796,urban,4588,0,53.1254871867281,9.913860003780806
1188,51.146103607551886,6.531913327103131,urban,19058,103965,51.14134049901104,6.523838235099468
1189,52.50018020017466,10.390142006009,rural,13101,123881,52.509344242807735,10.386655820856287
1190,52.9489308384675,6.179646568251057,rural,2039,87865,52.93792188993207,6.184974363403655
1191,51.34146628764727,9.176097470237153,urban,951,0,51.34133330101759,9.169180599500498
1192,50.664376161370605,12.90244371763515,urban,9345,120764,50.662187982036585,12.908930512935523
1193,48.0193933776288,8.731070259396159,urban,12373,0,48.01034933200853,8.73901051107039
1194,51.23154417896846,8.232995737731471,urban,13695,0,51.232361089462486,8.21692189380265
1195,49.55931938119132,8.796937283017968,urban,3971,0,49.560951738935415,8.808734890799773
1196,50.59794566468073,6.121711907991094,rural,13082,79849,50.59265192585936,6.118528233838152
1197,50.44152713382988,8.052985251857647,rural,6908,0,50.441763089971616,8.070246615528708
1198,55.05491915319045,9.752443852983928,urban,157,0,55.06351461594879,9.742573984022949
1199,51.58261275408648,14.894865753709997,urban,9402,0,51.58768510985396,14.89637376269372
1200,54.01263813074844,7.217785971920446,rural,10743,118299,54.00393913718692,7.223383275975183
1201,50.20767370915893,10.49000345477402,urban,17223,0,50.21328097120157,10.493826150507916
1202,51.83652265215781,10.8874955576486,rural,4836,137719,51.833323925717416,10.901273380202383
1203,51.09410829276803,6.554753472653351,urban,4736,0,51.10232047665779,6.564085795245138
1204,49.01501052016438,11.988215925887022,rural,5933,112870,49.02297466945096,12.008295518686612
1205,47.5510041583818,7.764902685570016,rural,6859,104206,47.55954221401623,7.784665993730334
1206,48.86197209836428,10.765976816232213,rural,3545,0,48.854479390620966,10.770595295396472
1207,49.80339998665698,11.43896741771838,urban,6390,109422,49.80326721843253,11.444271358456708
1208,48.06075493886481,14.956660606670042,urban,14533,61918,48.057844129995175,14.940033522720064
1209,54.204837803441855,10.994577106792962,rural,16049,0,54.21023013040042,11.003820268917393
1210,53.03997371391548,14.470609521566288,rural,16856,108777,53.03494353818832,14.471076656492812
1211,54.94249588420305,5.898619638545879,urban,19935,55697,54.93265463694299,5.882377181481331
1212,51.4357780254069,11.349246400994945,rural,955,125727,51.44116163288401,11.342150146606414
1213,49.79673779426841,10.721707712983092,urban,9610,0,49.77371387006518,10.70927925654216
1214,52.1790052719788,14.312887507773825,urban,7746,0,52.16977408792699,14.324880906041455
1215,51.831240017291805,8.567953425564712,urban,12197,135322,51.85060759595317,8.56269160580431
1216,47.657705020106704,12.356189196935382,urban,110,76989,47.65786268179054,12.365596779416231
1217,53.13164079131889,11.753542789988073,rural,16055,127067,53.12069276876181,11.741028163366998
1218,50.71600062182212,12.03057027567304,rural,15199,113570,50.71902237509608,12.032569267080584
1219,51.86198298446769,13.576431054183022,urban,15830,113126,51.87502209969135,13.59046947444345
1220,48.31826789814433,8.915122033039157,rural,19655,0,48.32722014942606,8.90736725811642
1221,51.23508382671424,11.28905617763359,rural,18310,0,51.22129905144287,11.2872773619116
1222,51.13604593019019,9.701576958962796,rural,2123,0,51.13579189766443,9.71351942209967
1223,54.158476911499584,13.19078149392545,urban,423,118057,54.148433397322414,13.17644449781619
1224,47.78354652115058,5.940671358673823,rural,17216,0,47.75991587755557,5.954110513663599
1225,55.06633838794615,6.954672868743555,rural,17015,68218,55.05944559444829,6.937013821417173
1226,53.55022471388015,6.9721235102324695,urban,18031,0,53.54720585581759,6.979062575798093
1227,54.58943361438605,12.478343000248955,urban,17361,131931,54.58505030654325,12.50297612918156
1228,54.90517649329721,8.635040591259301,urban,18921,95911,54.90904268758205,8.659969393750721
1229,47.55779386355376,7.899073588028651,rural,731,0,47.54616727564108,7.906356165340351
1230,50.60251877603741,8.102919345600018,rural,18376,128223,50.60314717361504,8.087851407365871
1231,47.81026381561572,12.657088328695371,urban,6725,0,47.807740271552994,12.639148006743426
1232,52.05064451938137,11.858651586461916,rural,8772,123998,52.04775764993353,11.846676581574132
1233,52.91199223651772,9.320938099329773,rural,7820,0,52.90598971902265,9.32622939470362
1234,52.18873263703898,6.244625277519472,rural,15247,0,52.18034737383485,6.230010089038325
1235,53.55779912142974,6.223956828245262,urban,10537,0,53.57101336258743,6.241265671005321
1236,49.94216367926252,8.227887546072973,rural,19447,127409,49.94020106240686,8.212522273927013
1237,54.09590706544921,5.984278339954382,rural,3800,0,54.1053730538736,5.988071290430557
1238,50.73030942576614,12.856379293449764,rural,1472,0,50.72992419307104,12.852285928611844
1239,48.63033943022994,11.485590687417025,urban,12573,0,48.62731025130898,11.494726999861191
1240,48.45575593174596,11.089049612667562,rural,7072,0,48.48195506535703,11.10644353046452
1241,51.10086524638052,10.835976725884446,rural,10179,129805,51.13015122831521,10.837901405275025
1242,51.41020883191626,12.564411602425883,rural,4273,0,51.40873113423337,12.549872662284969
1243,51.5951425179418,11.328345153733723,rural,4691,0,51.60946609516555,11.340470182368469
1244,48.61947822815523,6.577055368934394,rural,7480,0,48.6372927146296,6.598530276171723
1245,54.16975415062261,7.512736251175624,rural,8908,115358,54.1648320364585,7.516948204223257
1246,51.13277285334254,8.216240462612015,rural,17063,0,51.13505967153521,8.193090261665226
1247,54.46744021510051,8.891814801129433,rural,18942,112868,54.47530545573021,8.896869459069032
1248,54.20068869071348,8.921685704550109,rural,16409,126720,54.20399669792207,8.930704447578707
1249,54.92331060434546,9.809402957262922,urban,19428,110270,54.902684523826096,9.807549619084377
1250,51.31349130784227,11.538590131999513,urban,5831,0,51.31898621649374,11.53452656597459
1251,52.41946995050168,12.985140101092007,urban,8729,115398,52.406288765026325,12.99404498343959
1252,49.207604472675015,14.866602723428487,urban,15589,0,49.204429293996405,14.85938370306332
1253,51.994465501794,7.537292285930503,urban,10070,110618,52.004077387237565,7.538306027887087
1254,53.08090987209358,8.559065042111538,urban,9322,126759,53.07968378009294,8.559989917061493
1255,51.379089205062606,6.319995524460931,rural,6563,90838,51.36668465010423,6.317325304615946
1256,52.44828038871985,9.89692691286704,rural,9859,0,52.44512781758035,9.89981081786798
1257,53.23488376067196,8.085151770392205,urban,736,127521,53.221907602359664,8.090499656108832
1258,55.074786960031474,13.948820347413411,urban,12206,0,55.07466205190205,13.94632988121599
1259,53.1200267625894,14.747964114147898,rural,9743,95140,53.12831582435199,14.73063365029019
1260,52.2419328889892,10.314227055417112,rural,9327,0,52.22890370238707,10.309180693100869
1261,50.07090662196436,13.249848359515568,rural,475,0,50.06410280491822,13.252904862019044
1262,50.33625570047556,9.964852973950542,urban,15539,0,50.34616761698542,9.961197567657676
1263,55.06227774379049,5.997083946835293,urban,3996,0,55.06867435430493,5.9996956589153605
1264,52.252882834520285,13.720029708206608,urban,18188,0,52.25823736099708,13.720052994482288
1265,54.181907002750805,13.53938942562342,urban,16523,0,54.17465492194369,13.546366496139548
1266,48.05320476269994,6.505626111826288,urban,19198,97022,48.05884418316522,6.502593795864295
1267,48.59209203832351,6.053954162188127,rural,8379,68577,48.59769015601016,6.0571658892168285
1268,49.13133496698818,9.095795716919262,rural,18074,141615,49.13073511508246,9.086944081084049
1269,49.25206363943039,5.883931058283174,rural,6795,0,49.2570824759646,5.88962532914183
1270,53.9474816005387,13.756248285309605,urban,18742,0,53.9489772091042,13.758809664497328
1271,54.73739906816561,11.90544508939837,rural,6092,0,54.734733292052354,11.905957310284284
1272,47.85202613256988,7.083489492158564,rural,10695,0,47.84281336830689,7.082568417140013
1273,51.83015423421353,10.366070182756204,urban,10165,0,51.838723376327664,10.349648117255995
1274,54.67881246035287,14.166074099122358,urban,13045,123959,54.65518270848818,14.158378734914551
1275,49.58103296247688,7.6222704499990686,urban,13722,112722,49.584820984113335,7.615379811912664
1276,51.19914079829252,10.719457684272854,urban,17465,143280,51.1856161590832,10.718614964451396
1277,48.92270073114813,9.548097005718962,rural,15140,0,48.92840877019064,9.56325755134383
1278,48.93480459337914,7.794141056217549,urban,10944,0,48.94249207171559,7.79391618819743
1279,53.26646411449224,13.638538712673748,rural,16358,0,53.27629010540344,13.631293124265705
1280,54.09115888772726,13.646491790825957,rural,9195,131040,54.0863393458135,13.647910348950887
1281,50.40059331656518,9.538623075972811,rural,19026,121620,50.38951535138309,9.540684470299231
1282,47.809482426349966,13.699298859074602,urban,17838,0,47.80814848886921,13.673404635173071
1283,51.80256012920939,6.785786893653196,urban,13120,0,51.80165583826543,6.784314753548604
1284,53.06621889322531,9.930157187982177,rural,9348,0,53.0826173300139,9.932930060097275
1285,50.76788896334789,12.414895475232882,urban,16462,0,50.76375311867528,12.419842649103078
1286,49.6761670446667,6.606463265618738,urban,4006,90818,49.68238537118183,6.604707337390656
1287,47.40952632038263,9.02799508699734,urban,1707,69280,47.40816223655957,9.029327591761495
1288,53.93748293906371,10.116897677600909,urban,1019,113118,53.93025401733981,10.124865284855312
1289,52.60797251336118,11.28256327715445,urban,17676,0,52.59538843142411,11.285675023623188
1290,47.54572477364673,7.622174535288282,rural,4584,0,47.53749815233039,7.636782206638725
1291,49.11755432186732,9.736977790398695,urban,15154,0,49.10969151716039,9.750586163571851
1292,49.31499386167282,6.8490606273214105,rural,579,0,49.31356756632811,6.854040117272661
1293,49.420425173691456,9.303405150570129,rural,18756,0,49.4077045819564,9.300037512923478
1294,47.98533777122373,13.785138201413202,urban,17181,95172,47.96847520764799,13.776617717886271
1295,54.59578803163466,8.532572769151656,rural,6980,0,54.58451028041322,8.533554625111087
1296,48.03448053154869,12.10685749043089,urban,13301,0,48.02377678831381,12.097409456530038
1297,49.36507541707321,9.560116077441004,urban,16364,127366,49.36965411383001,9.564094540700118
1298,49.8058069193496,6.654483342775368,rural,16438,0,49.78772976327999,6.641474499928784
1299,54.23388574665662,10.950142140381942,urban,19760,0,54.23703640474248,10.968060729442662
1300,52.49824077517408,11.4091182526722,rural,1067,130062,52.504790459698086,11.407940071534368
1301,53.3112603386416,8.865615957328764,urban,16669,0,53.31706289336691,8.869329384806806
1302,48.249799494376525,7.652903553264551,urban,5124,117793,48.2432856200204,7.633141955490808
1303,48.09186566692573,8.69085282294487,urban,8997,91387,48.09514518763351,8.682438817133303
1304,49.67482845407408,13.294277688909991,rural,18286,119472,49.67903742799958,13.28692833715207
1305,48.00418587850767,10.31364782468949,urban,16938,118367,47.99626810754459,10.319642239238402
1306,52.68236650094644,7.197846447906565,urban,11497,101515,52.71062589412821,7.192896963872965
1307,51.14060449555639,10.619629916745891,urban,14342,143734,51.13248235894291,10.609688901077227
1308,52.33753653055708,11.048764763484822,urban,5041,129161,52.33677913101717,11.0484564546985
1309,50.90886745936545,10.46884347297092,urban,12758,0,50.91620857765364,10.46857995652026
1310,54.62370354953914,13.896369144518564,rural,6122,0,54.62367701746481,13.907618293247914
1311,50.19767800781893,13.940177155172275,urban,18326,121512,50.192917633373206,13.930100207100043
1312,53.77722644800535,12.918455803666468,urban,14006,0,53.75305415546029,12.932922960931634
1313,52.83159278799789,7.72232955083376,urban,11742,112718,52.83863686545988,7.7203824682172835
1314,53.98279414986773,14.680973840531786,rural,6828,0,54.00516380413896,14.663372571742402
1315,54.1929165041228,8.289645830324552,urban,4250,0,54.18714815036375,8.294264915160321
1316,47.4760860365248,14.651302102184278,rural,93,0,47.48318965065823,14.63786178216884
1317,53.357962495322006,9.169575769217795,rural,8513,0,53.366022272121576,9.159102647197948
1318,50.072086561463536,10.244416753001529,rural,6877,0,50.07516554407368,10.246367792572622
1319,48.49004293464009,12.8033089075256,rural,18841,107874,48.48391396823842,12.803900100764388
1320,49.78766312522148,15.0153460374807,rural,11186,0,49.800000544559055,15.030854886406528
1321,54.471375697766256,9.187206950652543,urban,7540,112061,54.4759747057192,9.178383636770535
1322,54.72098064782421,8.16299191883826,rural,11993,90101,54.71855138669674,8.155010285911265
1323,49.558358228194095,12.509632286458732,urban,6503,0,49.55624563684073,12.492118495950296
1324,53.51645451929191,12.784528284602905,rural,14708,0,53.52489969374404,12.762397407103384
1325,54.02909331392343,11.164555708841558,urban,4556,121346,54.03562610819567,11.164916279905915
1326,54.109107958555946,11.347725622309452,rural,10324,0,54.10882212594861,11.355759148771346
1327,49.1734742300706,12.6850249582557,urban,12604,147122,49.17088070036992,12.675341421716231
1328,51.05749129010768,13.733369493689771,rural,9720,0,51.03730911316575,13.7355288387857
1329,48.33596693399494,14.50418511117881,rural,14930,0,48.34527559311371,14.500319959270088
1330,50.643391834063046,9.474061268797966,urban,17196,0,50.64059304115087,9.485425554628776
1331,54.62341877872234,6.779578199998702,rural,18859,108050,54.61643476167174,6.79347559577949
1332,47.654763807541215,6.018067278406713,rural,12498,0,47.65441957696898,6.026766918490747
1333,48.32112644676817,14.490489440910546,urban,6333,95142,48.31535734418716,14.490565243072831
1334,53.467473528574175,10.840469714635857,rural,3586,113580,53.45671376903261,10.840505568729569
1335,51.62402642514396,11.190305396469457,urban,8652,0,51.62378866426265,11.182525673856228
1336,54.80747818763961,13.18943670288012,urban,4215,115403,54.80311255907135,13.169413769317156
1337,50.86579965800664,12.176353886286872,urban,2196,0,50.86496400087756,12.182301146109978
1338,53.23464320073401,14.19797878637968,rural,12012,133020,53.232208662042005,14.183237277272225
1339,54.39798516475567,11.667355089801095,rural,1462,0,54.38637515773053,11.669412664675576
1340,50.52224106942715,14.9942103153738,rural,19395,0,50.519241620821646,14.972915008584524
1341,50.23222836498872,9.172187997051296,urban,5244,0,50.21849545007506,9.18456774965557
1342,52.8275975433312,11.369345957437876,rural,19047,141397,52.83868623907615,11.371532405066926
1343,52.033325755667775,8.7962103540705,rural,18666,118765,52.02896796767818,8.789625914100666
1344,48.91712352265244,8.308129251398572,urban,14036,117660,48.92127469134845,8.296705148425554
1345,52.3718102635789,9.585054448469426,rural,14298,0,52.35756097063976,9.590888229864138
1346,49.984537314129554,11.67502572099122,urban,12061,0,50.00200990772196,11.673162915974991
1347,49.3991208961683,12.127164445349118,rural,19612,0,49.391404378593,12.115026405667557
1348,49.28865459934222,12.075608047954862,urban,6997,118719,49.29776278303394,12.086803724957266
1349,54.73738565601137,9.176489250708553,urban,4319,94137,54.73103502279824,9.176706575956274
1350,49.025396963908015,14.291593876251488,urban,6252,88792,49.02297382269614,14.318974212836844
1351,48.25542216899154,8.817343725198798,rural,5122,0,48.25676152928281,8.80731969057428
1352,52.75406548823123,13.284998801919016,rural,18451,129236,52.774819193590105,13.294332128753185
1353,51.41446532722546,14.321321417861206,urban,984,83036,51.40847110415774,14.314298962003624
1354,51.46448515013758,8.546450016131649,rural,14583,124772,51.46809737223223,8.543996927295938
1355,50.28985528263635,10.563009947119504,rural,17536,0,50.282241368208425,10.55230544910924
1356,53.40144668467498,13.968173097945511,urban,9430,0,53.41010957279465,13.99537348608362
1357,54.48461538941636,14.345144358868104,rural,11385,118861,54.4894458460425,14.337547066175595
1358,52.83511435730175,10.163112292495368,rural,3375,108045,52.8318099823595,10.155492235541594
1359,54.66760534927717,9.701711756907589,rural,13386,0,54.67132507984042,9.692163786377934
1360,48.57740956852998,14.601537361666436,rural,7548,0,48.579487161892565,14.609388194824517
1361,50.94661674891099,10.77951358991746,urban,18135,139601,50.94156646016064,10.776849138985412
1362,47.28729523496187,10.324507649204104,rural,14542,0,47.29558090533687,10.315667419886106
1363,54.816363719345965,8.547026627497205,rural,18731,101983,54.8185701447518,8.551863653610816
1364,48.69544080364333,8.60806978442045,rural,11016,114149,48.704498382166165,8.607412795755232
1365,52.38753962425056,9.334554556562878,rural,9285,116085,52.39208564681148,9.338123763546772
1366,51.74699349712237,14.055256823569668,rural,5136,110229,51.75281479537914,14.057343868471504
1367,53.82441437521534,12.377878887380684,rural,7218,0,53.825926254753135,12.39390760621449
1368,47.95522470477075,14.632161229546472,rural,15311,0,47.94344893192494,14.633595834900955
1369,47.56178936788773,9.461768571405068,rural,13165,77975,47.54555305253146,9.462399369738009
1370,54.95180816706244,14.194767079200732,rural,8462,0,54.94682107096728,14.19982357805088
1371,51.61697348281319,8.171514027491368,urban,2901,114593,51.6211096729087,8.166419854976871
1372,51.290950676962176,6.876382542711411,rural,18432,0,51.31209444012148,6.894587130104383
1373,51.864924177328426,14.964611767121738,rural,7015,0,51.87019394427884,14.95550733860087
1374,54.09922920753089,6.333834611100928,rural,14945,0,54.10718683044532,6.332929781111072
1375,51.15296908549652,13.614477806517284,rural,1588,0,51.141271223695526,13.60542543533102
1376,48.60609775011208,9.225722570548044,rural,9803,0,48.59338787817833,9.244301454899793
1377,50.06654140571711,14.246450417295044,urban,9163,114838,50.065435165944166,14.223341989469317
1378,54.562272277242414,9.286957996465713,urban,15776,117806,54.54720617003415,9.285395266754753
1379,53.88197989921625,12.042377247056663,urban,17519,142807,53.88697215940795,12.061646251503657
1380,52.92366173323725,6.746615325323215,rural,18765,105982,52.92195482544663,6.731766954512382
1381,48.027456733740586,9.608611588082033,urban,17577,0,48.020645077867584,9.61656066797832
1382,49.33404272172768,10.487612488104055,rural,15634,122451,49.32929710037637,10.490055495867558
1383,49.32267377249545,13.551625150877022,rural,7966,108121,49.32718818520535,13.547572834166957
1384,54.30872687035309,11.669689192070152,urban,5544,0,54.304557717164,11.68768388562656
1385,49.78188861224561,10.728265856721132,urban,14221,120683,49.77734790546597,10.743615311167352
1386,49.70655586245587,7.487895715071391,urban,9669,105602,49.707371644440336,7.497542371268559
1387,48.5928061444914,5.997235841830789,urban,6662,0,48.58700048975541,5.9943479268295015
1388,50.55657942608922,8.763276246871838,rural,3429,0,50.56924564867603,8.754161165809496
1389,52.59177959108975,5.994138539244742,urban,6874,85419,52.59333259737962,5.998445851713155
1390,54.97703403769292,11.572190206789902,urban,6665,0,54.991601751680896,11.5662501768182
1391,54.01381237651063,12.121562062727978,urban,19788,143542,54.00911596589184,12.132556442242862
1392,47.77381478586821,11.349149636399574,rural,11233,106654,47.76735664667356,11.366920275775309
1393,53.64510776950612,13.599825923023912,urban,2694,0,53.63536806926624,13.606863194672858
1394,49.673693327868335,13.456850119977297,urban,9969,115466,49.66020998837774,13.46017462869596
1395,48.5113940075201,7.2650134351060816,urban,14844,0,48.513047794980174,7.259639704108223
1396,53.98606413785648,7.8021219716464545,urban,2289,107391,53.98218343524446,7.798753985534668
1397,51.04959675841474,14.782773740709295,rural,9373,0,51.0563151875936,14.77866279125601
1398,48.41713525757493,8.892681203637334,rural,9391,117546,48.40533362075279,8.906809033129306
1399,54.11457537589933,9.049016935781111,rural,4032,121002,54.10025631851739,9.067849170213712
1400,51.54771958213754,14.482435298168996,rural,18066,0,51.5525458119384,14.487341181089263
1401,49.02705401188228,11.29498486605022,urban,6735,0,49.03244662313297,11.292072632616929
1402,49.470467331718254,8.505258927443505,urban,12076,0,49.47680595535043,8.518246281843785
1403,53.5386696540016,11.727688061043438,urban,16355,0,53.54316184065111,11.743177260107055
1404,54.568253929707154,14.412186573186808,urban,18192,121369,54.56296673859249,14.40401613113518
1405,52.51353479600586,13.777113301807136,urban,13786,0,52.522220766119375,13.793861661070284
1406,52.93640001953656,14.649441666269844,urban,1091,0,52.93948730313359,14.645045181422228
1407,54.13089514879885,11.287142318220202,urban,4947,0,54.12631462380243,11.280685617986617
1408,50.24955624736501,6.9840587137505965,urban,15164,111301,50.23860085427513,6.956996904008238
1409,53.62133045119124,9.93135004517404,rural,19223,121539,53.60188578333407,9.924235241386173
1410,51.13254438182204,8.370676946745698,rural,2376,0,51.11705449776688,8.36305072551976
1411,54.53514388768974,8.903743787501057,urban,17462,0,54.53637049033648,8.918094766537486
1412,52.60556479994611,6.030674050084035,urban,11503,0,52.60806739392453,6.0472227494030255
1413,53.07496640406824,13.286664074247168,rural,6980,0,53.07781276677392,13.271103834454491
1414,50.871228270458886,7.283689782620398,rural,1850,92073,50.863718612112926,7.262739034445998
1415,50.55081273652085,14.93818918180264,rural,1932,0,50.5508875844835,14.946537772501756
1416,52.010745517148095,13.143550227396815,urban,19826,0,52.015782009146015,13.142468567979844
1417,53.25543758965529,13.319665579159397,urban,14276,0,53.24309839177789,13.34616218131974
1418,47.54302496675171,7.447040981077322,urban,14339,0,47.543794598181805,7.457873786118266
1419,51.02770167338678,6.684102136021981,rural,3328,92158,51.04062653001613,6.684183217384216
1420,50.42986607978575,9.867520654863633,rural,19997,0,50.42142559807587,9.882987774160528
1421,47.40727560615645,10.431333145336982,rural,19990,79546,47.41941411988955,10.449830730411437
1422,47.84752908983189,8.972437108323735,urban,1083,0,47.852346124074295,8.997301582924543
1423,48.56219619200846,6.464864806681459,urban,14505,90287,48.55914380035267,6.473075718637591
1424,51.29389539817347,8.052250743305407,urban,11044,124151,51.30650293028349,8.063669695277957
1425,49.84679651368618,13.03160834229712,rural,14900,0,49.83199266978152,13.027194318922191
1426,53.58376340650686,14.395551417814094,urban,18683,0,53.57073484279212,14.399252026654183
1427,51.5010766066827,10.216078276103794,urban,7610,116294,51.52711754283498,10.213085741417082
1428,52.40204529579624,10.54405225706893,rural,11117,0,52.40011354276088,10.54343369477216
1429,52.05823813117221,13.310638314314431,rural,337,0,52.06912137787519,13.3141357912615
1430,52.3436584065686,11.116985626156412,rural,6368,127277,52.33611286765972,11.103006076521742
1431,54.58069361151215,6.223617105328464,rural,15542,0,54.58393709272805,6.229940581218802
1432,50.9295898761078,9.748478513983876,rural,18701,0,50.923004765834335,9.755262767013283
1433,51.84086120493237,6.1101338762212505,urban,10116,0,51.84917280007503,6.107844672915929
1434,53.16307164629379,8.376093641761518,urban,19110,0,53.16016246947834,8.36326698209727
1435,52.2370836919838,6.145142422841284,urban,6428,96016,52.23055095797845,6.149239673928227
1436,49.83110171226701,11.149101619641623,rural,9345,0,49.8379419713585,11.141265903929709
1437,52.80474656071441,13.358233993363154,rural,15139,0,52.81415505070335,13.363829720173996
1438,47.79123452901453,12.683525167999017,rural,11552,0,47.777014040338685,12.678820530294486
1439,49.28567764847868,14.235434691555607,urban,1280,0,49.27933662780921,14.211604511080887
1440,52.80401536373782,8.357776269870286,rural,8875,0,52.78410091199224,8.382226063950254
1441,51.2593988543815,7.087485083976108,urban,2773,98599,51.2506730968418,7.100526703170012
1442,54.57096005715174,6.034672742072798,urban,11586,77304,54.558000941147554,6.03066078178469
1443,52.637493613037535,8.519783048338358,urban,16114,127106,52.64657140546224,8.529363156349829
1444,52.89942848930661,6.142981593656251,urban,844,0,52.88763304947936,6.162784602678599
1445,52.3057275432172,6.908595152410882,rural,18322,0,52.31027206894289,6.919358134619065
1446,48.61064213465926,11.426264260923684,rural,9382,0,48.60312199014325,11.43537221837166
1447,54.67706997385943,13.068591628740585,urban,4099,0,54.690604655456696,13.062890501315607
1448,49.91928182990031,10.257975411361189,rural,19020,0,49.90454402781279,10.261328886776363
1449,51.561006894939446,7.723257103632713,rural,11859,109664,51.570716125553886,7.731421268788603
1450,53.60857895558195,7.972822253272014,rural,15440,124360,53.60667033275193,7.952637320464209
1451,50.52302005955754,13.094222358640437,urban,3856,116922,50.51947403557131,13.095341474787393
1452,53.20515339098657,11.519564359318746,rural,9591,0,53.21583771062932,11.518971944565097
1453,48.49848326947812,9.764194074354249,rural,11531,0,48.46932163719664,9.781711523723065
1454,52.35486856259935,14.780915238245976,rural,9339,94800,52.36286491289091,14.783892859478405
1455,51.29394588426243,11.352859580692876,urban,10798,0,51.29063310613585,11.354737577084206
1456,53.85778555621322,8.299284694988803,urban,2715,0,53.86313423912547,8.287844860612092
1457,51.361125558045615,8.931751669939139,urban,8549,120358,51.35722072206695,8.925308175926366
1458,48.57915895774463,9.653642266386589,urban,8563,0,48.5704649604904,9.664043136455714
1459,52.832993835476046,12.27835687329786,rural,14718,0,52.80703337979651,12.292034117527828
1460,48.25495352318679,6.680647005914426,urban,1391,0,48.28083706027223,6.68294279640959
1461,48.19685322135496,9.419051409478945,urban,10140,0,48.1928455520848,9.405092562052184
1462,51.316317856978095,14.151016919957684,rural,1920,0,51.32987114433141,14.161571917190686
1463,55.03018023852424,8.503709112960406,urban,7310,73194,55.01512432043178,8.49611398301582
1464,48.64811024923819,9.061892562229838,rural,7572,0,48.65462759956097,9.0572131780691
1465,49.84452748979431,8.43827856767634,urban,14491,121987,49.85842694954968,8.425469780654117
1466,49.24693437199608,13.12248585477968,rural,3681,0,49.23637310680547,13.11363884704274
1467,49.13980013709819,12.661585755825625,urban,2165,0,49.13815393506354,12.666093968066368
1468,52.52772165136005,11.242978355259709,rural,18083,0,52.533213584280254,11.23841592056326
1469,52.1926407568201,8.595067303352629,urban,17848,116780,52.19797930227662,8.604305335104323
1470,49.125557282616334,9.636527956529225,urban,12952,154881,49.133054516842805,9.627824084638334
1471,51.770705170590944,6.6622857141395295,urban,3725,0,51.7687710768966,6.640773267305842
1472,49.66754558345768,7.692516305653818,urban,15009,0,49.6694145188409,7.708368344040822
1473,54.58537426809407,13.34426507788394,urban,6595,116893,54.57437786247699,13.34495469692864
1474,54.387757393298735,14.55983779227834,urban,15306,108946,54.38792829442458,14.576566222750728
1475,48.99772564846759,10.322021842699678,urban,15081,0,49.01396540343116,10.313226603006804
1476,53.84450328958252,14.201213961391964,rural,13391,120719,53.844956454782285,14.191641770053112
1477,50.2590175992007,11.956090518633369,urban,5852,102403,50.25521982403644,11.951904917867608
1478,49.97980941614421,13.980814685110476,urban,14734,111168,49.99899297035872,13.978388624277873
1479,49.61710834223967,6.604125273632851,urban,724,87419,49.61630835471989,6.624097002078401
1480,49.02799666240444,7.027966022094924,rural,10613,0,49.03146848637694,7.031989096423351
1481,54.02274322146598,7.724392796828164,rural,14743,111161,54.03468886083526,7.725475957938485
1482,52.61070951156634,14.737803059111712,urban,13160,86871,52.60273673591682,14.730502624484156
1483,53.91284661996026,6.310047492778383,rural,17635,0,53.90482002169848,6.316053936007272
1484,50.02178468529405,7.637906463740177,rural,12930,0,50.02795803042535,7.656847813787631
1485,47.8998835286309,6.586076482743475,urban,18905,98187,47.895842870835374,6.581405715863615
1486,53.62061112691506,14.112793643045226,urban,6510,133021,53.60751292139938,14.120279665282728
1487,48.54356384972407,8.956934669966028,urban,13852,0,48.538602286861234,8.960807305670537
1488,54.27796155142208,11.11453587114433,urban,12588,0,54.26788622293393,11.14870696629336
1489,53.56244696880576,11.69853699750992,urban,11715,0,53.55752096684225,11.703986348486913
1490,52.55503474937917,13.710055034806162,urban,12156,0,52.53996795550534,13.714373738089696
1491,49.71142320243664,10.105638293319476,rural,10340,119489,49.7030270283799,10.1125171134014
1492,50.68503517504381,13.087960430108572,rural,17464,117582,50.67261019998373,13.08543282622304
1493,52.993091092852765,12.80145353331193,rural,13827,0,52.98053811565482,12.782218440354905
1494,49.11556948551828,7.940405425321339,urban,2650,0,49.130839803476846,7.935328098123906
1495,48.79334399247323,11.469687983151664,rural,16790,126290,48.805304750858014,11.46849939144092
1496,47.461087001105376,8.09019965207309,urban,6990,69080,47.47439136167499,8.08295823745779
1497,51.17790446321504,10.254052368351571,urban,887,125995,51.155214734346345,10.261917395080284
1498,48.541972206281365,11.434154822030765,rural,13878,0,48.54921333275623,11.427906124506393
1499,49.99785547074011,9.292370088420189,rural,16402,117434,50.01267289418239,9.285541079637484
1500,50.47515625494996,10.107420950697062,urban,2492,113179,50.49239693607593,10.09410515449511
1501,54.29307279058031,12.037428892313525,rural,19076,154886,54.28941947481139,12.039462896648738
1502,54.443789693606725,10.469315491851091,rural,3327,0,54.456761861340816,10.45430868577478
1503,52.75667740655764,7.442601576783167,urban,6172,0,52.7548130117266,7.438788833493105
1504,49.11064234766972,8.682080116337128,urban,14990,124957,49.10846178256526,8.698379008616767
1505,50.112494305028775,11.727557081049152,rural,11575,113330,50.10638773131806,11.736562020966856
1506,48.52954734833584,14.378442806138874,rural,325,0,48.51385403679998,14.374559198368988
1507,47.93066333510483,9.460026996230155,rural,16057,115185,47.91788095908942,9.45216715201228
1508,53.35730993693041,8.129834977319994,urban,7562,0,53.364131310294646,8.151801932121957
1509,52.46255850334446,6.673468126295814,rural,171,0,52.44487281594236,6.656707454900904
1510,51.46144315770885,12.142029243238934,rural,10521,134217,51.45738079715529,12.135571784683986
1511,54.336124560164265,11.408235287812472,rural,5772,123687,54.34227510931891,11.420401153495089
1512,52.67922980985044,6.420802310532631,rural,4574,94581,52.68636062389839,6.414902419395128
1513,50.11239106538426,8.908818634917495,rural,10887,0,50.099633404749845,8.913107032956763
1514,55.00163811168299,11.231499358575654,rural,6191,0,54.98950890261843,11.224097408393389
1515,53.03619435399341,9.60562947421699,rural,4225,0,53.0421250765876,9.625827757066428
1516,50.33810977689881,12.110528004275691,rural,3452,0,50.34789880693581,12.12421884398935
1517,47.856981439481686,11.990845430788692,urban,15361,91951,47.85073501772848,11.970291942311963
1518,51.68353657405782,12.492766119462098,urban,15148,0,51.6858006125287,12.48878012634537
1519,49.10939676886787,9.657759155105094,rural,8190,146873,49.09630089594578,9.67456413354537
1520,49.35175926497644,13.463469933658777,rural,7484,105713,49.34415760436725,13.461091482564203
1521,49.550157652840696,12.958137583995352,rural,6054,0,49.53933561251513,12.962582429090029
1522,47.90264027606054,11.014595053998748,rural,5215,93076,47.89397790234373,11.01098060261206
1523,51.91948969593659,13.439872157967326,rural,3180,0,51.92510266268953,13.424899597052008
1524,48.05536040255185,13.784566679530665,urban,5903,101655,48.03509319254928,13.778457371908647
1525,52.66391823687295,11.68590414503224,rural,10378,0,52.66275545306387,11.69054307105534
1526,49.718485890473154,11.15617383980734,urban,4202,107924,49.70073905510002,11.149626945290592
1527,54.48579789411989,13.932139834693364,rural,4862,126854,54.48965764742593,13.944227630374511
1528,48.0342541023197,9.421532251518077,urban,13656,0,48.029289689565886,9.427163515290893
1529,52.42134376050258,14.66440531938688,rural,4304,91449,52.40759393124956,14.66394232659381
1530,48.00241550773267,13.54229727821254,rural,1918,81897,48.01819275077506,13.538266155261727
1531,51.67098002295117,8.657504077493554,rural,7265,0,51.6771011363928,8.654430592118624
1532,54.076974103953766,6.783209979075184,urban,13554,0,54.09943313884104,6.7924938769698775
1533,50.90199499667584,11.336060039144035,urban,19777,0,50.90364466059558,11.312516026373215
1534,52.555516836403264,9.41785115546401,rural,3831,0,52.56035880152851,9.429098728308622
1535,51.222626528254686,7.577605496198279,urban,776,0,51.22131418024281,7.572364269496226
1536,49.982356258512034,11.624300128945888,urban,11560,0,49.97620898015506,11.637528779409717
1537,53.13294546705249,6.497883183462419,rural,4280,104591,53.12770917840403,6.493840124940496
1538,47.79536495691275,11.611817256289507,urban,13048,105154,47.78383124168233,11.602611528566024
1539,52.22047908798081,8.35224033890644,urban,3114,107999,52.22085120970187,8.34667680481652
1540,51.0646176089566,9.416723789272693,urban,994,0,51.0796320640444,9.405096271127793
1541,51.020038105465154,12.381595583121223,rural,19495,0,51.0186989560607,12.370967150233623
1542,49.06515061516055,11.453671083949349,rural,18300,0,49.07644559881596,11.44941741015117
1543,51.6800637257037,8.124865094422791,urban,2723,116431,51.68648441314863,8.131335008276473
1544,52.30319824548236,6.454444158515833,urban,6399,94230,52.28643462930263,6.46169201077789
1545,51.33666295012648,10.605224092952716,rural,786,0,51.344824581290666,10.609439913107185
1546,50.65251801666651,11.16403014284613,urban,14498,130700,50.654879518185744,11.167000781331542
1547,47.30427956967205,10.350929725388031,urban,17264,0,47.31013227511262,10.327182030081971
1548,49.68458790469433,9.692442292883593,rural,13348,113929,49.69366224346611,9.694487994574391
1549,54.09496478234132,11.141294010702431,urban,15229,125357,54.08129445697615,11.132491120056043
1550,47.29102910831561,11.219562021986276,rural,8585,0,47.28931074145439,11.208718687211624
1551,49.69712962736905,7.791609124253252,urban,4258,112222,49.7046327984643,7.796384839201335
1552,50.27507567272782,14.859117537477518,urban,9965,82681,50.27190526829932,14.843678987348255
1553,53.36328096365198,9.47351914483881,rural,14279,121484,53.35339850585555,9.479958845361477
1554,51.31456333270391,12.167631898403094,urban,8181,0,51.30752185559829,12.14858480286962
1555,52.99680693545687,10.83117647430191,urban,10722,127883,52.991441859276,10.83185300616555
1556,51.02419404259256,6.495871114083589,urban,9513,0,51.0162775184926,6.5054542511209
1557,54.82023611638046,5.973208332419489,rural,14749,67344,54.83033159234133,5.994890603015371
1558,51.731600648807465,10.403559519435769,rural,2005,0,51.74365006614168,10.407747815922686
1559,53.8705614987418,13.517094804747163,urban,11463,132503,53.86514647166974,13.527446091552596
1560,49.81896533060966,8.36313793725477,urban,260,0,49.83261901408317,8.3612800038179
1561,49.15356430242703,14.7593584017233,rural,9987,91571,49.164985130057325,14.761898825384613
1562,52.83872059651758,8.465477901243926,rural,5375,112641,52.8479370889382,8.46825524499776
1563,52.96292697484804,7.385170965311772,rural,9287,113764,52.95846509073076,7.391054216267475
1564,48.2126412500003,6.668090657517326,rural,18418,0,48.219588325766686,6.67882625841689
1565,53.26612604646267,9.105398291759034,urban,5426,0,53.26741837866949,9.102558511629086
1566,48.90431214317777,5.977621437137702,urban,17261,72030,48.9061221770661,5.984474008500063
1567,53.01059070555839,13.51194994759854,rural,15137,142990,53.011687932755294,13.510888192399694
1568,50.32114666409659,10.298024683878603,urban,3813,117332,50.32939171017312,10.29256835514885
1569,50.07883151334537,13.628774985540325,urban,16914,0,50.064169672829706,13.63104479939324
1570,51.09956478710013,12.627896038670404,urban,6717,0,51.10683424117618,12.639363923998973
1571,50.33075869597862,7.178945328278311,rural,19606,0,50.33338970813603,7.18702100987963
1572,51.94045386035896,14.011659147723886,rural,6567,102958,51.933080493410245,14.00520221990043
1573,50.42593636668608,9.348879251520067,urban,19239,0,50.4136999004788,9.346709945175313
1574,54.37682036747224,7.435031442915669,rural,1497,0,54.35958290838936,7.423425636768867
1575,49.11904076239871,10.097289224636452,rural,14976,140464,49.1237618347421,10.10525109413727
1576,53.5131908349498,8.721211060866207,urban,15523,0,53.5089726855264,8.730349419340287
1577,49.10318738383209,6.3067014301636695,urban,16283,101772,49.10616879576271,6.312074339669875
1578,53.34457641601854,8.234076737502587,urban,19298,0,53.33640958713467,8.220548076325557
1579,47.49727783733001,14.28586942145514,urban,5646,0,47.48301252252207,14.287364387508603
1580,54.28469358801026,11.91352162442955,rural,16668,0,54.287873138985766,11.92777956383772
1581,51.90414855271998,12.10761319045695,rural,3585,119649,51.900830088985046,12.10810455767754
1582,49.09849905667362,10.0907468143834,urban,13808,0,49.09767472603994,10.082381881024366
1583,50.75594421082625,7.033956306102514,rural,3139,0,50.76421347475858,7.016183827194174
1584,50.29587878482595,11.809915192274214,rural,19762,0,50.28639469254906,11.787420856984111
1585,54.84460840865348,9.294756037603268,rural,19888,0,54.83602720429588,9.30110538490189
1586,47.77684271664013,9.56343664365949,rural,7468,98095,47.80586557365242,9.578233237762063
1587,47.54057061785048,12.227855708652411,urban,6465,77203,47.54380090000605,12.229025202713384
1588,54.69780754834406,8.452949725746318,urban,8199,96895,54.71670830770447,8.456191303495515
1589,49.99068523308792,8.243654140344198,rural,12391,126559,49.972772710376674,8.240494086490743
1590,54.24310561714092,9.746462686080356,rural,763,113192,54.235336620391706,9.738086495550426
1591,49.76938775519509,6.581776351940794,rural,7371,0,49.77185520898099,6.582235934914272
1592,47.57703997691675,9.05755501319156,rural,19341,0,47.56976689088032,9.046419913723016
1593,54.244757130185896,14.77805689963064,urban,8879,0,54.23348770568343,14.767349868983342
1594,49.23253000352603,14.757116553447574,rural,12352,87853,49.23087441968554,14.739313703027683
1595,54.22121786782024,12.406603265798257,urban,11212,0,54.23969339715128,12.427560356683164
1596,53.66227516301406,12.243493746805967,rural,8815,129603,53.6628660864709,12.238928225809648
1597,54.40503573537355,7.539818941117275,rural,3430,0,54.396039182994905,7.525088201018283
1598,49.79461962459487,7.078001425908579,rural,4468,92305,49.80666444409649,7.076513924782334
1599,54.03999198242423,9.934669708644703,urban,14154,121033,54.03208399176123,9.932661155907404
1600,52.81943563063356,9.32058521004128,rural,12220,0,52.8294312297733,9.322415440746392
1601,50.27179713832764,14.247900860262234,urban,369,93317,50.28405298037572,14.231389447066285
1602,47.45864323931773,7.959719419873468,urban,1784,67844,47.45647652480268,7.960585016038817
1603,52.99261372085867,8.232687153847742,urban,10387,0,52.98158108914452,8.243766687620713
1604,52.7498330315354,10.802331268879136,rural,3125,119221,52.76481923495723,10.7966856756379
1605,54.05236665188537,5.964437798629347,rural,4784,0,54.05304825144193,5.976260374669757
1606,49.17276266513929,6.320880625967485,rural,13815,0,49.193707032964525,6.309424877369723
1607,48.44157079148831,14.011092739579954,urban,861,0,48.44454808627504,13.999732449738383
1608,49.20673050601634,9.499559489579696,urban,7621,134743,49.21872397015489,9.500917796634628
1609,49.541581521903474,13.870313289202006,urban,2292,96983,49.54828849718746,13.859677634196125
1610,54.72362926734628,12.439214232943078,rural,16868,133001,54.71686459504117,12.441772779134295
1611,50.04919827082984,12.914648915673393,rural,6863,0,50.0439479476744,12.904836302885508
1612,54.770872039951456,10.054944962646392,urban,8950,0,54.76867920925187,10.060889075983416
1613,48.150541680642064,11.975253112591355,rural,11600,0,48.15004549455468,11.975759918791416
1614,53.37883347010904,8.066179749527034,rural,11459,0,53.36370793423115,8.057136950872538
1615,51.18430074117549,10.649143639502151,urban,12239,0,51.17791457357663,10.638748364684693
1616,48.34774889883461,12.7977264932967,urban,4169,0,48.34906439636391,12.796365029195872
1617,51.21511860801451,11.349777611894671,rural,13557,0,51.203401749541925,11.346459538290048
1618,53.69454672991503,12.756976593430242,urban,11850,121568,53.68899594789068,12.75026226172609
1619,54.00675735016233,11.464787854777471,urban,19193,0,54.015405761697,11.465715293332703
1620,50.65102679722927,9.775372762841288,urban,9143,0,50.65803838451926,9.785897131176432
1621,52.097675861500605,12.519698140927076,rural,69,0,52.1025373224898,12.518599237752232
1622,50.43482160006828,8.034114468934623,urban,14798,123881,50.43083941605777,8.057502422935338
1623,49.214988652182726,10.039685075569375,rural,12420,0,49.21118067814268,10.053397741193091
1624,47.984042838108735,10.850236099425972,urban,13847,0,47.97850922276999,10.840238125699912
1625,53.82462466526263,9.868921217182054,urban,18743,135103,53.82696415212236,9.873866009042883
1626,51.85437531929114,9.655697111674568,urban,6276,0,51.84921665338396,9.658331947843443
1627,53.35253462523581,14.118492870127508,urban,12573,0,53.35207465075317,14.115303752396295
1628,47.565910970694446,6.393507663341907,urban,2428,0,47.57126821419386,6.394759376770262
1629,52.00360413344639,6.698184173889021,urban,16330,0,52.0207677104902,6.695620530746435
1630,48.49375200277846,13.247919571728252,urban,17907,101430,48.48373690857797,13.264377701410194
1631,54.90144613671116,7.780432982457979,urban,19125,91458,54.9076597358296,7.787361754913538
1632,50.124350635848565,8.154726393939805,rural,5427,0,50.12276801905562,8.146769741462663
1633,51.116469367442605,13.632705398413831,urban,8629,0,51.12420855998055,13.641574933508917
1634,54.98337575128069,7.416539069621468,urban,19499,0,54.99362155936163,7.410458525632397
1635,53.5976478459796,6.77558084890376,rural,19859,112852,53.58455017427075,6.7788705670327305
1636,47.85370439206887,14.645458511102444,urban,15292,78431,47.86898692905979,14.636744748617872
1637,48.04843577028959,10.414876103526044,rural,707,0,48.06375403199157,10.423785246146911
1638,54.00281395962064,12.870684089659168,rural,16873,0,54.017550307476725,12.875795430051532
1639,47.42087963500076,10.21936186229004,urban,7698,70965,47.40695112680757,10.224389981665729
1640,52.4575249107824,8.64739242426839,rural,852,136590,52.47569210715386,8.625199446571282
1641,48.8855083751382,11.184266074765429,urban,8296,119477,48.87770808773762,11.191919812735266
1642,50.83341022551517,7.786833168029067,urban,11088,100450,50.81876893699113,7.780085627688027
1643,50.99620214013801,10.517790223763544,urban,968,126730,50.97784062710766,10.523734573376004
1644,54.66877704634796,6.228805768923254,rural,4659,0,54.69425803356105,6.2310800206373615
1645,53.03988804120556,12.087967424437458,urban,8339,121783,53.04513900277102,12.104614352432304
1646,55.03954752544082,14.85313088895817,urban,17648,0,55.03943624692084,14.860531919425014
1647,48.8775733624146,14.29507664539404,urban,7768,97623,48.88055715222298,14.289686150608787
1648,54.82860570467765,12.514015534466177,rural,10435,0,54.82729325230254,12.534043751308303
1649,54.34112166304089,14.98636861075456,rural,3414,75393,54.329344439423366,14.97174797656022
1650,48.80370155017716,10.841839689887768,rural,7850,0,48.819541805722935,10.850041732709148
1651,54.8617493272574,13.73210917849958,urban,5690,0,54.857962539821855,13.748553724077269
1652,48.025077752190754,10.560654379576707,urban,2956,0,48.021365359583335,10.55723418374965
1653,50.09672898060537,7.293699659348833,urban,17247,107947,50.10842932854374,7.28714417768627
1654,51.91937005304238,9.774030431769464,urban,13039,134421,51.90428323813767,9.775837642156684
1655,47.43682089469445,11.805117083782076,rural,9319,0,47.43947858885316,11.801278632766342
1656,48.74288980657789,12.941772416754766,urban,18367,0,48.74523001715723,12.937696121890085
1657,50.3942459504653,12.445173213166957,rural,2160,101261,50.39788067666938,12.445064952361866
1658,54.52907951283544,14.398684535058123,rural,11280,125475,54.52543939299001,14.39899644604153
1659,50.02010175663328,9.91368185139546,urban,11469,0,50.034427016722944,9.92050975180278
1660,53.93770628922535,11.005494207111052,urban,1637,0,53.95169140377109,11.009141412459863
1661,47.36021037139136,12.206885257053148,rural,19849,0,47.35864045791868,12.21084008421244
1662,47.76003585870134,10.361974719510966,urban,6969,0,47.75341785655496,10.379791342332862
1663,50.43189501246957,9.541496474814192,rural,8769,122795,50.42900790816034,9.527019121620098
1664,52.587012383431926,11.433097920869171,rural,15643,0,52.57166589577006,11.430621093842928
1665,53.281119464001485,14.002450411948388,urban,15406,137829,53.27563810105908,13.982257589740412
1666,48.85112522730798,12.35744776365044,rural,4993,114740,48.84370740639787,12.36134480614738
1667,49.956012821383126,10.4168593015833,rural,5338,110983,49.93378982770886,10.427064631558578
1668,54.23316314878596,10.758249363708783,rural,18210,118060,54.20628652478341,10.752717227709176
1669,52.30152162149672,7.078565547661933,rural,211,0,52.29086849045301,7.082009634872493
1670,54.7093760209467,12.360256220483354,rural,17978,0,54.69576103761285,12.36034061853192
1671,50.85158677363247,12.07823658973636,urban,11890,0,50.84614868060655,12.074881640074308
1672,51.7007871204824,6.848340146313266,urban,6275,114229,51.71190877378852,6.855853114477259
1673,49.84211070986203,15.034608159447655,urban,3283,0,49.834624996705614,15.02423691129597
1674,53.1425028089607,8.502151323714845,rural,16884,135749,53.156366275848015,8.511925590200583
1675,50.15324510196931,7.773533745051972,rural,3312,101037,50.15910684822433,7.773692130600239
1676,47.30505430352694,6.669299540590719,urban,492,42501,47.31242177123583,6.691014541581411
1677,47.91099468753782,13.656963721131858,urban,7130,81600,47.90846999500282,13.64581545894965
1678,53.24372665657815,9.760592486517565,urban,766,102385,53.23934215689511,9.740678379086097
1679,48.96632388101263,6.646444772031149,rural,5222,90911,48.97346812684973,6.633891313480508
1680,48.31999251987588,7.124404413289791,rural,649,0,48.32661258657144,7.121206512268605
1681,54.97836592429385,8.02601246574226,rural,14035,78808,54.960396732065774,8.015174626009275
1682,51.34191343605967,6.619967668896859,urban,2274,107115,51.34403187761287,6.625009981090104
1683,48.49163033988332,10.700604328138398,rural,8980,114904,48.48059547987091,10.70490104018401
1684,52.50681900046358,6.966887474545394,urban,13463,0,52.52389196126405,6.98133229766214
1685,54.534058210318,6.475112907247175,urban,6200,0,54.55358721685537,6.470257100276758
1686,49.30232355834352,14.102963595764193,urban,14653,0,49.312715494031984,14.087434054538006
1687,48.19543984864221,6.120726673961633,urban,8121,75495,48.188247015514015,6.1158245275149214
1688,50.488497331051136,12.853911874752914,rural,15207,119933,50.48926301499376,12.847805994615952
1689,51.83723019396513,7.247914830271453,rural,11396,127166,51.83810899282391,7.254770019228074
1690,49.897738341553065,8.870331552571416,rural,5451,108827,49.884960524421366,8.869285585335462
1691,53.57114250341939,6.99709912750211,rural,5070,0,53.55541239668286,6.98690420590843
1692,52.06188456405234,11.957076605743858,rural,1388,0,52.05487144605474,11.965743839304244
1693,50.26234504548949,6.254721983053385,rural,18354,82305,50.25461649101221,6.253662587530759
1694,54.58163494663617,11.864646619517368,urban,9073,0,54.59215981080366,11.843289939204444
1695,53.98878784389096,8.462535574368486,rural,14961,127839,53.994377875100085,8.477216649626472
1696,49.321350088704975,11.462142234574,rural,17178,124175,49.3330073455597,11.470966513119608
1697,51.72281483240689,13.62496016688149,urban,6024,0,51.70210810446443,13.62039584680804
1698,53.66483949182079,10.09243373744111,rural,13125,0,53.655648928212734,10.083184081498448
1699,51.42410688458986,6.604083506431703,urban,15145,0,51.42565056001089,6.594730160106028
1700,53.32826762330932,8.31371358242623,urban,6225,0,53.32135455838304,8.318186545891267
1701,55.058876729786704,8.65050385783235,urban,17094,76737,55.05135195369425,8.65340290597838
1702,53.61708931617446,13.472504116299316,rural,18410,0,53.63220040251596,13.46350883949954
1703,52.37832988298629,6.3810531166858295,rural,6198,0,52.384756299965694,6.372349610186685
1704,51.23780128859448,14.14072242966775,urban,9003,92634,51.24285316404736,14.128343214946256
1705,50.14128012704631,13.50840784880561,rural,1224,109439,50.14777312470397,13.5047459843306
1706,51.27254829942488,8.666483275285234,urban,18825,127778,51.27384894339295,8.665271550323821
1707,47.29002317159299,11.98696785032573,urban,17164,0,47.30904648600908,11.98486628984375
1708,48.436789196530114,11.891668315997748,rural,456,0,48.45338759223819,11.893828514788094
1709,52.484103071940496,7.76730738337624,urban,16419,119355,52.4648926963608,7.763092820242747
1710,54.49286566979606,7.194355032953146,rural,1397,0,54.48875061214529,7.190061845723985
1711,54.43501880269443,13.241262296913208,rural,13185,119815,54.4463244664587,13.244700216406578
1712,51.82171110730731,8.5368352446059,rural,9627,0,51.83476576757836,8.543818277864355
1713,54.9789912698622,15.036134427766797,urban,18723,0,54.96598662724694,15.039840740385536
1714,49.43817869494037,12.582492855880508,rural,10126,117182,49.44492165180653,12.58601932194286
1715,50.49924739703752,13.346363257286518,urban,14375,0,50.48473067488997,13.362052387165582
1716,48.22382171214333,6.746172720059079,rural,1250,94185,48.24344806458628,6.7433990817643625
1717,51.03257452037309,7.262555511341004,rural,19282,0,51.028562592904976,7.267172081511361
1718,49.02466188796317,12.865060904663345,rural,17909,120078,49.01456656509565,12.858028223934143
1719,54.33763249105273,13.015152121219725,rural,12934,124201,54.34623192098268,13.01990849727408
1720,49.74255327343634,7.640831961434119,rural,402,104890,49.744464646489526,7.654264043381481
1721,50.52218166113904,11.97682613488951,rural,2310,98231,50.52539294800535,11.96457126766873
1722,52.30153684197682,6.416978688417363,rural,11938,96398,52.314548684687104,6.425481358656835
1723,54.106823351789366,12.141435981830991,urban,19569,139467,54.100111950388445,12.149757903498209
1724,47.524582471245786,12.599878320098233,rural,2643,84362,47.52811898482511,12.582958920525876
1725,51.22975884534969,9.459337855540229,rural,11153,114608,51.22679523791864,9.47184311078257
1726,51.12679105208586,13.66458817942304,urban,3167,0,51.11761384391118,13.65929836153696
1727,53.93449913755492,6.040429485833549,urban,12872,90441,53.92141440907152,6.037512373685203
1728,51.90934474847514,14.671396646457712,rural,16228,82834,51.900346248062114,14.68469483343401
1729,52.48151090417941,8.156746556878415,urban,16549,0,52.47633201121892,8.137611875432118
1730,48.12392765283821,11.733569737430624,urban,15118,0,48.106674929678725,11.74888301308817
1731,50.840379355083215,11.706871025355069,rural,11816,115400,50.85134966810292,11.716334290718518
1732,48.75526651483816,8.210571604115959,urban,7214,115634,48.74986859928303,8.208894785809795
1733,54.22060042877323,9.352607918010444,rural,10563,0,54.21829025681984,9.356272603179017
1734,48.95266759321668,14.813065493430765,urban,16667,0,48.94863785032226,14.8075471506377
1735,51.30780582142122,10.66216971764053,rural,16886,0,51.29663760278482,10.66182926470468
1736,50.95175266011301,10.457943836578492,rural,6438,123613,50.94437288524866,10.442864233101398
1737,48.98758036421325,14.725345751298564,rural,7030,0,48.97693028250909,14.747059945597396
1738,55.0004985131235,13.470461563846658,rural,10369,90489,54.995643554740674,13.47113830520497
1739,49.18970073505417,10.785225516338013,urban,11139,0,49.19010590117252,10.79538422911722
1740,53.19996456892254,13.498899981222577,urban,1022,131036,53.20741255862762,13.4911991583446
1741,53.039070685544544,12.358175433092722,urban,9112,0,53.04055923905996,12.34058792092406
1742,50.0926694604922,6.572597039025694,urban,17099,94143,50.09848516259658,6.567072918098288
1743,54.20631314864685,8.819932497851799,rural,12426,0,54.21794632366714,8.83510643363871
1744,54.80442616263751,6.095940897219835,urban,9243,0,54.83040596164109,6.10164522100429
1745,53.70908984584366,11.977207768946773,urban,17436,0,53.70638567673546,11.976505030689983
1746,48.95699283057603,10.926420078978808,urban,13802,117315,48.93779933420465,10.927943060280004
1747,50.87756973708664,10.22002321708766,rural,3103,0,50.86670713646231,10.201453966608442
1748,47.980036337154736,13.903544818796146,urban,4015,0,47.98478911775924,13.911865150900333
1749,54.57414216439176,9.875563139971632,rural,7579,113772,54.58461220368444,9.88126502554152
1750,53.80562655838218,12.03760588509368,urban,16873,149473,53.79963146654303,12.052529166400976
1751,48.51991838124998,8.456559447523475,rural,5106,101158,48.519697438117966,8.456193006176942
1752,53.92040170674186,12.277148671984232,rural,19571,140131,53.90993376041685,12.277904981543788
1753,53.8409628919946,14.027264273772904,urban,12538,0,53.83712306109141,14.016336620708998
1754,53.14745694264677,8.505602211376289,rural,5840,0,53.14675574905764,8.506214776451051
1755,50.17914676009684,7.649786534404651,rural,17206,102319,50.19161680120716,7.644421599637309
1756,53.91347016087786,8.444287728914613,rural,2172,129058,53.916847430125024,8.441419539892813
1757,51.67472549685635,8.117409845888124,rural,10883,0,51.67808233243921,8.111335553675653
1758,48.56735706139617,10.23882996308489,urban,6617,0,48.57275956104039,10.226435826356465
1759,49.83448496838185,7.937849551740756,rural,17141,125531,49.83399548743334,7.934286311400177
1760,52.500089784264176,14.326524029492695,urban,14626,0,52.50514879262589,14.313634074658438
1761,49.45744792955058,6.301006877527035,rural,9196,0,49.44504189111641,6.312640850787759
1762,53.43267835951358,9.90703817563618,rural,14302,0,53.439910710175255,9.926867507596407
1763,49.55009199516064,11.380510797063147,urban,10080,0,49.53847389271576,11.389276611074832
1764,47.63896913435598,10.505264264487202,rural,9233,0,47.62727449969464,10.500998089580456
1765,51.987858177226194,11.237832828702873,rural,15027,125719,51.97897904607864,11.25043799460837
1766,49.65930813170884,11.626535689127046,rural,18080,116479,49.64504709647306,11.637093885101145
1767,52.25617090997053,13.212569082636756,urban,11481,115021,52.25269342666593,13.212997676649836
1768,50.50704635156003,10.564902651397157,rural,8825,114718,50.50241567769442,10.57023176938436
1769,53.28761833946986,10.580754505148718,urban,10952,0,53.293692742846126,10.593999301829724
1770,53.22417374263582,11.30658050661717,rural,2066,0,53.24177432887029,11.32608653437556
1771,52.77473382030431,12.81301196824852,rural,5551,0,52.77103071437441,12.82363590113459
1772,47.41382110576613,11.9670879052093,rural,1180,0,47.417477681091015,11.971003426243692
1773,51.56969074857667,11.606493255551642,urban,5865,123990,51.57166809350559,11.589177881481673
1774,48.59028251865392,6.823978666179574,rural,11404,102831,48.59516951592265,6.820277135254418
1775,53.84419508315105,10.77269781454798,urban,1663,114929,53.840848215306245,10.7793153633811
1776,51.8068061476737,14.93200913621865,urban,5970,62695,51.79382739131461,14.920494479261984
1777,53.70884154464178,6.238670246676944,urban,7594,90048,53.71650410119038,6.228751737851626
1778,54.93653175302702,7.471606057612684,rural,14134,0,54.93500642261689,7.476124328115167
1779,49.4203300097841,11.917556519786274,rural,19175,0,49.41799598637863,11.898590149679777
1780,51.990508503260905,9.988411429954542,rural,3378,121380,51.98390287752402,9.992548423732796
1781,52.77190294511496,12.610898115223248,rural,2016,0,52.76584378283312,12.604038974250171
1782,52.76224970696829,10.003015558592544,rural,7800,0,52.77168004195164,10.02288311742486
1783,48.43616884598465,11.409427260933814,urban,1558,117042,48.43356951792699,11.414090116598691
1784,52.6918155938366,7.8401368464263745,rural,19088,122492,52.68396318522237,7.844537678219059
1785,50.523753038056725,11.577102644627734,urban,12669,0,50.51216215170286,11.5907865276906
1786,51.07569222873023,12.117306708859417,urban,9697,109763,51.06118287644373,12.098725468987428
1787,54.65829970427014,13.33163218144049,rural,936,120681,54.65631289509325,13.328206775908704
1788,54.25000202849941,7.531908160731229,urban,14500,0,54.25009667556947,7.537822249872013
1789,50.42668169492713,9.694338625013508,urban,9148,115928,50.42247255729056,9.69475859199256
1790,50.36458103171865,7.244471038826809,urban,2471,0,50.36262037399993,7.238754098690319
1791,54.59345941879974,14.638964082405543,rural,15438,100775,54.590081466348224,14.631280646813757
1792,53.54100195802872,6.942931792655022,urban,15094,120848,53.55133677407126,6.952714810936228
1793,54.74199194018298,11.880978236717104,urban,13110,120500,54.73185793351922,11.883948091612286
1794,54.90877860872757,13.234060298398546,rural,3160,95538,54.9145325591447,13.216772672664383
1795,51.15259038382575,14.73126470667938,rural,14196,94532,51.14724568160789,14.73655020160768
1796,47.84306331665562,10.566408182319448,rural,8731,0,47.844127928550414,10.553070093610437
1797,52.78067757573344,11.5829659563268,urban,14925,0,52.78267000961564,11.573747702976677
1798,50.64872169981699,12.921559880505388,rural,4560,0,50.645575111373816,12.932435468041312
1799,54.74655555744288,14.8342639676737,rural,7800,82620,54.73989276034344,14.818605221930987
1800,49.18976741594434,12.658136813006982,urban,12175,0,49.18678975458648,12.65636664034782
1801,49.73279391147656,7.222052197842996,rural,3425,0,49.73226709786175,7.222122078564402
1802,50.98790036866325,6.1819449556832975,rural,10035,0,50.99035230819272,6.187869941309294
1803,50.02948632113557,12.893634401484803,urban,3177,0,50.01629734588565,12.881505918447576
1804,51.0631515856099,14.377180453116736,rural,4609,90148,51.07491926028053,14.372778491693357
1805,51.726838635501466,7.841984010484348,rural,10434,125987,51.71983545448887,7.849072884091196
1806,51.16876868076936,9.217410775808563,rural,151,113369,51.16710789140632,9.223116739199217
1807,53.40644008544104,14.80211269465148,rural,3466,0,53.39426784336796,14.818144916266618
1808,51.138213640700144,13.632173605973806,rural,3033,0,51.14291649909411,13.635724880059945
1809,50.80724467743289,12.025971970391176,rural,14930,113897,50.81026224481277,12.031281726263352
1810,52.55829120155617,10.917193536424096,rural,1461,126729,52.55143512380814,10.921984863211316
1811,54.50658634538856,8.317087181109514,urban,16749,102673,54.51191047233391,8.33305744714618
1812,53.4044133173484,9.45014400215864,rural,14195,118082,53.41227694087512,9.443566221824382
1813,54.357795892507134,9.764554313654893,rural,6861,0,54.354913434795584,9.745127251029617
1814,51.32281036290482,9.223297791294744,rural,16291,0,51.32886947072103,9.214538699843072
1815,51.25715544567569,12.47659622208909,rural,5188,117727,51.2312676213829,12.478283528787236
1816,49.72067378979519,10.656574837447405,urban,17944,0,49.738922856992616,10.663486814870216
1817,49.53190264540183,8.323423307355913,urban,6654,122317,49.51979708266223,8.31415594536552
1818,47.861024972375546,6.975490342948509,rural,11703,102778,47.85219715968657,6.9780527548739135
1819,53.913897221175255,6.994949057642247,rural,1412,104850,53.90145192251758,7.003955482986518
1820,50.42639302893142,11.745316532260308,urban,15662,112749,50.43256649401684,11.750435555351856
1821,52.20120351525868,7.08650164275579,urban,1177,103220,52.21488568283485,7.076153559973136
1822,52.85473280395958,12.036876804496549,urban,4340,126118,52.87842803403238,12.042497020635755
1823,50.40523243190881,6.966176782523999,urban,7359,95117,50.39736949937252,6.960072206114443
1824,54.12452303395915,10.857260512574392,urban,5537,0,54.11407562511207,10.847919841142426
1825,53.260163317717655,13.411164588737607,rural,15904,0,53.25197181852512,13.414829229571945
1826,50.9297234173434,10.64018321603056,rural,14347,132502,50.91662929825698,10.634818673746905
1827,51.036411488173705,12.124458376836593,rural,3055,0,51.03668132979501,12.111520701602936
1828,51.68874706565619,11.647589613453905,rural,2401,0,51.69653826984294,11.651506322950178
1829,51.66772155384762,14.792165969182475,urban,15733,0,51.67766302521352,14.781238102530834
1830,51.22087247467133,9.055342651819617,urban,8678,0,51.22005078237943,9.061859378572864
1831,52.538207193122695,10.824780746817448,rural,8799,128741,52.55089267296536,10.831006577765235
1832,53.0712744924998,12.478401119423271,rural,17293,0,53.07423817176053,12.488016207139534
1833,54.52988349521952,9.771396842733706,urban,12692,109115,54.53737691970209,9.787800851808884
1834,51.343900833403325,6.459233957138407,urban,12410,0,51.34587499195101,6.47101195959645
1835,51.791765289742166,11.785642254110131,urban,18676,127973,51.79099279115342,11.782532012560525
1836,49.845485628169904,8.644393113622199,urban,5430,111983,49.83401573760248,8.647999725877098
1837,49.48175734942144,12.85360509773312,urban,11951,116326,49.46625014578076,12.854055679070196
1838,53.12827607161594,14.813766232821502,rural,9106,0,53.11536568598859,14.814792625571428
1839,52.531310179797,5.900126257570738,rural,2095,67929,52.51388844793836,5.907002539360728
1840,53.79928671891936,8.55158924934925,urban,6791,0,53.78936101901825,8.554688450440254
1841,52.22216510599457,14.722129657938796,urban,5443,0,52.23344228532469,14.720375074056545
1842,51.64912643544493,11.101287274300947,urban,5247,0,51.63001637688153,11.087198933484451
1843,53.8543606064863,13.677093385469648,urban,18023,134129,53.84615907016436,13.674677606718804
1844,52.001178965876754,11.545609389035608,urban,16232,0,51.99082757248174,11.561880780774835
1845,47.30220795905299,11.47897098135992,urban,16652,62375,47.30815525480892,11.465675629198762
1846,48.80742527838729,7.314920024160849,urban,14203,0,48.79469875412034,7.303462040811667
1847,48.18470121888565,13.26119123641173,urban,12625,0,48.18763147033911,13.227936594784328
1848,50.61146767527141,10.489304670787952,urban,14329,120104,50.62037623989742,10.491437182510976
1849,47.86201365658882,11.263869441341154,rural,1083,0,47.85758788004936,11.269327260449256
1850,54.540493914034606,7.290670929593509,rural,18531,110864,54.53483012619231,7.281478317618125
1851,53.0090519948999,13.370085991389807,urban,4748,0,53.02272588834875,13.378392419794393
1852,54.227936994308,14.357383311332937,rural,16447,103595,54.241569225161726,14.351940461979217
1853,54.89736987304315,8.68704303968682,rural,11412,96634,54.898385074364974,8.68699550009425
1854,52.06648037723203,12.242062273488964,urban,699,121250,52.07029459831731,12.238382780403516
1855,48.77227996091448,8.299565350649129,urban,13330,0,48.78440588290684,8.29687762706409
1856,48.31237112042262,8.531983937071653,rural,11445,91181,48.317764849607656,8.511478131089916
1857,53.29884716140591,9.909507237222922,urban,8244,0,53.30023488561645,9.914323935689268
1858,52.36376694839191,9.545445153389984,urban,13888,0,52.34778068793168,9.53333792100164
1859,48.17146403458976,6.584453983214079,urban,1227,86083,48.18410787674246,6.575572285764955
1860,55.09481512129699,9.601326383009363,urban,10765,0,55.0998369868144,9.595728287955682
1861,55.0275851179003,11.33331029038533,urban,1447,75015,55.01943626040124,11.337480558619266
1862,50.38342717727281,13.022507255223104,rural,15785,120270,50.36417428086204,13.027722477176036
1863,53.35854976414393,13.815594281168774,urban,13113,0,53.35502284732048,13.814640756155276
1864,47.46581087858032,10.97614038336298,urban,4907,0,47.47570854513006,10.9859968484972
1865,47.35871567611508,12.047790476260737,urban,18319,0,47.3669446506162,12.065549796619134
1866,53.9802312802461,12.284137842684975,rural,5182,134250,53.9791364893449,12.295737602311869
1867,50.61002059243735,13.027352858669133,urban,3069,0,50.59779190159151,13.034026019614874
1868,53.57836729373124,8.854896613194565,rural,13071,0,53.58773059809084,8.843594674043485
1869,49.45658960393541,6.924990727457059,rural,19161,111401,49.467358748503855,6.945636828002553
1870,49.50779142526461,9.017653317347266,rural,15038,123023,49.50552593537905,9.017085739308763
1871,51.28850149143865,10.644315908653835,urban,9516,0,51.27098686382014,10.645245753510308
1872,52.10897774059085,6.311377130336566,rural,4528,0,52.10510237682048,6.300384300594568
1873,48.05997090929848,7.136222947521484,rural,4583,98713,48.056569873753695,7.13287426170896
1874,53.95780735868326,13.251193989415766,urban,12018,125949,53.96636030849559,13.25461441544627
1875,48.64403422271865,8.73434931382005,rural,16877,0,48.64685530695685,8.731045930814274
1876,50.66376149820581,8.532631558963658,urban,19606,0,50.66410317800152,8.532240771358722
1877,52.77693435091901,9.778446008499392,rural,15121,0,52.78483807525679,9.785126282365573
1878,48.01197854304486,5.99921216991757,rural,3482,65403,48.019934746451305,5.995973561172341
1879,54.77777069849331,7.833369334961777,urban,4697,0,54.78399170897101,7.826960528591022
1880,49.292704714175954,9.039122038463807,urban,12557,0,49.2838228554903,9.051872963896235
1881,52.64439942324172,10.607126544199916,urban,16432,133165,52.64936777449248,10.619778167196316
1882,48.92502627632735,13.918933514078187,urban,7924,0,48.918512214284526,13.935263989088067
1883,53.27246803157425,10.59804291791027,urban,19839,0,53.267995535935206,10.608304541668224
1884,49.1808955633655,12.296318040672942,rural,11101,114447,49.16255154307599,12.288646551467531
1885,48.21711960275644,9.29479863359912,urban,19794,120066,48.214983784673336,9.28887153690636
1886,52.99040056020665,10.883017530878549,rural,16024,0,52.99910702766986,10.87545249225064
1887,51.230641253686926,14.941105658393656,rural,11084,0,51.22228898255574,14.941027232871138
1888,47.47294033651227,11.78645307355107,urban,3970,74287,47.483535485916846,11.787129778375116
1889,48.80599449475553,13.542051047531393,urban,1345,0,48.81574393723304,13.540677977131445
1890,51.45539845179184,8.713138781782316,rural,2964,115328,51.45969492593013,8.712607533129558
1891,48.87726443753304,10.107595391487134,urban,3765,119430,48.86945414296471,10.091428603524024
1892,50.713109057317816,14.419777336559816,urban,7104,0,50.72187304081974,14.423800166231889
1893,52.99414769540076,6.248128386673949,rural,11560,0,52.98618748519123,6.247378664420503
1894,51.43698829204887,11.625318316459133,rural,17153,0,51.43403568265005,11.633581411563664
1895,52.52382365357155,6.383934043271455,rural,9074,0,52.5328491520886,6.377680132382388
1896,54.754037490282286,14.975478637212657,rural,19578,0,54.73369499045448,14.958237084786902
1897,51.78078657087685,10.024897653124537,rural,2262,0,51.78321200438011,10.02787953477148
1898,54.901476049743984,10.34172748127408,rural,422,96147,54.90033353288952,10.337666998739172
1899,54.343889803662485,8.25942431708045,rural,3224,101070,54.35901826204167,8.256244619687731
1900,51.89636324663615,12.49237414759763,rural,12868,128499,51.9040585506818,12.481069097213265
1901,49.20554023292535,9.94754001605686,urban,10282,0,49.208683467104265,9.962228959225063
1902,47.30930554707772,7.838202134821987,urban,9805,59006,47.30382454994094,7.839133231512843
1903,52.03645445828214,7.262320749467879,rural,9631,0,52.03153669058907,7.265914482671421
1904,52.49081477605058,10.744284377095076,urban,17304,133693,52.49865953619436,10.7421970217726
1905,47.620548022391695,7.159436738897513,rural,12743,82939,47.62160869312444,7.166333099211134
1906,48.01204788897741,9.736566916994851,rural,14893,115629,48.02908423857549,9.751708730185356
1907,52.2788101090475,14.701334171846492,urban,12897,89106,52.25665901831034,14.681674525295492
1908,47.340073749015694,9.039419167126848,rural,6591,0,47.34167819016499,9.047122186793375
1909,53.86435030319996,12.918040895162896,rural,14193,0,53.86657042043678,12.91744191054338
1910,51.3985356158981,8.480034154208582,urban,6909,121337,51.39772156899226,8.486409068015663
1911,50.98770594250103,11.859293008489946,urban,4151,106325,50.98969830965721,11.87421662648364
1912,54.80471212971925,13.995726021801932,rural,16959,0,54.79275953685847,13.993987594652316
1913,52.66834318633322,8.056398597959591,urban,12131,0,52.67067869767882,8.060062559187218
1914,48.01031102497808,13.845513088019445,urban,11772,97444,48.018724481906,13.858877306477323
1915,53.01538076972159,6.492051277919193,rural,19191,104563,53.0040589185079,6.4817559993555065
1916,49.72588641533669,9.047821995232766,urban,18831,0,49.72088349363043,9.063309113823902
1917,51.51429789613433,6.939065199052457,rural,10099,0,51.52369696625424,6.948781391729378
1918,52.34560834565522,7.949175274863222,urban,13960,125625,52.338684596572136,7.956896053715982
1919,48.17896277082526,6.035755250397637,rural,16676,74488,48.18137709651278,6.034351903410229
1920,48.59209818176618,8.030196744378406,rural,2418,103930,48.5955855468042,8.051285790402464
1921,53.47758926884604,14.959690777244518,urban,19592,94112,53.487766569520616,14.967427712887122
1922,50.746804298425694,9.968943701945332,urban,14957,0,50.73587678708445,9.98782898449508
1923,53.02269596318555,14.891453352504186,rural,3134,0,53.02027866024733,14.885679470186837
1924,53.21177047701662,12.761974044855002,rural,14558,0,53.21588207049829,12.768437977421074
1925,52.19918812255416,13.177808711374954,urban,7988,112650,52.211261810045926,13.19349210632735
1926,48.742690313569,11.708026864308549,rural,14334,0,48.74518457544277,11.695275958261416
1927,50.16178861182561,6.067780016819808,rural,7787,0,50.1611853688121,6.052402609817361
1928,52.53466649433447,7.964067747872322,urban,8176,117971,52.519713443207074,7.964527737609994
1929,49.52066052754736,6.029215124474863,rural,18555,0,49.52264418123373,6.015737716619671
1930,51.14230844242656,11.812446229785916,urban,7757,114761,51.157501761551615,11.810410794542058
1931,53.33141049334377,13.738556031260488,urban,16971,152381,53.33384460924549,13.723319542607353
1932,53.31031934500941,14.327719189910672,urban,16079,0,53.2954962484182,14.333906252854575
1933,50.49435066517106,7.311097959897959,urban,10103,101350,50.4943493996276,7.313732219307637
1934,50.1112657189245,13.418263175352765,rural,618,104283,50.1134048713477,13.415164582560534
1935,48.84147821282146,14.633777751084075,urban,10702,0,48.85450556864758,14.63496606436042
1936,49.28732535143936,9.449877447743766,rural,11552,0,49.27994064237193,9.457576482011374
1937,48.252587299419936,7.279210832893531,urban,18147,114417,48.26459189730551,7.276066896657219
1938,53.86876124869426,9.480930032730242,urban,1710,118431,53.87169158847706,9.476094662810166
1939,47.82371713772649,13.287912975420229,urban,3936,0,47.838237317624895,13.282372018997544
1940,52.38767654317424,6.583812438319891,rural,1545,0,52.40213841800927,6.587857227470526
1941,50.95923045570167,13.016215734496942,urban,17557,118466,50.96374440851087,13.013023482058424
1942,51.8518290332194,7.167794515651538,urban,16975,138599,51.84745584248808,7.178757902433516
1943,49.359532929876295,10.970587600466413,rural,11529,108058,49.37055139574482,10.975157965836322
1944,50.78942415275518,11.51984901452406,urban,5486,0,50.78186319123707,11.522844687624366
1945,47.69158480638407,13.751293503077957,urban,15999,82284,47.69272110349216,13.75272594122162
1946,54.861552647208406,9.047017490148887,rural,14192,92355,54.84214028358548,9.050798206621248
1947,49.42386701581439,11.492213154035383,urban,16820,118164,49.43389861698084,11.503935420181543
1948,48.26270058680405,7.704929105714593,urban,15466,0,48.258539920059015,7.706644101847671
1949,47.56110969489961,10.55723516845373,rural,18272,0,47.55665251539965,10.55746455136174
1950,51.08075753503094,11.078413632986528,rural,16336,134875,51.07974852540109,11.090007967687416
1951,52.18220743494763,7.948099230643506,urban,4041,0,52.186294556523016,7.95346116484101
1952,54.67533686015437,6.13377080092568,rural,9781,0,54.66135778031183,6.124689173642777
1953,54.44127948618769,11.209653635095904,urban,14176,0,54.45052080809237,11.198845999056406
1954,54.41217724409627,6.160900421283927,rural,17730,88729,54.42542304706109,6.14978343430616
1955,51.98072968631182,8.203345700086867,urban,19082,115211,51.97860282397919,8.190747307579548
1956,53.55122739231184,9.01016615482558,urban,12404,0,53.55231370892327,9.000789141930847
1957,51.35016662491432,9.474506365225071,rural,19265,0,51.353007849258766,9.46317660897836
1958,47.94645667747042,6.350629355734244,urban,7480,79818,47.97156829040944,6.336593517037731
1959,50.44510615740523,9.928022578473405,urban,15075,123098,50.43071011300218,9.92303646424499
1960,54.269174242733136,5.980311045518099,rural,2903,0,54.261651539669934,5.981821879175627
1961,52.101724052856966,12.173804371975972,rural,17077,0,52.09608882680975,12.156114999822924
1962,53.96162019341327,9.889285543083163,urban,1794,0,53.97780709813637,9.886204569123308
1963,48.38972548273254,7.701629761042685,rural,9901,108379,48.38291741362863,7.701422082526218
1964,54.929967106569,14.193602565453876,urban,18699,0,54.93986409058992,14.180960386544292
1965,49.73192772990308,13.78798533500542,urban,10313,0,49.72920821952367,13.77773516888667
1966,50.54080559402445,11.288522121203613,urban,12333,0,50.54306560593594,11.292213965002244
1967,52.273802812867096,5.998107634478696,rural,15079,0,52.274543196628,6.0129413486498775
1968,49.56096567285754,6.292995412964056,rural,5431,0,49.56822234200733,6.286010409316102
1969,51.91390310832076,12.184358698946951,urban,16108,0,51.911734919772464,12.186017864261576
1970,50.143966003726746,7.972663226180169,rural,6788,0,50.13219112279407,7.97776745943297
1971,53.020483711112966,6.71807217997011,rural,7660,101043,53.00517616467019,6.702978024706481
1972,49.80978130008851,9.681626612778167,rural,12110,0,49.831311139868056,9.696331305205875
1973,53.12735850847894,7.433436465158465,rural,18134,0,53.11077101949163,7.429970526176512
1974,52.89765063350378,11.02561676201703,rural,9341,0,52.90470663486772,11.030063245769757
1975,48.91224064436155,14.14255749707612,rural,10128,93430,48.9208802693011,14.126933649118918
1976,48.84010754253532,11.522266830735248,urban,8751,0,48.85802344143365,11.522891645743712
1977,49.44744248266071,13.32386264435089,urban,15936,0,49.43941144663109,13.32915582364576
1978,54.905275500231006,12.714862894706194,rural,3708,0,54.90761720672556,12.724051691891384
1979,50.45178180789439,10.42439146685074,rural,5771,0,50.43503939554647,10.428669839906798
1980,51.714125867265,9.822074285168195,urban,15343,124801,51.7133464960278,9.827246409296642
1981,53.54133774680581,10.207692025442388,rural,3513,117855,53.55381079481386,10.208772965274006
1982,53.091705287906585,9.141286048488764,rural,9500,0,53.07657183851842,9.146989844455868
1983,50.94715953596484,9.29929178720976,urban,4444,0,50.94559276991605,9.293806448223922
1984,53.59235373019567,6.122947216892368,rural,11425,78419,53.61755170546342,6.112462481991367
1985,52.55806620642576,8.662464940310132,urban,8872,124200,52.553756873795045,8.654364165645736
1986,52.15405387103831,6.925545766799225,rural,11729,0,52.15371053314091,6.924543479926103
1987,51.01187033745397,6.255673149648339,rural,3863,85568,51.02050450048752,6.255928491088381
1988,48.20674386224093,12.496285544601347,urban,18055,0,48.2106269409714,12.50680308682676
1989,49.481639420111485,8.438437035332349,urban,2687,121676,49.497264868671365,8.42824126544065
1990,48.84502284801101,7.688100139261443,urban,10807,0,48.85545342816626,7.695192239852953
1991,49.88323938730807,9.466258427693631,urban,5201,108602,49.881509257187965,9.479343455175826
1992,53.99627631728399,9.338052109118165,urban,1812,120014,53.98830028070007,9.35213569967244
1993,50.27053631949338,8.420266889978132,urban,2980,0,50.26993802261151,8.422811249863647
1994,54.77371669264987,13.05436246704675,urban,5906,0,54.77789697970147,13.045209877315274
1995,54.98798461933268,11.605675594702111,rural,4378,0,54.993640174185856,11.609370058514775
1996,47.32498556615084,7.039752470627178,rural,11327,54603,47.34268665163319,7.043961371577133
1997,48.15545980891114,10.025290987290624,rural,19038,110861,48.13467297013417,10.03240668695456
1998,48.8934289435108,6.494143903080458,urban,2759,0,48.90932590155347,6.4903417980040246
1999,52.52603897096894,8.112776021513236,rural,10745,0,52.535390543266914,8.117946573174667
2000,54.29740442401776,11.04388708070627,rural,311,121243,54.296961535171725,11.054649103934931
2001,47.67945536286733,11.708895877137508,rural,10264,0,47.6599701918128,11.70854406986444
2002,47.39888458798927,7.324543606198745,urban,9219,0,47.40760744971737,7.326648388587341
2003,51.88217787884357,14.51725215718281,urban,728,0,51.88784760362883,14.53116004429914
2004,48.22498963142164,13.463879999433573,urban,1754,0,48.23063259574353,13.445154320053476
2005,49.954293325132845,8.308567063803146,rural,16701,130491,49.9504270815962,8.312296380906718
2006,53.23449711572751,8.519161556464535,urban,495,0,53.23562152431155,8.537525093790034
2007,52.59640237032381,13.142291170904144,urban,10985,122682,52.62053658607133,13.146772045579452
2008,53.32543918092102,10.115513697733126,rural,14739,0,53.33796830985965,10.129526212495104
2009,49.39574383834111,9.707534642001775,urban,16273,120634,49.389525046140754,9.716710801180106
2010,53.52918391500992,13.371854834169618,rural,16188,0,53.528230031918,13.358721117844796
2011,52.15744641452238,8.056679186837798,urban,17407,0,52.14329994476351,8.04728576168737
2012,54.06666260415143,6.0572439481129,rural,11787,0,54.08103277326551,6.055540657266064
2013,47.402015086041146,10.632887785983195,rural,409,71945,47.409359316261465,10.639377205360574
2014,54.38036560859335,10.99088154441736,rural,7209,122092,54.39216595540809,11.00092301604828
2015,50.51221019681112,13.669535608127736,urban,488,113552,50.51727418962273,13.656907020232726
2016,54.82498408858365,11.07193197146615,rural,17560,105007,54.80371546359095,11.070832647462618
2017,52.98812672105999,13.310951108628526,rural,19954,0,52.9719712247268,13.323779865105385
2018,53.72275493675952,13.56298911192409,urban,11370,0,53.69167009512868,13.56866985163772
2019,47.94935570558612,9.311629700598798,rural,11320,0,47.94545620589388,9.301518347161958
2020,54.11884108334727,7.884374211955933,rural,19867,0,54.13500968185008,7.880357744281264
2021,52.62234779616046,9.111597288815284,urban,12271,134114,52.62776961565263,9.090816200523298
2022,51.09193014439688,8.98340966254549,rural,1690,0,51.08131709221215,8.995322481205752
2023,48.23090095197105,11.913267171419108,urban,4710,100810,48.247373485045735,11.907524628668993
2024,51.43808219765126,9.752749127933177,urban,16326,124322,51.43450137696873,9.75735645314466
2025,50.40947808067951,9.134451148886871,urban,14907,133446,50.41566011329312,9.14219958139404
2026,54.61084551060664,6.98873472709985,urban,9056,104643,54.60809023122818,6.980211984767791
2027,53.317399393892416,7.59871436324537,rural,3127,0,53.32590798082072,7.59049392561258
2028,54.73955947734868,13.28132875261359,rural,12611,0,54.74721550307854,13.269217054653204
2029,50.17381639021131,9.287061946066167,urban,2342,124102,50.16796886390572,9.277732255412683
2030,53.125402414744485,13.989686456991206,rural,17254,130744,53.13078881911143,13.981681328366498
2031,48.87252247035472,6.346439291321551,urban,438,0,48.86079105121702,6.363403843864555
2032,52.18057714878648,7.367674149766115,urban,17140,121120,52.16528740710393,7.361560600716538
2033,52.47234868638214,9.510599390672033,urban,3591,0,52.47007846026647,9.50389151791352
2034,54.31606670565349,14.59960416851071,urban,16921,0,54.30466525743345,14.597096762038689
2035,52.75980809109024,10.328123045352251,rural,13416,0,52.76724443670679,10.318476130889524
2036,48.925961763754096,6.2621384813227925,rural,13790,0,48.92320341478894,6.249439327219848
2037,49.49605498982269,11.31866493905732,urban,10079,113985,49.49346262558476,11.31800389112676
2038,49.55133358873147,14.263645765282297,rural,2626,0,49.54808128938678,14.26511925030258
2039,52.603837186763286,11.463657437987006,rural,14553,0,52.613108175881614,11.446637057729914
2040,48.986886994917874,15.004236217308865,urban,2476,69647,48.98097269639496,14.999955128998977
2041,47.96062378514823,8.36368998543352,rural,9361,0,47.956363407332354,8.361777070305319
2042,54.83488780891773,7.886102164184312,rural,18678,95172,54.82807958282631,7.89181163464121
2043,52.55951040907746,8.795734772370043,urban,12057,0,52.55285315946051,8.795244203975612
2044,51.10541700778548,14.251151286680296,urban,4652,0,51.09370378721447,14.251983225936666
2045,49.15967782935108,14.94323980694336,rural,3055,0,49.13611137042621,14.93054362211563
2046,47.49449075970431,9.432278791155284,urban,1525,0,47.4999785527396,9.438997560888147
2047,53.64908874121375,8.684859163272922,urban,15676,0,53.65217298632199,8.689765930931568
2048,52.86693965777019,7.304731907040697,rural,2845,0,52.86220143701623,7.31090307165907
2049,51.09076910052067,12.919564831450025,rural,6325,123722,51.099795049857086,12.925288260990246
2050,52.623235129875546,5.980853847782013,urban,6223,0,52.61584779462825,5.987943148596961
2051,50.57103178187415,11.523071034713476,rural,17471,124533,50.57382957320124,11.508115432998457
2052,49.104001004363255,6.949848798350276,urban,5045,0,49.08426825330407,6.938589193583392
2053,52.21401895767029,9.11463739055553,urban,6869,106121,52.211229865359,9.116935553979726
2054,48.30515812207405,11.525416701784724,rural,732,0,48.31306487884902,11.523326906018356
2055,49.74114683478943,11.015270357008731,rural,17879,110221,49.74083345644011,10.997132829835296
2056,48.4584334287926,8.698712090815102,rural,5776,104911,48.45530298150483,8.699365410993781
2057,52.44860545764818,15.00102300789136,urban,2701,0,52.43076704168997,15.002092234707058
2058,53.39468741337309,14.758674135845574,urban,19923,133901,53.38124069814515,14.760033049484496
2059,50.32676904255052,8.819084758405983,rural,6169,0,50.325793748062615,8.812786398060876
2060,48.10848790162138,12.694511263399049,urban,5719,0,48.10131750104058,12.707615950355464
2061,52.387844546624905,12.23167559922306,urban,2908,0,52.39026656382175,12.215514356621092
2062,48.42137245395262,8.668782001000508,urban,6132,0,48.41861421035178,8.652679253646044
2063,49.758399778715805,12.96757374170172,rural,9610,0,49.75552907884285,12.961620457269753
2064,53.9230822211525,6.360522045630433,urban,3410,0,53.921733250307824,6.375812432291319
2065,51.23389983666196,12.39286557192182,urban,2906,0,51.22779466573952,12.393229371366967
2066,54.70106260566171,14.199735317716115,rural,17032,116694,54.70816998231211,14.199409806902922
2067,51.85112443467245,13.892569633097416,urban,5424,104996,51.84546458682237,13.897990238726583
2068,50.08974758398944,6.054554968736165,rural,15099,0,50.08313725578865,6.05255827032764
2069,50.82156925483566,10.348742179466123,rural,4669,0,50.82040227477513,10.34520819286209
2070,48.82506325683708,7.955447690562947,urban,17815,122958,48.83668040731418,7.951941157389223
2071,49.980403084366735,15.017581212048356,rural,13592,67954,49.975870236939535,15.03040091947442
2072,51.1028591474037,9.60525020111302,urban,5713,119892,51.10871443759496,9.60979160455561
2073,51.284534458920746,8.474053808611597,urban,493,118226,51.29915013637874,8.480098234348166
2074,47.87110763697061,14.464899251473655,rural,9020,0,47.881227843991866,14.463907267629132
2075,48.638293968519946,8.283409733272677,rural,19512,125049,48.63199469481268,8.271085484342828
2076,54.97847188358406,9.702222182734278,rural,4686,94408,54.9875697284598,9.706641913216917
2077,52.6588342208721,8.513050975078716,urban,7752,128256,52.643311881432176,8.52528574655926
2078,51.0984185109077,10.519809733631082,urban,9003,0,51.09682079223585,10.532620798478614
2079,51.111389546553646,10.425235076329551,rural,19002,138933,51.11907976397683,10.415728035145436
2080,49.95713715060749,8.530744292018772,urban,1188,0,49.97373448514898,8.545113099483265
2081,51.07314424500766,9.903053978073617,urban,14892,134214,51.06344074689135,9.905756709650586
2082,53.73993867846753,6.626883533112261,urban,19174,0,53.74767417209672,6.63637870984721
2083,54.23099156646771,7.447955716739933,rural,3211,0,54.22540228718401,7.451170117049534
2084,52.83320694331642,13.929577766277385,urban,3866,112095,52.81965908567379,13.930820844716909
2085,47.51366085167152,14.017830866165296,urban,17203,75149,47.50547022513079,14.032649318958375
2086,50.56314897573768,12.5749510723308,urban,8396,106585,50.56682930197386,12.565818286021388
2087,54.101429452087054,8.85729469200316,rural,15462,0,54.11131522360258,8.854308191741703
2088,51.122762274730576,12.911894356000152,urban,5950,126031,51.11521364899252,12.928528812726048
2089,47.41932991564266,8.37379108099404,rural,16791,0,47.41148351890386,8.372563519803299
2090,52.6060551574558,14.965076324270129,rural,7585,0,52.580552940826,14.960369717731542
2091,53.64076912626662,12.29454038279103,urban,2800,0,53.639062759735324,12.312998665220409
2092,48.940970695173455,7.678996650823163,rural,15579,130666,48.93219165850064,7.681408131212033
2093,47.4497330171772,7.403549068620214,urban,14174,79630,47.45551609082751,7.407297536726849
2094,47.55174262428064,13.485359035755495,urban,19515,0,47.5572237094697,13.48619254312144
2095,47.93209727352029,12.58290365183619,rural,17020,106197,47.93294317079946,12.579547019661758
2096,48.58503048484751,10.257740237808235,urban,19559,120808,48.56687327987073,10.270207754432256
2097,48.23218475023491,9.924429071285632,rural,17123,0,48.23044244718705,9.91751972452091
2098,49.05464251876917,10.80723974878464,urban,14813,122619,49.05447536207155,10.800101944453562
2099,48.51313501477394,11.49838342168645,urban,19245,0,48.5128435763825,11.506716221066522
2100,49.876835562745455,8.232640812099131,urban,9695,120675,49.87033979686567,8.222343756538729
2101,50.10086042084365,14.316420757099031,urban,5292,108500,50.10935396497662,14.308989301088582
2102,48.528066091892256,10.299942400793748,urban,3800,111937,48.51580541421498,10.307296056780986
2103,52.52290025162801,8.186487305670463,rural,11601,133171,52.52087438468856,8.190906150101968
2104,49.69132510702996,14.922404603402908,rural,12598,73469,49.68652677171974,14.92641715268308
2105,53.34291611160037,13.691733898152492,urban,6340,150536,53.34256790347749,13.68693501702816
2106,53.66913816817565,6.861262166002447,rural,14461,0,53.64364133684692,6.8628361200292245
2107,49.39643452666184,7.3699355996697875,rural,5398,106364,49.40415737425331,7.372150461897571
2108,50.51318514717491,6.334781043506503,urban,10214,0,50.5202534456764,6.32743100611845
2109,48.5135870217666,7.365367092598014,urban,17284,0,48.5176919412697,7.366438896384467
2110,54.589859234697656,9.923177196647345,rural,13818,111970,54.56606318101893,9.929814326809112
2111,52.04222923555172,14.350409874196036,urban,7830,104748,52.046307244472,14.329990679491136
2112,48.000344039191006,6.5444813941916085,urban,1373,89971,47.994631176119526,6.548760899046097
2113,47.82158148191148,14.73901581754489,rural,3539,70968,47.81823650029632,14.74207730267114
2114,50.4585632388694,8.455894137250883,urban,685,0,50.46001765608636,8.452471507976165
2115,47.8498425577554,8.060883315340764,rural,5965,0,47.85126318775411,8.052770931376038
2116,50.75251898722849,9.19398775729146,urban,16289,0,50.76260165043656,9.189876957434064
2117,48.468897113416325,13.733035823197332,rural,14067,0,48.46549476446957,13.728229428001807
2118,47.87810145450464,8.88738103573361,urban,2304,88599,47.87269977446103,8.881468505060688
2119,49.50032653416734,8.300375823392484,urban,13907,124892,49.49789986044562,8.295884683398587
2120,49.44453403998781,11.95072717808382,urban,9958,0,49.43302315586124,11.958921736411314
2121,52.40831366071993,10.240403058343482,urban,13176,0,52.40761527377637,10.243926798820723
2122,47.463148296680274,13.011581289444608,urban,4219,63561,47.47856185044627,13.002771002347467
2123,48.46508911336797,7.209357273006775,urban,19659,0,48.49310053320925,7.189054409814528
2124,50.59199496034161,8.334910777329645,rural,5256,0,50.59089758123394,8.342877368789583
2125,50.742946550192514,14.009966809446112,rural,18949,105263,50.74373552107357,13.998843598449795
2126,53.91541387117736,8.39227052388122,rural,11919,0,53.9154384839158,8.393523044426097
2127,47.76136393647788,11.591831088585725,urban,9113,104725,47.770631136669145,11.595736441180346
2128,50.739686351938175,14.645132630421768,rural,14160,0,50.74062077905324,14.657318857989113
2129,47.50221131376592,14.32673399568547,rural,7653,0,47.507101844845934,14.332993715536167
2130,48.392458076523496,6.318268897023792,rural,3226,76038,48.4050299697286,6.311592955333609
2131,49.95503290897609,11.311031634797065,urban,6860,100403,49.93302259288378,11.316872257050962
2132,54.67523420679073,10.903952341834328,urban,17643,0,54.67240092355066,10.924801499468566
2133,50.11374142951094,8.28939895951099,rural,11113,117269,50.12611215581754,8.28114364907195
2134,47.4204578393391,8.661347068591354,urban,11564,65203,47.425628656148575,8.669561415591287
2135,49.39611554241142,12.57136463992769,urban,11968,116732,49.37116222348608,12.576070990448011
2136,54.13445029838413,10.818921083825106,urban,8626,0,54.14628043635363,10.821122913482087
2137,50.5058088973725,6.965396715694706,rural,1802,0,50.51291217275337,6.974094999618787
2138,53.45983678545514,8.205727191254674,rural,1499,115161,53.46473514248486,8.20512144659757
2139,49.17205069129167,6.513775232023725,urban,19240,0,49.177955505586425,6.501408936973965
2140,47.733559330831554,11.405446709317644,urban,18272,106838,47.7291820612373,11.402142058789837
2141,52.20998644468323,13.870381862587324,rural,19058,115507,52.21436451107069,13.883184520239537
2142,47.78012373096017,9.198221633093317,rural,17104,0,47.77713210779404,9.207259062505669
2143,47.4845823711852,12.67240675334977,urban,3293,0,47.49202307290135,12.663575414560006
2144,50.95756723228627,14.035376347444783,rural,3755,0,50.94435764066733,14.02225009689553
2145,48.67694008134424,13.610679110532336,rural,4225,89316,48.67212198853146,13.598573536154223
2146,54.221805577981655,9.671942615680212,rural,17566,0,54.22797020158183,9.6786870750423
2147,49.46340377129676,13.079594069196022,rural,2981,110310,49.474759164108576,13.099655773690175
2148,48.89840539355215,9.81422523017504,urban,5917,0,48.90218122253162,9.81678388394718
2149,50.19796592737772,13.11597380217504,urban,8796,119347,50.18626915615258,13.123119262705243
2150,51.73581095775727,12.239269575250084,urban,11652,0,51.74593543932277,12.240649453135514
2151,51.90234249191817,13.71643710944404,rural,14280,110679,51.91248813837794,13.701678757749232
2152,49.062761284097135,7.937479750368551,rural,4710,116081,49.07615332383513,7.94452109382857
2153,51.6685334773745,11.282301761281046,urban,14836,0,51.67135954122429,11.279500591846396
2154,53.89430878321199,10.50085361799806,rural,4266,116485,53.87999470208958,10.50081206639127
2155,53.59648138601163,13.2252875317729,urban,9351,0,53.582513208380405,13.230396394548462
2156,48.05120171095278,9.310306557399745,urban,7976,0,48.03832514849187,9.304457541534944
2157,47.7974979170673,7.25328928295896,rural,9549,97531,47.79870398612298,7.252966922656759
2158,54.50236875612286,13.92501347468172,rural,17513,0,54.48915899054193,13.924876390156028
2159,53.89703557703435,10.092471025805462,urban,1768,114188,53.899623082785496,10.088145314319808
2160,54.2897410587309,12.083089836908757,urban,4165,0,54.287357605379874,12.090412066440129
2161,52.55472802871267,11.45480114314204,rural,15979,0,52.55387975550397,11.450374889707378
2162,49.12983379490194,7.113354526135082,urban,2893,0,49.12190455553492,7.1218173602339
2163,51.67931573880929,10.764158213734683,urban,4717,131062,51.68598392486513,10.771765972721226
2164,49.49286116765085,12.16404979508517,urban,18411,0,49.49022425263626,12.16663545267688
2165,49.55819031949136,11.638483752819544,urban,1525,107925,49.56293960963279,11.62970449081836
2166,55.092573913689534,14.736897688700846,rural,2275,0,55.09146809338258,14.748439664833024
2167,51.68863203944092,14.118566860788556,urban,15263,0,51.71052134897079,14.136770291442213
2168,48.29316438878904,9.072032269478107,urban,703,0,48.30181685402364,9.071923652626277
2169,52.46858970281403,13.310555705874036,rural,19055,0,52.46102540574365,13.29491776228244
2170,54.51386140400474,11.883627601998253,rural,6681,0,54.512966484127375,11.876667569859404
2171,53.51180690612307,14.511589451123037,urban,13918,0,53.52282354060934,14.511983272936904
2172,47.58650018149375,8.058289883088175,urban,18894,0,47.59856980579058,8.055144594105943
2173,48.1252343133358,12.306251804416242,urban,803,0,48.12893271369165,12.328529561679934
2174,47.69263155762302,10.499442561630415,urban,17693,105656,47.67492158329024,10.497593719493278
2175,50.08658819077935,14.62549922564031,rural,6904,82113,50.10459891094127,14.637375373887195
2176,49.2795794686638,13.45412503860472,urban,7378,105952,49.29205885538824,13.450482218931244
2177,47.99895477874549,6.481494224264113,urban,8939,0,47.99452244776348,6.480532068500582
2178,53.49841991393615,6.734379906183749,urban,1864,100127,53.50105886694956,6.737604467056162
2179,54.76324992134337,7.514793489139607,urban,15258,0,54.76032696061161,7.526982643861246
2180,51.72451488888929,10.360915710321256,rural,12028,132971,51.726063009979306,10.346593233086333
2181,49.19891963104968,7.905895421196696,urban,14034,0,49.220536870286416,7.903437168400751
2182,47.7713677729911,9.053702319148742,urban,4901,92382,47.75136341565282,9.052114483904594
2183,47.59238025010801,12.989817706707928,rural,2203,0,47.58683318003954,12.996630546247973
2184,53.42061354589106,10.662832423671238,urban,18730,0,53.40838110911661,10.664544078539835
2185,48.85634990799731,13.40871906166882,rural,4071,103872,48.87215388902117,13.396073426871538
2186,51.70499053132379,10.838899773055306,rural,4882,133909,51.70213375064628,10.821036121177938
2187,48.67545899996924,8.32648803824867,urban,15634,0,48.69207940061751,8.34489906992739
2188,54.85440677020179,7.984576433388127,rural,11133,0,54.84681567402215,7.993910355599932
2189,52.45679847699521,8.635230700748846,rural,14515,130390,52.442217418056686,8.633545958556462
2190,51.25141476424426,14.443120465807263,rural,1686,0,51.2388852877508,14.448177947794338
2191,48.9831302631325,14.655691214645564,urban,10160,88671,48.96922427308128,14.6554423011139
2192,53.283761109758565,15.026666069038678,urban,2519,0,53.27467326066144,15.006567567251016
2193,49.89279282779211,8.50735142372596,rural,19795,0,49.88053490090714,8.500385580488098
2194,54.36202404055746,7.01884410119677,urban,8314,0,54.33052624495584,7.015687224858331
2195,54.74531352914463,11.36424861038158,rural,4416,103917,54.75031618352225,11.354355833562794
2196,53.72983773737941,9.775244175016,urban,7137,122927,53.72503126659789,9.771465219979548
2197,53.21311158849928,7.716482055532296,urban,2422,0,53.2119852875778,7.716135684234884
2198,53.12502389063566,12.624571035607884,urban,14207,0,53.13070709937511,12.633903953696962
2199,50.64262789107608,9.244294878557165,rural,15797,0,50.65493312949284,9.253366445952633
2200,49.17622948761908,14.827993637438464,rural,7999,0,49.189881964792505,14.830862432945992
2201,53.58743161552935,7.85489491511569,urban,6952,0,53.5960858390302,7.860235064682329
2202,48.34237921643452,12.409039004650149,rural,7086,0,48.35083718011864,12.409442233331356
2203,51.242412600504856,11.732651290943776,urban,19249,133542,51.23762647034376,11.720512930296708
2204,51.952762340796944,14.470439236587495,rural,12199,0,51.96042142921394,14.475028484260951
2205,54.88443480589862,11.7799932350627,urban,18058,99772,54.89446193962775,11.771067186759485
2206,48.69887044319682,14.98575478268408,urban,7216,62397,48.69144086275344,14.98293694219272
2207,49.85852412285547,7.712724515896053,rural,19202,116854,49.8739557080589,7.716567183339243
2208,53.14415358674657,6.574958917342806,rural,6431,105084,53.13146172996072,6.58529602893161
2209,53.12089373932056,11.661779268809244,rural,10213,0,53.10742963641562,11.676729564149428
2210,47.50291105549179,15.020615359244836,rural,19673,0,47.5171410514645,15.03439303624708
2211,47.440125542115375,5.961847283836195,rural,11159,49960,47.4507807397178,5.968780406284569
2212,52.22667326968351,8.049717220867363,rural,8622,0,52.23369823070505,8.040224601554227
2213,47.92331155113023,11.346679867724,rural,13267,0,47.92856991556009,11.349060029429037
2214,50.11428407079741,7.536401073968455,rural,4874,97073,50.12014638611213,7.519365301279216
2215,53.44417802362076,12.60860084344954,urban,152,117308,53.461248497769255,12.614857329282051
2216,53.45142004405908,12.490306966395233,rural,5244,122690,53.464369591687394,12.481049476542678
2217,48.455963353658014,7.502235839212606,urban,14580,0,48.46839749775207,7.503494586484105
2218,50.88195017966336,11.471963172087545,rural,981,120485,50.90537657158032,11.492379559810455
2219,49.90737734272037,9.445578789368568,rural,1853,106482,49.89910279839123,9.431699173411172
2220,51.87372034269172,7.813393709895367,urban,13227,0,51.86109494844495,7.823752067025852
2221,52.02804981703355,9.358059908835012,urban,5512,98827,52.00715804164386,9.3643049175345
2222,52.12550000853878,11.728043881000652,urban,11404,121530,52.11058864720006,11.72860625520522
2223,52.49228206032674,14.705783970407898,urban,15770,92723,52.47439716625712,14.690410501881908
2224,52.1872995994102,8.907140497722041,urban,1914,104740,52.186136957970895,8.917992998500077
2225,51.00867429345938,11.120662057096254,rural,17369,130576,50.99932143851175,11.112456054276088
2226,54.85392623062695,12.48066889612579,rural,8515,0,54.84387441307989,12.476834370891266
2227,54.59689262562615,10.473150920756492,urban,2355,0,54.608828779439726,10.486066967252114
2228,48.10288440760636,14.753995377537777,urban,11753,0,48.10662031202551,14.744067850399018
2229,47.29565536605687,6.597607254138774,urban,15713,47246,47.293138264886224,6.580474499595274
2230,50.21860017718843,13.036782578670596,rural,10179,0,50.21821526882719,13.027952681619814
2231,48.73117049155435,8.684539631471441,rural,9823,0,48.73482275189211,8.6757116265543
2232,50.59308159164271,14.703163938931976,urban,19482,0,50.5971118308632,14.69028748125958
2233,52.465484109098725,10.226600897003554,urban,18350,0,52.46605276164872,10.229119958492245
2234,47.67140934500953,14.93510521006684,rural,17945,0,47.66529266400325,14.926848003820682
2235,49.75342302465704,13.358657774808428,rural,15909,0,49.76301551732742,13.346579241413744
2236,52.90692767995338,13.7358272849044,rural,4046,115729,52.90188354482756,13.736750065390284
2237,50.90345956539042,12.397769926964092,urban,16442,118792,50.90692414292028,12.39556085868747
2238,51.480216910598735,8.262152463707896,urban,15357,0,51.49231631149834,8.275133892509702
2239,54.846088229008174,9.207224437748224,rural,7472,0,54.8381193828882,9.202329067559187
2240,54.69316276082334,9.812724073353078,rural,10453,0,54.70003506042588,9.810637426778545
2241,54.28544843331571,12.501430375791667,rural,2288,0,54.27786014160719,12.49561116260068
2242,53.98686855293933,13.196825619963272,rural,5955,118984,54.00150069676798,13.20825767609248
2243,49.01330775192188,6.458651742203847,rural,5641,89242,49.00985178523992,6.4575226682333335
2244,47.81964104642031,6.315729617281959,urban,16810,0,47.80428059040933,6.312001669563261
2245,47.98235691555508,10.112909938073257,urban,12394,107883,47.98766060684873,10.119899741194171
2246,48.055094577424384,7.016701577531167,rural,9188,0,48.05349851118464,7.013710167748902
2247,50.05686908148231,14.247046134419246,urban,13285,115706,50.061377823038974,14.259266605760308
2248,50.88099006932106,6.232910975950669,rural,12064,0,50.89659165061556,6.229637273695145
2249,50.20330807500258,9.150812001617068,urban,19676,0,50.19609315289143,9.133113649908424
2250,50.17618452640923,8.70643609410952,rural,19279,133679,50.19411059132625,8.701903971951047
2251,52.15526217900723,5.9673844494401775,urban,3041,75501,52.14302370999616,5.957191095676168
2252,50.15386418335035,9.251948509977698,rural,17333,130856,50.15168042004012,9.245310808407911
2253,51.582493796841405,9.530291730231124,urban,6491,106162,51.57042850259269,9.5302186066789
2254,51.06443583834616,8.873826003115415,rural,15750,129069,51.06341361573342,8.884431683017747
2255,52.4353929124032,11.976903336582955,rural,10577,0,52.431511531879,11.973732732361476
2256,47.945235812110525,13.391172029878328,urban,16093,92780,47.95794609448148,13.39792344301769
2257,47.45262165305979,10.298205535948076,urban,6928,0,47.44467839351145,10.294537162350228
2258,52.17433346385452,13.135968183058496,rural,6716,111834,52.15656533267077,13.125948070909423
2259,51.34252663136982,10.932243190028204,urban,4368,0,51.33743683951391,10.924910761338309
2260,48.04613141232307,8.325451972569851,rural,1920,80727,48.05152529690615,8.341088643062925
2261,47.4427754492746,8.310893662513209,rural,2363,0,47.44559534949235,8.30384068456597
2262,53.599185776164006,6.442742652172525,rural,8988,0,53.60517648486928,6.431065492958566
2263,52.78476558104955,12.236454423453768,urban,18632,0,52.79581267066689,12.243384938049608
2264,52.446893158727015,9.15360130976874,rural,1193,121486,52.463207443820735,9.140759215638983
2265,47.45037921225583,14.704993299313164,rural,15702,0,47.443231523902,14.694708514757538
2266,50.6163005533493,10.412561079065132,urban,15229,0,50.63411179514979,10.393422438344093
2267,52.235850651551694,9.565330716959132,urban,2250,112198,52.25305864482674,9.578214578238006
2268,50.92718552643832,6.338470261012011,rural,11684,0,50.91558320590914,6.311686703582256
2269,52.92022637129071,12.198380172425331,rural,15425,132231,52.931064194140056,12.198059596545209
2270,53.26047334916167,6.361128455795515,urban,18662,0,53.27321893441346,6.345139638315366
2271,47.55583780223688,14.816351913807992,urban,7878,0,47.55243810212812,14.811572007281208
2272,51.92420000117968,9.91555976683406,rural,19946,135218,51.91408655507398,9.930488268263629
2273,52.551528897707634,6.090420837104967,urban,13844,98649,52.54640361031165,6.096003686655756
2274,47.64104018862201,12.601090030937808,rural,10108,0,47.65354683484729,12.58885841624326
2275,51.55245863677511,11.286733540809236,rural,14923,0,51.57705695457803,11.285134502465937
2276,54.356307579694935,14.984411112967344,urban,1214,72103,54.3675946832243,14.987566333706512
2277,52.26711839064799,10.077483905545254,rural,7777,113963,52.261389072681474,10.07068250330187
2278,53.03798216911832,13.346045416701536,urban,12986,145918,53.05034168038959,13.35453565055533
2279,51.73505172230177,7.703910179942853,urban,6157,0,51.74232388133225,7.714209300481061
2280,49.86988783977218,9.879086712056866,rural,13136,112281,49.86288299124335,9.881960036484148
2281,50.40589272915471,14.995443286942336,urban,7867,72127,50.41455195092707,14.98695265082812
2282,54.123378767360194,7.276036807967952,urban,7829,125067,54.1206916593261,7.277991196697663
2283,54.07828783246646,10.66094548668162,rural,8274,124226,54.070173933952965,10.672625536943515
2284,49.946075540012295,11.405581873309568,urban,6241,0,49.92955880955242,11.40311551133631
2285,54.530580325789046,11.07010685768121,rural,1310,124584,54.52878097228482,11.06244157607536
2286,49.20216719543622,9.61789485815627,rural,9294,138675,49.198654481268434,9.610386890892736
2287,51.389249059615445,11.449374789885947,rural,4296,124508,51.389340075066976,11.46473544829452
2288,48.08605853002916,12.898521897606264,rural,10593,88294,48.07142521402744,12.90361865211883
2289,54.975119777732026,7.121877930390708,rural,7530,0,54.97787443790336,7.137387610804742
2290,50.65888037330081,7.543150505561344,urban,19555,0,50.66504870548112,7.547816027543536
2291,48.81036509643487,11.122791774217331,rural,11370,0,48.79318203251363,11.131527332669444
2292,51.20343981124499,7.286179844336813,rural,16891,99368,51.22693340857948,7.278705144911804
2293,48.54300168523211,9.585076825034436,urban,17244,0,48.52370576459407,9.586682928875126
2294,48.67740985606839,13.137902681738796,rural,14242,99095,48.6859155693752,13.149395615739468
2295,54.02911504112721,7.991746140553735,urban,4024,0,54.00306130022458,7.989945532517816
2296,53.973428899452905,8.512490477151204,rural,11910,125959,53.9805480143187,8.519760412194037
2297,48.63967333851176,11.264120171141212,rural,2071,121674,48.64333829471007,11.255229951971335
2298,54.7861724654359,13.680920041378704,rural,16985,113563,54.792652869895605,13.677812653459936
2299,52.11433051286598,7.040154396830788,urban,7381,110475,52.10893100712599,7.048001980868367
2300,53.59811911781175,9.355509258889516,urban,5693,0,53.60080799722157,9.339074211595143
2301,54.62788257043633,14.322251471107672,rural,890,0,54.62043611588831,14.308948765653708
2302,49.40537481399687,7.898912298464784,rural,16959,118754,49.39910135125524,7.90749783397076
2303,47.47576758992674,6.992960765966608,rural,10928,0,47.49667243662429,6.998124491118985
2304,53.693606386541695,14.231848910178046,rural,12919,126444,53.694486223593394,14.230261649961456
2305,51.82137595860507,12.590295004460522,urban,14881,131207,51.839011056828255,12.599044530527458
2306,48.81018777422925,8.382064279978945,urban,16009,117936,48.8240833399551,8.389011408509244
2307,54.23944286314926,10.98932938901316,urban,1780,130550,54.23301373544511,10.981941274923194
2308,51.60378361838659,13.5765846534363,urban,11257,114865,51.61030255899296,13.570609749311346
2309,53.1403548697755,11.081051242720124,urban,1828,0,53.13587361021237,11.071739210708005
2310,48.97764429909425,13.310506773524825,urban,5120,99891,48.97295269021698,13.305279383278108
2311,51.907325994956736,7.346362928188586,urban,6258,0,51.92203793991432,7.363707931766923
2312,49.19658597935662,11.200000202597376,urban,12574,0,49.19063438935475,11.21342934862005
2313,53.59237962601946,10.49010398165685,urban,4485,109821,53.61515082791548,10.50568530911784
2314,51.212840699513634,14.044958415664611,urban,10092,0,51.22253534941818,14.047409477685452
2315,53.53957030158018,14.586862653640171,rural,12643,143546,53.53604602133565,14.587819275715104
2316,49.465940309444,5.900460588005507,rural,5204,0,49.47287132550328,5.9139359412728245
2317,48.21176107823032,13.882329312321112,urban,11432,0,48.21985351439815,13.895003306536193
2318,49.46017380747999,7.4031102813688126,rural,13056,108032,49.4515617843102,7.390357427982508
2319,50.576389724040986,8.209660437913293,rural,11249,122663,50.57873911552375,8.219675580833071
2320,52.75353384045063,8.867411267261543,rural,19060,122221,52.754969082692064,8.866127403374158
2321,51.64862747421852,10.989825871244491,urban,18344,140000,51.64495794473525,10.993424003031064
2322,53.35172586524755,9.257072109733992,rural,13868,0,53.334330055818754,9.256017626786369
2323,50.35076306210758,11.392156510263964,urban,19789,0,50.34228554674662,11.399524778391443
2324,52.127471876027165,6.3114409946674215,urban,12890,99299,52.10557653332593,6.312353879151885
2325,47.54875417833429,13.495546568018865,urban,13418,0,47.53995559831616,13.482308391411292
2326,50.10878563206072,7.899274808937052,urban,16029,0,50.1120128438107,7.882829368937274
2327,48.84277794264111,9.86590069953412,rural,14690,145516,48.856569513183565,9.851555589302643
2328,50.6583590446721,13.758753481474956,urban,8096,115367,50.65726015840316,13.754551290960476
2329,52.82827827273137,12.02930817913568,rural,16078,132687,52.83380316158339,12.02264101556559
2330,50.69165489532904,14.03255596941806,rural,14256,0,50.70049106250742,14.026596185822877
2331,54.28405975810325,9.723005529231925,rural,10374,0,54.27740829044687,9.736210630545411
2332,47.85269475564714,7.017739519057216,urban,13518,99428,47.82911838815046,6.999152124559826
2333,53.20163315360039,6.380967915732195,rural,18241,0,53.21927502248528,6.373457456395952
2334,50.38808570582182,14.741466260606677,urban,13851,0,50.4028014212254,14.740368692759096
2335,54.74819037650256,11.114906747076311,urban,9254,105771,54.734391669062525,11.09078020070806
2336,47.37737154919551,14.155795937643768,rural,11899,65154,47.38150456513673,14.16002903925996
2337,53.50271662666732,7.243851645325686,urban,4855,0,53.49315448208876,7.255560420603365
2338,54.78351272161984,8.399400129631822,urban,11269,100287,54.79083606960893,8.403283879617348
2339,48.05663821781964,6.075233858701362,rural,16053,0,48.06638644054317,6.09253736285454
2340,48.21833159552222,7.341518015689504,rural,19860,118321,48.2215322405501,7.351293079614625
2341,51.84149723468316,11.282123251245064,rural,4565,131029,51.8454048601321,11.285749810099263
2342,50.81242595641676,12.163543609653232,urban,4310,104298,50.8110709894802,12.17628464899048
2343,54.22433868229928,13.732184319769573,urban,16887,0,54.23194409946508,13.725855603587078
2344,49.13489308967071,14.626431287219416,rural,15301,90379,49.13539449563387,14.612770622449023
2345,52.1319690940561,14.444389625294049,rural,7776,0,52.1402740922964,14.4568445233478
2346,53.84142508793287,10.970520163768814,urban,15443,126313,53.84570689534728,10.97143780129266
2347,53.33946672851313,11.47712799240595,rural,14266,0,53.35046669598537,11.482546322042625
2348,49.57368096764622,8.203490126427665,urban,18023,0,49.56040453785431,8.196997934405791
2349,53.25174190398268,10.644187390319336,urban,18754,134793,53.265105576705686,10.635616839275812
2350,48.82449661742286,7.364504747196474,urban,3699,0,48.83684764133985,7.363832665158958
2351,51.827860395197966,11.053139390546058,urban,16204,145691,51.828610788382605,11.045786466815647
2352,48.29868077581326,14.571926640463651,rural,1472,0,48.2885177913064,14.57252967486484
2353,47.29611629748416,7.067949663730552,urban,4119,0,47.30906212828487,7.081649240397068
2354,54.947603620955405,6.19422547837357,rural,11028,0,54.94161366505894,6.194612351107346
2355,53.85128597381452,10.608672045041589,rural,3574,114032,53.84645513820152,10.61530557489942
2356,51.706725728458885,12.83333632376907,rural,7916,118679,51.696904476276295,12.831846215618024
2357,54.41832796726633,11.953076590037275,rural,17152,146111,54.421754248410885,11.962425681107543
2358,48.78967065980754,12.801851352283164,rural,12112,0,48.78569578735151,12.797990282624614
2359,52.521226067977466,9.33588797560322,rural,15212,126554,52.52158890336873,9.346951535888852
2360,49.22802863488971,13.010923634822262,rural,1588,119425,49.24307572373095,13.011000604557534
2361,50.87759561033826,8.771731675734452,urban,5288,0,50.87217504026903,8.783575732386648
2362,52.19003222907484,13.904695162135996,urban,7960,0,52.20148100265174,13.907019614762731
2363,48.28933731630055,13.070973123772507,rural,8234,100838,48.295858902655205,13.103036479910584
2364,49.55225396724884,10.234377713480349,urban,14021,114548,49.54598094260614,10.225903745763844
2365,53.01033807351001,14.091109480577336,urban,119,0,53.012805278312,14.103357322157974
2366,53.1196669496716,11.15991948028737,urban,12139,0,53.11531228137822,11.156282374639398
2367,52.01039704692841,7.700232522620432,rural,8922,109749,52.01167117672525,7.680712623892756
2368,48.96379047386923,12.299898823437111,urban,7115,112681,48.97526816637127,12.307768247167337
2369,49.7674997535924,10.760757815708942,rural,4960,119938,49.78170716013983,10.749171094911718
2370,49.271745467905134,11.417564629612212,rural,14602,122367,49.26440008645525,11.40528380132421
2371,52.77254172006669,12.911510802356297,rural,8173,132949,52.77436620922594,12.916240375540594
2372,47.43927353417585,14.806743588789706,urban,16059,0,47.44318717646931,14.794778900361566
2373,50.64773602509477,8.986167940497646,rural,10545,119136,50.65893661269831,8.97065769075819
2374,48.92114311240959,14.936613148687956,urban,183,0,48.9169612840655,14.945250802485647
2375,52.43222120622049,14.285887946080438,urban,18558,111708,52.42487548799881,14.278944143514336
2376,49.35886999521781,7.569691448964086,rural,10142,111493,49.345806392979696,7.583102668397855
2377,48.98606999779915,11.710125602666556,urban,14036,0,48.98712648117006,11.70104709930346
2378,49.02529382446808,6.801887623483143,rural,11895,92868,49.01780721091139,6.784932979503739
2379,48.33569684314038,12.977496069595912,urban,14997,104029,48.34976956649375,13.006171642573584
2380,51.16774922002448,14.81505402299162,rural,9167,82502,51.14685455298847,14.828399533570815
2381,50.38738352256916,14.199285957045335,urban,13914,96454,50.37724954084824,14.211722802242578
2382,50.55675243789388,8.357518358386995,urban,19420,0,50.57482946480094,8.333046520791738
2383,54.50566753068162,6.423521819117659,rural,8497,97715,54.50835196845635,6.446009330893466
2384,53.26703378658724,13.83538506152593,rural,12680,0,53.26639004998788,13.83827592250313
2385,47.69856829889249,7.473147816154039,rural,14662,0,47.690221294231726,7.456765161499684
2386,50.862888448839904,8.656211203470432,rural,10703,117156,50.87174982582405,8.670390454147888
2387,49.19084338394811,13.500641823799722,rural,19603,0,49.198718863415394,13.50310599336918
2388,48.21733740305667,7.753959876322543,urban,16505,0,48.22862306625554,7.747133327345334
2389,48.56796230654381,6.007412621527204,rural,5477,0,48.56551102176449,6.022882919460839
2390,53.282550598451074,11.718520793699348,urban,963,0,53.291030567435634,11.706970851961014
2391,48.85751478163763,14.834409837808847,urban,803,0,48.86492312079815,14.832701087189166
2392,48.52712171782348,10.620954988735264,urban,2384,0,48.52936101018125,10.618710672356222
2393,53.89239665904961,9.371687131900456,rural,12818,129622,53.88875274635052,9.358476958944344
2394,53.73506605002645,11.4646497634435,urban,19374,141377,53.734651429835104,11.452971015969046
2395,49.82955921998702,13.486556215590436,urban,10263,103800,49.83306720798255,13.510702905547198
2396,48.01209116261246,8.00306281132395,rural,1135,91024,48.02077855955798,7.982792728935382
2397,52.91019195585677,13.493293399459088,urban,10000,0,52.900199650366766,13.507847227982474
2398,48.79670165229753,6.372289325308472,urban,3556,0,48.78660882456517,6.377668925268663
2399,53.58998032922245,13.043644520690432,urban,11011,0,53.589897056473646,13.034869120618405
2400,50.38775645596963,8.912203633161065,urban,198,0,50.38325655879785,8.926784642043156
2401,48.44586837264131,7.264245091353196,rural,1339,110632,48.458603106196655,7.255692038491773
2402,53.74031395927501,11.42614787451062,rural,4370,0,53.75680640059733,11.412530483316486
2403,48.10041461304291,6.132343297641815,rural,19900,0,48.089296752037626,6.137816837931447
2404,50.68801582980071,9.913025702880644,rural,13216,124916,50.693646359831895,9.900028245811594
2405,54.71143801903317,11.46669334037198,urban,19552,114382,54.716615815978685,11.462188497988734
2406,48.84891168921302,14.42921757726246,urban,18906,0,48.85495213923466,14.435457451704362
2407,49.9296303431283,11.699439951613314,urban,9680,0,49.92275174516642,11.70365697708245
2408,47.814731931420575,12.51375136616804,rural,8304,94556,47.81434942426338,12.52541580828371
2409,51.68137222809009,14.618749870587378,urban,47,0,51.68137629709239,14.631946831134602
2410,52.714511078567696,9.27204637296577,urban,3504,0,52.7281480910781,9.27653375208203
2411,53.37098548267936,10.728212610525974,rural,4816,120703,53.376488306793306,10.738105323450304
2412,52.71040421097927,6.055630989024456,urban,6773,81965,52.69940725960439,6.0607718000059485
2413,48.20474612495396,9.406285307946376,rural,16430,0,48.193133744886296,9.41728248351161
2414,48.39840126993627,11.639799707742483,urban,19652,0,48.39361435206302,11.653045053804345
2415,52.49975496718063,5.93966239113005,rural,7783,71107,52.51567123091175,5.930555429497015
2416,51.771140025306046,12.642878617626703,rural,13837,125714,51.75846769910977,12.64512564136032
2417,52.463571998090885,14.546743785526337,rural,12169,0,52.461884639236345,14.562978856152489
2418,50.76218177904798,12.668777607916637,urban,7023,0,50.76759766406583,12.69177771672736
2419,52.8788313228458,12.93828707324822,urban,11447,130905,52.882677330029296,12.94336516943903
2420,50.152813056619685,11.60078119217795,urban,2487,105079,50.15775048094476,11.615046747608783
2421,48.20068379502408,14.600961906696153,urban,16125,80997,48.18927052677356,14.606704711472972
2422,52.10442385852032,12.912113210260143,urban,10160,0,52.096349877140575,12.916888825563168
2423,51.69263500865463,13.40135810968024,rural,4996,0,51.7010613576966,13.40521116064166
2424,51.408129941732405,9.767259428847774,rural,4692,0,51.4199356385916,9.767180916019374
2425,53.75509431318733,7.127754838030446,rural,6005,0,53.75600378418511,7.123090802001247
2426,48.790741176336944,7.906313639539954,rural,5271,0,48.78462425444709,7.90431290663731
2427,49.32589044550007,12.939264602602886,rural,15757,0,49.331961180270085,12.933660440230664
2428,48.93174967259393,14.155280988374065,rural,2542,0,48.9212054302589,14.184764167362728
2429,47.69817441833623,6.82765325918786,urban,8023,0,47.71548975382456,6.82017228624653
2430,51.85592823213786,10.912926896110775,rural,3189,134762,51.85674209359439,10.923449115533254
2431,53.79909932760263,13.324945524590683,urban,16194,0,53.80713593721512,13.344005013416885
2432,51.02399020401631,14.86639897735208,rural,7087,77428,51.01707214597692,14.85575856017672
2433,49.66528645673163,8.859078115231336,rural,17728,117659,49.673850655602834,8.857651885737997
2434,49.76314697299235,6.548222607709983,rural,5230,0,49.77256945290343,6.548798578284128
2435,54.59736930568256,14.54839263961908,urban,13936,101855,54.611239343303225,14.5571321530402
2436,53.660222475856514,14.648205323946636,urban,14242,119447,53.68975896452812,14.655761645495916
2437,49.17044477983155,12.668465519521645,urban,16235,0,49.1742230853205,12.66057142431872
2438,50.2735763287142,11.7543656794167,urban,19857,124198,50.27826320862557,11.75050620580708
2439,47.339789037039225,12.867984234876936,urban,15339,66050,47.347054623010536,12.865972575175393
2440,50.68061358252251,9.772122446462776,urban,6395,0,50.66868857089809,9.776241739165904
2441,49.20694768435245,8.138984856305907,urban,6629,117977,49.20157386413631,8.130496447783695
2442,51.48736113040279,14.503141400368602,urban,105,88970,51.49099186340377,14.509424936005976
2443,50.812503013562186,10.705584912493917,rural,4617,0,50.80060006077692,10.710385708192108
2444,47.534190568109146,11.703787340682396,rural,7151,78847,47.550133217596425,11.68789961039309
2445,53.60033132246024,5.951184028092634,urban,5768,0,53.62440323870258,5.965662694300118
2446,50.29844866101736,12.944711496994838,urban,18248,121491,50.29860069358015,12.954415464329164
2447,48.06964635928544,7.202096886701293,urban,2632,100076,48.06864211591333,7.209432190254159
2448,49.28709200781941,6.789857469992831,urban,5971,99160,49.27187926247076,6.766348952224429
2449,50.33972339520925,14.657580517068764,urban,17795,0,50.33722419658168,14.667474411957365
2450,53.42886899753836,6.7182001774431965,urban,1118,0,53.43172509576019,6.723906135612768
2451,48.725419939713696,11.06456486365962,urban,16874,0,48.72726731389954,11.037150901533868
2452,53.793744339828805,10.03736760474048,urban,18882,0,53.79125679008953,10.04416475291251
2453,52.27783061400464,9.0377315707578,rural,9988,114080,52.27308762517168,9.029778073318091
2454,53.24601742580318,7.515499921416939,urban,19823,0,53.2568084584118,7.503649461724768
2455,53.58322619831964,10.72538396962204,urban,10567,119060,53.59325366402644,10.732180109358325
2456,48.8546023469478,14.491521007413038,rural,7965,0,48.84548479966931,14.490266357175324
2457,51.27804367513203,6.675786324217976,urban,1163,0,51.282095603775375,6.670410329659759
2458,48.35375058755832,7.152621203244138,urban,13330,0,48.37161040056688,7.14830038218511
2459,51.78010462221433,10.96931935182147,rural,11109,0,51.75596551914191,10.961787602506323
2460,49.718269155783325,12.628125729069083,rural,19450,0,49.72477267214629,12.64447701202908
2461,48.27861471071194,9.32955001015322,urban,17103,118291,48.28596916923521,9.328381301499851
2462,54.83036356984043,6.072137897880095,rural,10534,74643,54.82058695086887,6.068670452382993
2463,48.13799475807584,14.99903648991294,rural,19751,62997,48.13448287400957,14.997658713747793
2464,52.43071938189922,7.519701705392453,rural,7272,107348,52.43721497538488,7.5051173187240865
2465,48.35392098504455,7.605337015639352,urban,16002,112467,48.34016182718543,7.587243980852573
2466,47.78840709459458,9.332212604558103,urban,19398,116244,47.77805782536778,9.339528345308189
2467,49.750929528593645,14.68809136730282,urban,2547,80741,49.74578553155179,14.688130046910633
2468,54.254641190228384,6.720127307033066,rural,3253,120407,54.25573032588392,6.722723389315997
2469,50.93423973000987,13.143402774601698,urban,14456,0,50.94006693411326,13.135474678274472
2470,53.33029880638311,14.257516659166082,rural,18727,143914,53.33369062723026,14.26494891362656
2471,52.09378004316709,7.452252097606562,rural,14249,118723,52.094560989368446,7.443605078960357
2472,51.68297977077728,14.458854991464989,rural,3250,87605,51.70038141293859,14.458469924776477
2473,54.18077531449715,6.208168155863744,rural,8990,99025,54.1842861445364,6.221228191092862
2474,51.88954396157385,6.799734283676702,urban,8265,0,51.89658241253856,6.806234291321621
2475,50.53239718261258,6.913066526190431,urban,19952,95627,50.52544857028081,6.900162307112918
2476,51.6699087126383,12.71469709567834,rural,4179,121211,51.670993072094205,12.703688618257411
2477,54.4449089080218,11.99385691002598,urban,1580,141508,54.44303366418043,12.000545572772156
2478,50.6309047664016,9.825913214372203,urban,18537,0,50.63067464097272,9.835039695441488
2479,48.99181444196925,9.53884898550197,rural,11469,0,48.98350411950449,9.547319645085974
2480,53.6918448540531,9.630623705042058,rural,10615,0,53.69813650202287,9.636008121275816
2481,47.52157753203738,13.21636699318546,rural,5032,0,47.51318483891633,13.213399306936566
2482,51.43723028993693,11.298946828945038,urban,1203,125995,51.4222126573721,11.29427418081898
2483,51.93333047593708,13.756345347671914,rural,9572,108540,51.94153780669986,13.756097823033816
2484,51.37522829270252,11.03709911679366,rural,798,0,51.38016727419448,11.042786223597616
2485,48.34515257253922,10.060351726631044,urban,9550,110658,48.35262974792479,10.066492722770375
2486,47.92578253673075,6.391626925584389,urban,3658,85986,47.92540139229152,6.399112804216929
2487,53.68170709633212,7.858927229156523,urban,10778,121274,53.67518215126458,7.854810840878965
2488,50.41320075090645,9.99173483565222,urban,5487,0,50.420081327092745,9.989335225934411
2489,47.40975895807068,6.264038984459473,rural,3866,52063,47.4145823655355,6.274010641725272
2490,48.556046473970405,12.764245638893392,rural,3232,99305,48.553050476704506,12.756619269479817
2491,54.07796941795241,11.711937509093016,rural,10338,0,54.073974193216415,11.711983690563034
2492,49.05650867474296,8.133543100600491,rural,5727,110414,49.0417702901032,8.155761973678269
2493,54.95793118033282,11.039260445691111,rural,8310,0,54.95908704337079,11.04809428389258
2494,52.43067765966602,6.688258544543015,urban,6905,104712,52.440017630009045,6.702846355855401
2495,47.43036682789544,6.218355694641866,urban,15840,56670,47.42216946048129,6.212600129947687
2496,52.34348696763581,13.04711005720874,urban,8818,0,52.348612637703845,13.040241262825775
2497,54.06234796204818,10.73949967142729,rural,5827,123286,54.06584693901903,10.719302965418168
2498,50.55865437895056,11.393541180643773,rural,5619,119697,50.564301237578334,11.396214502704211
2499,54.27991354153101,10.846619890958744,urban,4465,120185,54.27845295918295,10.86149324891161
2500,51.724398002066,13.672295370614428,rural,14708,118816,51.72289333268178,13.675737870793563
2501,52.6145445825534,7.674517527695157,urban,3812,106385,52.62978282278309,7.677656109383096
2502,47.288775974314994,7.216891939742313,rural,2757,50323,47.30807653639378,7.218424061023649
2503,51.4312217806077,12.563577595087231,rural,2994,121306,51.41648837066996,12.563072214157057
2504,54.90337934869523,9.06332753020663,rural,15293,0,54.89097020940172,9.074410448649829
2505,53.16603966644972,7.78003265635018,rural,7831,113166,53.14709625203464,7.771115318089223
2506,47.310665124495685,8.807734394348998,rural,5111,0,47.31511049571855,8.801608137520752
2507,54.132095887752136,13.763194923799576,rural,18171,0,54.11969263303847,13.756974189715644
2508,49.76906093818962,8.77539456808438,urban,2050,107324,49.77010930629171,8.777002069536799
2509,54.240048638125664,6.742952504949869,urban,4806,119761,54.25017626219661,6.741106705080372
2510,50.597575280523735,9.39360625892635,urban,7476,0,50.59684278479585,9.392820213770918
2511,51.71242242623198,13.92282317213962,urban,12481,0,51.70402694553262,13.914954625661736
2512,50.10231580375202,9.71649688851505,rural,17398,111797,50.10557670575199,9.725902017310933
2513,50.63857123533244,11.030775310305769,rural,12838,129913,50.6390488489932,11.030648383795812
2514,49.696372205093255,12.87911456978494,rural,10651,119886,49.71156287485222,12.874864086065624
2515,50.3158135633007,12.54626406652027,rural,77,0,50.33495214060538,12.54632706165797
2516,52.90304869018645,11.694648388599855,rural,10933,0,52.9111655130645,11.685042598073382
2517,54.19569475920567,10.43163159331828,rural,1353,0,54.18926597953676,10.438761839599534
2518,48.68113209596904,8.797519108040236,rural,1551,0,48.66606516196611,8.814895443918536
2519,53.723648509701576,7.53068554373742,rural,16824,0,53.70527971833688,7.533636116254864
2520,51.70886858945715,13.931452871239289,rural,4621,0,51.71342179141568,13.932698594165425
2521,54.74078198302944,11.575170859492896,urban,18243,0,54.7480921057493,11.580345156910267
2522,53.4234280084678,14.004131226141771,rural,10018,129245,53.40156079826309,14.028962028433284
2523,52.59957457977462,11.70480790469196,urban,8944,124262,52.58613440218021,11.703966262950251
2524,51.184842767387245,12.17221510562472,urban,3957,0,51.173479503737234,12.172888468408408
2525,51.433799030932605,8.895344334251446,urban,19655,126417,51.4351411390147,8.896562930141641
2526,54.40513917895018,9.956199315348584,rural,382,95327,54.403532492001226,9.948214188065876
2527,52.63424287273884,9.58957688092426,rural,13674,123754,52.62764441790969,9.58157741930969
2528,54.669889653828335,6.984000113789,rural,15051,102521,54.65183339866624,6.975467925715339
2529,52.79291201931084,12.68328072917587,urban,3441,128944,52.7927046817217,12.706321919760205
2530,51.39593610335088,8.779443147647068,urban,6716,117270,51.40034997289102,8.766548697314462
2531,52.79630236834258,6.304630422423049,urban,12955,0,52.81511574611801,6.304211639386367
2532,53.61391703932954,13.529648832650285,rural,9286,0,53.614327580303,13.537133106848216
2533,50.51048339241268,7.609291773999557,rural,16109,112676,50.5073807697881,7.610464571276518
2534,53.74588772364421,11.79784824185749,rural,13260,0,53.754851262875725,11.784712041893751
2535,49.81096945346781,8.559527483976897,rural,10361,0,49.80367046210312,8.545795319539598
2536,52.38159768611472,7.31549972446174,rural,5359,0,52.38509853923957,7.32212207896231
2537,51.12329982028296,14.552385151436113,rural,16908,0,51.13015293416078,14.559581273884238
2538,52.729315699169774,10.02809854174936,rural,11846,117259,52.73952298193591,10.017471074176337
2539,48.16255669646889,6.875819857322155,urban,2828,0,48.14185952081128,6.883486576524611
2540,51.76134339647963,7.174899533715911,rural,13680,0,51.76826564543421,7.18710300117418
2541,53.98279901834444,14.036362587210116,urban,6040,114566,53.97887654216972,14.017930614231345
2542,53.84243199444334,13.843318023621638,rural,16468,127458,53.84404097065312,13.85179721596472
2543,52.11108871246845,12.65041507293937,rural,841,109853,52.11275067063314,12.64680718374438
2544,53.176029326417215,9.2890022369906,rural,3513,107303,53.17949107956738,9.290088564862124
2545,49.41024396430081,7.174158849360934,urban,15419,110544,49.419194008575936,7.1819895025354255
2546,51.60368775652669,7.590170442598236,rural,6786,108119,51.58928042301866,7.594393832512184
2547,52.59368922084861,12.979478377277292,urban,9549,124820,52.59753203331276,12.986152083585916
2548,51.44949698300572,8.670600609010389,rural,923,115727,51.45589521220529,8.67948916192542
2549,53.206238336030026,14.532538815487616,rural,9971,108713,53.19582167043088,14.537469295201188
2550,48.60429249293695,8.867297003193224,rural,11080,114617,48.59101471023408,8.862393337404317
2551,49.10993194170055,6.982798730187594,rural,13491,98205,49.13407515280264,6.963347276654077
2552,54.83638133549971,8.077694450836848,urban,6970,0,54.81568734958884,8.068076882533163
2553,48.37921662940407,13.898301119232308,rural,12417,100251,48.36351680608252,13.896979557715
2554,52.23861952634247,14.871127754110049,urban,12164,77144,52.2379035128255,14.873177083532855
2555,52.458926603958346,10.066598349025808,rural,5297,110360,52.45001217744001,10.082464897909697
2556,51.69009217365818,10.24982862398221,urban,18692,127746,51.704095699626265,10.243257572763907
2557,52.34275097045259,12.20356138397494,urban,9602,0,52.330269378204655,12.203693670543473
2558,54.6190647979704,9.9374183340612,rural,9478,0,54.6272217395066,9.917628541414947
2559,51.57619452959998,14.057453777483012,urban,8756,97463,51.57071706820981,14.047442779697096
2560,49.12079914251196,14.320300452718492,urban,19240,0,49.12729258952201,14.324103891390273
2561,53.31537908222107,13.93821871018107,urban,11698,0,53.33242713657005,13.970017085086129
2562,47.67578879285063,14.619282101323012,rural,11964,0,47.68625359158551,14.629168521460858
2563,50.00685208468509,10.767628190659522,rural,15305,0,50.01530051679735,10.786726826059414
2564,54.80078405157083,14.958413025874943,rural,18220,85164,54.80199811330856,14.948762273536593
2565,48.78373616587525,7.020425641952604,rural,495,0,48.76692290551468,7.041544762231817
2566,53.81746318393969,9.386365092375062,rural,4802,120073,53.81859817411894,9.388594508920349
2567,47.65634172655928,12.062124837132677,urban,10897,0,47.64241813128268,12.0741439836098
2568,53.73863663991928,7.552556120860267,urban,7480,118254,53.74305071870986,7.551214677212083
2569,51.52946257053931,7.0619616388123525,rural,9186,114504,51.54720118487497,7.067312983780081
2570,51.16987262603185,9.902319940175945,urban,8172,124363,51.17210067641043,9.901054957030464
2571,53.02917403563713,8.82577873751175,urban,19382,0,53.03732749678944,8.831722521313205
2572,52.72326096028781,7.883975150472943,rural,10209,0,52.7244623972244,7.89403182259525
2573,50.21646560831505,11.781792399397272,urban,6330,0,50.22687729488895,11.783154378066474
2574,47.91598123118731,12.528760111174693,urban,15673,101038,47.93294572360373,12.520788543731866
2575,54.59773817047379,14.094455712811149,rural,2597,0,54.60714201531644,14.087949303517206
2576,54.015437336154335,13.376442095775904,urban,14665,128369,54.01225070219776,13.37430657818383
2577,49.12188147574202,9.073022617628634,urban,17508,0,49.12976200905499,9.04875108227937
2578,49.53921692271278,12.669983086241936,urban,18665,0,49.54359492881724,12.669598073590054
2579,53.202587125560825,7.652816853352792,urban,5954,114636,53.19511682695857,7.650859374231916
2580,54.91220437877965,9.240204715796445,rural,8290,0,54.91388868203333,9.246432873502672
2581,52.837661677099234,12.242912657547752,urban,17864,0,52.85602979481111,12.234241098817334
2582,47.67782986553641,8.60859416259307,urban,11872,77524,47.66373512507797,8.611280566357399
2583,48.61463203106455,13.94858018833815,rural,9236,92818,48.60387178669876,13.971683549478715
2584,49.47237330434477,6.2188820929115565,rural,19673,0,49.46649956683372,6.228772315226208
2585,53.657618416705006,10.653140871531424,urban,5973,115761,53.65376541260379,10.655097818493958
2586,48.23657178135885,5.980076131240746,urban,2956,59143,48.23257808249264,5.974099726577178
2587,51.65762190887562,9.83397130306952,rural,9514,112955,51.64347709964937,9.824824869982413
2588,49.64410628291304,8.006568560218685,rural,16418,133171,49.64844434533793,8.00692247813895
2589,52.510248839143806,10.808207635670806,urban,12247,135917,52.516209932875455,10.810086300216073
2590,49.04489394562893,9.609890918573008,urban,713,152254,49.035382865792606,9.607194184331096
2591,54.48452339153938,9.690220831870406,urban,3333,0,54.48684513694725,9.700552748923256
2592,53.67966462040689,11.538898514760156,rural,13753,143997,53.68307834175165,11.538623953549358
2593,48.29670923646776,7.781998007651456,rural,3026,106887,48.29595060895766,7.7857487494777455
2594,53.44156809867104,14.808585530830284,rural,2751,0,53.42569016959324,14.80755893260597
2595,48.78198012350623,9.357680808311326,rural,1202,130380,48.785606335113805,9.360637867800508
2596,53.87774394137141,6.333021378276442,rural,19450,0,53.8753426779348,6.3192816818260855
2597,54.81202968306242,9.77048408520998,urban,4837,100340,54.806686896287,9.786689080720476
2598,54.556702614202976,7.840954880379277,urban,10049,88427,54.566932621072205,7.842993279994082
2599,54.855891498444734,13.16421696772436,urban,10670,0,54.86034868547537,13.16619588458862
2600,54.969745558826666,7.3320160580065075,urban,3692,0,54.959247852409256,7.32298914882202
2601,52.70090056437441,6.207843939842981,urban,17689,0,52.68619031513593,6.207089976791072
2602,49.05788199443096,8.96716471187411,urban,5038,122780,49.07367139595556,8.972677206128576
2603,54.55881160983115,8.419290244782122,urban,5832,0,54.53998040228427,8.405945796339864
2604,48.4250100639882,14.398184495139311,rural,14773,95414,48.41471551516639,14.40303075571742
2605,51.40365566290543,14.642086577232574,rural,18039,0,51.39994650679319,14.63317257738829
2606,47.8358382830873,9.832478997573418,urban,6747,96490,47.8332346687151,9.832968627957202
2607,52.54253198842885,12.246799217569432,rural,14979,0,52.55589133729224,12.261831310139796
2608,48.43377762352412,11.079227444458406,urban,15124,0,48.42109816267938,11.071057873385984
2609,49.48985836917527,10.516149328902111,urban,7907,0,49.49921205944706,10.52185305694531
2610,53.3414549564621,10.77721455761828,rural,4402,120844,53.35899881773332,10.780636813816736
2611,47.50035820693218,11.91852997728731,urban,8724,0,47.48012156264451,11.936234217284175
2612,47.6016451322362,11.599541036331027,rural,15266,89127,47.61490404286157,11.60401540966106
2613,54.42843237454281,12.084319930833136,rural,18290,146402,54.438450470380296,12.088992909582217
2614,53.28201390976363,11.40467916665683,rural,15530,0,53.287689150447626,11.39872323793303
2615,50.26837015477003,13.213451138642473,rural,11965,0,50.25217144638552,13.206470591894616
2616,52.59361176148726,9.151146963899745,rural,13613,134097,52.60407995228936,9.139927007471444
2617,52.08321797487952,9.692242644646896,rural,9762,116380,52.07966445628232,9.701347703961623
2618,48.08780332625655,11.738187039309762,urban,15245,111208,48.097232155191,11.74343595633173
2619,50.821374295336255,9.845457544604368,rural,14881,0,50.81595994310136,9.868269336620656
2620,54.8783322416548,13.083665933425475,rural,15122,109092,54.87669377490833,13.078059592498512
2621,52.37235900490256,7.59530418776506,urban,2356,0,52.37313698147636,7.5923916377231055
2622,54.607037720605184,9.369754502887684,urban,5666,0,54.606914909146646,9.37136574355031
2623,48.98760375212058,13.68808168399696,rural,7690,0,48.98689424597518,13.685822524692174
2624,54.45928119076659,14.56301844953759,rural,1733,0,54.45374746225091,14.568773258144628
2625,54.26812735618533,8.525526792276864,urban,13639,0,54.27537817232673,8.511999242228997
2626,53.70853828641548,12.916529151989003,rural,5080,124622,53.70469388195169,12.918866610977624
2627,54.79913650437019,6.835336179679597,rural,17049,0,54.77731013878775,6.835622603250428
2628,48.20601389987741,13.26148434209529,rural,6672,99966,48.19849986926118,13.264410252462609
2629,48.41885810042192,9.803047144470876,rural,13848,117329,48.41717892818095,9.810606688669443
2630,54.32093107408317,11.254646035879803,rural,17801,0,54.30889061513655,11.25638726548114
2631,53.64009535537091,13.709028717731258,urban,16474,0,53.63710068549513,13.704210471697
2632,50.45778919201201,8.18007548211561,urban,2593,0,50.451086709102015,8.187694287190656
2633,48.23918904244849,13.52070592857788,rural,6186,91583,48.23955483870876,13.518655550211385
2634,49.63866471678791,14.253272528538048,urban,2064,90227,49.633855376231296,14.24948121073593
2635,54.17281696969519,7.824783875874866,rural,9035,0,54.16453795876295,7.838881725964631
2636,55.052932879956906,14.798965717271022,rural,9587,0,55.07172504333033,14.793792181272964
2637,50.68484817578518,13.676582918318283,rural,15152,0,50.68589095123655,13.670169373683065
2638,50.62330694610046,10.674652499830556,rural,10582,128469,50.61500658832054,10.685775283043196
2639,53.05626783479685,8.39347099563603,urban,18986,129548,53.06936455708183,8.367615472240939
2640,51.33440367785035,5.879321168068487,rural,7666,0,51.33966746189001,5.893499714014738
2641,52.43026697137077,13.474009981341291,rural,1974,103104,52.41722183067081,13.471978930618224
2642,47.68510350666293,13.42641743649003,urban,11638,0,47.68435740395935,13.426864602006091
2643,50.28547412503099,13.4892367773802,urban,6839,0,50.27565009284741,13.512090251228036
2644,48.593386036732575,8.115971250571814,urban,570,0,48.5783647596276,8.135989109649175
2645,51.41532421420702,12.090512892419529,urban,18460,134577,51.422233365703626,12.07815222232995
2646,52.89646691758122,9.959477984259385,urban,14642,0,52.90413282522999,9.953301821946871
2647,49.914036496222,14.08600809793252,urban,9870,0,49.9069398362763,14.078988410254569
2648,54.52305671258761,14.4238514897958,rural,12907,0,54.52779107001767,14.42810322301561
2649,48.53058832820793,14.32810069666986,urban,10642,94671,48.52593862228575,14.340624116471586
2650,51.48246866385312,7.425402459041626,urban,16034,0,51.4718202968872,7.423436625758613
2651,52.31212907104145,9.974844362282727,urban,12944,117988,52.2984515910665,9.984635250922365
2652,48.96317639428365,9.885322600345075,rural,15757,0,48.94376173095507,9.906028848056671
2653,47.53313983333404,10.579633288295565,rural,5839,0,47.51544611176862,10.576413051239484
2654,47.74529345365533,14.790630116095247,urban,17240,79924,47.731657154563166,14.785683404226496
2655,53.28158473059441,7.344665381569615,urban,17013,119013,53.2654145890845,7.324682325722936
2656,54.66572310165113,14.69721554675306,urban,13942,92651,54.67860934626947,14.693317421906304
2657,49.578889054774685,13.323491145551872,urban,14485,0,49.56099703940785,13.3288872279152
2658,54.67785824996872,6.606416599601207,rural,8827,95365,54.67300307148225,6.588067348025974
2659,49.2289368537251,8.711029124234985,rural,9858,0,49.24544994286662,8.705715230489625
2660,49.84758211178917,12.032021240921514,rural,10736,117033,49.856679478073545,12.02907095203288
2661,51.341507485443096,14.782540418791534,rural,12304,85206,51.34659453252627,14.769219506015787
2662,52.98911876388402,12.175706688662611,rural,4986,0,52.99360120075646,12.186954841928715
2663,50.17191475414754,13.972173257662655,urban,5568,111292,50.15676986499086,13.973025039977582
2664,52.525919768089295,6.114681087941908,urban,19558,95866,52.52336136713684,6.093133286523716
2665,49.776293532961056,12.65349533471176,rural,5034,123116,49.76869151925232,12.653792442072062
2666,50.57892768076604,11.719755251867864,rural,13886,0,50.57805715152184,11.724320446066203
2667,51.79971013354253,13.24044081758425,urban,10281,0,51.80182018840157,13.221850770564249
2668,55.0167776194974,8.27972390732064,urban,12311,72097,55.00883113732559,8.293002557242895
2669,54.2126642008982,7.040156199165179,rural,13252,0,54.19529816759101,7.034090939874121
2670,48.23497548293391,10.43239471694858,rural,5172,99337,48.23988472949559,10.437265360831718
2671,51.05382957316583,11.586288816659692,urban,5510,0,51.05256637055279,11.573811566584697
2672,54.47984832528918,11.937057131360271,rural,18421,137138,54.49810388732159,11.933448433688003
2673,54.99691091957919,7.142585690562459,rural,17004,0,54.99501628506326,7.137751867711639
2674,51.414839576201686,9.255727314359389,urban,4364,0,51.40207458499663,9.254357781100024
2675,53.033760367609446,13.254463289623596,urban,15715,0,53.04282086816521,13.258982203681116
2676,48.47262598364119,10.97213224316851,urban,302,110399,48.46195965764123,10.964109777992237
2677,52.23214566856848,14.50989540216598,rural,10161,96589,52.23431841710432,14.498530242887371
2678,51.09311834629432,13.071567773680057,urban,18913,129755,51.09413269248616,13.078868903815405
2679,48.42699410578728,13.58842223184968,urban,4221,0,48.42623246535987,13.56717163344256
2680,52.94852640840353,8.868204861952291,rural,10561,0,52.93386425851169,8.876877264257159
2681,54.66028416114157,7.136295668273128,rural,1640,102562,54.68362809023717,7.12366564668523
2682,54.81956077167066,6.725401329492782,urban,970,0,54.82098434184039,6.734122065578136
2683,51.32873395797592,5.994527383692491,rural,7210,0,51.33502659826379,6.001855122728912
2684,54.68491125845927,10.249120240839634,urban,5576,104531,54.69511720941208,10.257260825620715
2685,52.74759729585751,11.793557489371448,urban,4651,122075,52.76743627040193,11.788321149817786
2686,48.48681548349569,9.116519480402108,rural,16309,0,48.50169717566212,9.121349621252635
2687,51.73709848763389,13.008064215783282,rural,19245,0,51.72424041583356,13.00283125112019
2688,53.77051548196521,10.569487331387514,urban,3803,0,53.77850650284692,10.554591285501578
2689,52.200114099135405,7.886921002475059,urban,12671,113111,52.18534193550414,7.897083046948881
2690,50.99103080966402,14.495969686399537,urban,16045,94952,50.98380346802223,14.486488453232994
2691,53.8067987067744,11.093869321937744,urban,12165,126678,53.824131735686514,11.10664862120439
2692,49.23040205652818,13.021464357573317,urban,2338,116350,49.22158505342811,13.03657003151955
2693,48.12645466913197,7.634270778705959,rural,16390,0,48.12651544696551,7.625841444186493
2694,53.93824925861152,7.281643030018454,urban,7326,0,53.93539264170146,7.284426267878047
2695,51.13307951833984,10.02838605616031,rural,4966,135270,51.13723601339765,10.008004337050336
2696,52.81733819031873,12.277701663816174,rural,836,0,52.8331380307879,12.271847817258127
2697,50.38660976610627,8.824039111931445,urban,18818,0,50.384535187801866,8.826577520309643
2698,48.05514739100904,13.794764880462884,urban,2425,0,48.05369961993851,13.79667971955382
2699,51.74100971523981,11.106526067724666,rural,5593,138313,51.73440046384604,11.115953783454907
2700,47.282402081933256,9.128783442509956,rural,5575,0,47.26616549361189,9.132125351180449
2701,53.48398141608524,11.93343629487294,rural,13175,0,53.4735629099311,11.939981513441568
2702,53.42991719587795,12.31631177080788,rural,6285,0,53.42073528414865,12.32160206999718
2703,54.6740043132584,14.352413948907254,urban,2409,101175,54.68748495419978,14.34231318249916
2704,52.747124379441765,12.877268982015384,rural,15727,0,52.74186857091369,12.86718629547184
2705,54.28482017648878,13.578005605764336,urban,1265,121807,54.30071191593571,13.555083844445113
2706,52.99043610716176,7.248191136814757,urban,4130,0,52.97141395042184,7.239350575711007
2707,48.36934262666065,13.98588516532866,urban,6701,0,48.37634511077356,13.98521888751621
2708,51.4397715271189,6.703387454765067,rural,12848,122116,51.44251064167089,6.709636950094797
2709,53.47080601378092,13.418879014476412,urban,16784,0,53.4862320936737,13.411440556978024
2710,50.48359090676237,13.46764618036474,rural,17431,134263,50.47968214393472,13.474776357449011
2711,48.58137862473221,8.13359518327412,rural,3791,0,48.56901134297286,8.142672540865286
2712,51.65630832257039,12.98169351857976,rural,13568,0,51.65890394588217,12.995513356729502
2713,50.049175226964834,6.785727695640028,urban,6183,0,50.06403475369802,6.772846063291
2714,52.07061378678114,12.525436930324847,rural,2166,0,52.07726688791443,12.506959266645804
2715,54.55271912877584,9.35501292554826,rural,3601,114599,54.554075155801456,9.368645716518596
2716,48.023857436004455,14.286714818637384,urban,12895,89092,48.031550319195695,14.259966655792544
2717,53.72409798079439,13.570645936296293,rural,12072,138172,53.717506953656006,13.593729583196192
2718,49.73465231677498,12.743056292049054,rural,11364,0,49.73923948112668,12.74377192594613
2719,49.24473793939542,10.02128664236346,rural,6627,124899,49.24143252990389,10.027605991050995
2720,49.29846333574,9.42277426757721,urban,14614,0,49.30077704175065,9.430815499270224
2721,53.3286532265434,14.866379952019454,rural,11815,102504,53.33831500266527,14.869388710369286
2722,52.323888649953005,7.369114869339865,urban,7702,0,52.33503844349932,7.360463297074594
2723,51.16498468897421,14.967208548921237,rural,8918,0,51.15801519216578,14.960071519021904
2724,51.356278617048005,10.775250786297867,urban,11886,135714,51.34772410723626,10.765464903187024
2725,54.261630847331965,8.685801347903679,urban,12757,114110,54.25282952772344,8.686788466720932
2726,53.91723770758154,9.387235162029535,urban,7331,0,53.93161814830378,9.381220471968003
2727,53.75761368223262,13.065458897096462,rural,14300,0,53.74919170973397,13.068372792194513
2728,54.67761796063199,12.231360089565268,rural,10558,133292,54.67035861747647,12.25958726908262
2729,53.45968063031541,13.024308759215897,rural,5196,0,53.46431524602652,13.01349083234312
2730,51.67867639711309,7.560016021078158,urban,544,104122,51.66628241841951,7.566711517106475
2731,51.156916556375954,10.00724620086804,urban,7765,0,51.13799725058437,9.99645701446569
2732,47.50497530665742,7.191077934611681,rural,18930,78408,47.50004895179042,7.191039714594992
2733,48.75140031046219,9.3588059721264,urban,10729,132972,48.74388129027536,9.352434519039416
2734,54.49825899549276,7.437612670749149,rural,10967,109532,54.49136969707892,7.42762579152188
2735,50.74872711280393,8.711371130652148,rural,10166,119529,50.75767146303551,8.72512073330797
2736,52.75270223145597,8.787011582544949,urban,841,0,52.74495771150732,8.759155388424745
2737,50.68815609017832,6.270239907227545,urban,16770,0,50.68020135373899,6.260663855579742
2738,53.9583945498759,12.181624351404924,rural,4233,136230,53.94522668089661,12.172929786431208
2739,53.85869919555732,12.446593675760743,urban,19485,133499,53.86640477861672,12.442787754875727
2740,49.99461208953713,14.74764035150139,rural,15778,82855,50.00118941064914,14.756707202177864
2741,48.369171076007945,11.520598562122572,rural,15948,118096,48.358564718209095,11.51732388126631
2742,49.3670975792109,6.304358049950901,urban,15232,0,49.36591917883482,6.301101985589528
2743,49.06451760457079,10.195776805277058,rural,18868,0,49.05517861585946,10.19897184110029
2744,47.33107781355165,7.532090612403367,rural,13389,65151,47.32244550682987,7.522674938620456
2745,48.9207541559819,14.863660114542837,urban,5037,0,48.92655312045533,14.848450555963778
2746,50.03647874234672,10.021675649715334,urban,1462,0,50.03815364825545,10.000735806023032
2747,48.860318980638205,9.04047547317156,urban,17402,0,48.876082742963945,9.031204883425994
2748,52.75631060605069,10.328615260985892,rural,7226,0,52.773790714492094,10.333015189254112
2749,52.58441897022835,13.67992538057826,rural,11789,0,52.57288144844386,13.67167438624134
2750,52.95031762078115,14.682493992947364,rural,13028,93323,52.94893632419447,14.67190704947548
2751,51.71582771091238,5.94602802619668,urban,19387,0,51.71551444157482,5.945386984520243
2752,52.34742157113652,13.075031096753069,urban,14477,119997,52.3445516197018,13.077865525445365
2753,51.5030805701936,11.248478029613288,urban,16698,0,51.50312821595983,11.241210968793894
2754,50.79299299526315,8.31652300655757,urban,19323,0,50.79895361132681,8.3056327179815
2755,47.563811933865,9.870390362592676,urban,3746,0,47.57142884121569,9.88223514197679
2756,49.38903676325632,7.53299368771347,rural,13605,114157,49.37404919395929,7.529170567985068
2757,53.91284086049096,13.283567890451025,urban,18417,129670,53.91537112560829,13.271130372132632
2758,51.91372166049816,12.563898294691672,rural,9168,127752,51.9079347397569,12.554722551870237
2759,48.00977152434065,5.89584941719176,urban,10892,0,48.00403740488542,5.908615583765281
2760,51.12157068058541,13.872654042444092,urban,7723,0,51.105059741580455,13.886993716968265
2761,51.45597300827461,13.445998621258454,rural,10574,112192,51.46249768397058,13.45039647469903
2762,53.78607300738418,12.58794669818393,rural,10061,0,53.77645018901946,12.598987299688629
2763,48.65251773928207,8.246962418989213,rural,15300,122974,48.65637121918056,8.236705269404213
2764,49.53846016933464,9.827113287538694,urban,11240,0,49.539486050709655,9.831674077773892
2765,53.20587539972378,6.644620524070543,urban,13524,110376,53.19968361602764,6.628363610866383
2766,53.318034315216494,12.257305702962752,urban,15321,119274,53.32471634973114,12.24479768300776
2767,47.98292611163819,9.81964583720697,urban,236,104142,47.98474031449794,9.811658052929731
2768,53.61535991130891,13.299975910032526,urban,185,0,53.62493320935239,13.310623346669905
2769,48.63554342919792,9.3506924025791,rural,15951,136148,48.64356438725772,9.358147259459308
2770,54.98253345073235,13.767323256936898,rural,6997,0,54.974374476355344,13.763929861042335
2771,49.71964641885751,12.329361575520943,rural,12541,0,49.71058541840964,12.351679579935734
2772,50.996657537428526,8.406412459868765,rural,17990,135502,50.98322768258517,8.40212618213151
2773,53.15587376319156,9.498261954125978,urban,14924,0,53.15932140885029,9.49947377785891
2774,50.14385388256376,13.182463853248162,rural,3702,0,50.14307358108207,13.185586355759542
2775,53.95681402403737,6.506063121141279,urban,9033,105443,53.96056065576313,6.488993510386184
2776,48.92977457205041,14.33107091501678,urban,8527,94243,48.93406949436034,14.322256442489213
2777,48.77413455957172,14.739094552579765,rural,6020,0,48.77111081911997,14.728780928793242
2778,49.65121658485669,7.9938545187123164,urban,2711,0,49.6619550972161,8.00250976666797
2779,54.724865300385126,13.125198115951177,rural,17154,126727,54.71243969614085,13.113558331457252
2780,53.79699162053151,14.778711834201276,rural,1949,0,53.7919463269397,14.78156786002526
2781,53.19636054645503,6.923462648909369,urban,5380,0,53.198980034499726,6.93060343340812
2782,50.65023170520799,14.728453617392772,urban,2818,76350,50.64229945379103,14.73835497625759
2783,50.51310054437367,14.898180850226126,rural,6492,0,50.50688111686282,14.887720357330766
2784,53.11979922040853,6.3470186036138045,rural,8398,0,53.12660944595127,6.319712817502298
2785,49.1436571328656,9.619994578759115,rural,18496,0,49.14723509870706,9.60769515131834
2786,47.35856240425727,15.026381996437271,rural,10931,51059,47.36331847606398,15.017485078587818
2787,48.100775121390434,10.872848934642754,rural,12582,106624,48.11812845355383,10.8671060845435
2788,49.485410108736986,6.816632176853396,rural,7510,102047,49.48084843993652,6.807657275583543
2789,50.93783807672391,8.460312297092607,rural,6204,0,50.92180406374683,8.458442666343993
2790,49.6715257990838,12.989627404448562,rural,6083,120710,49.68765819626408,12.987168229426192
2791,48.51009317584819,6.711154795420986,rural,5924,0,48.52442914516189,6.703662956606966
2792,49.93235907660103,14.62889624282172,rural,10326,86518,49.92488655128552,14.641508508763646
2793,51.90506066983172,12.733055093876182,urban,17628,123025,51.91235042488092,12.745632514583471
2794,49.15154361119698,12.275392639939064,rural,136,112783,49.14983275565124,12.274425100470038
2795,51.22065357425723,10.722899678583738,rural,8279,141331,51.22254708817737,10.73584516327668
2796,50.7184068706306,10.656741709517451,rural,5358,117562,50.709354835394,10.651659856381496
2797,50.00417800383065,13.89985144433776,urban,15149,0,50.00347012979413,13.900067710081764
2798,47.736490046958544,11.282574049206556,rural,11121,0,47.73556517650063,11.282002296375572
2799,52.54611860217329,6.676420313713427,urban,9618,114345,52.54799127968165,6.65836781188629
2800,53.825381549257074,11.655933153668045,urban,18129,145965,53.82710111835305,11.657328518866734
2801,47.29819759759053,11.689400070024991,rural,6717,0,47.27960899649794,11.676863739837437
2802,53.23559367919765,6.62610524237668,urban,8710,109009,53.24856545189551,6.617227309265245
2803,52.351772579909,12.238620894555066,urban,15302,131617,52.37642647507915,12.229892653183866
2804,48.98150682521981,7.482771769135226,rural,16165,0,48.98573340467094,7.483937953328666
2805,53.79036177246823,9.911154691087493,rural,18832,130043,53.79449797337255,9.92982289023544
2806,50.59970391280115,7.400592451687595,rural,15636,0,50.59768244177398,7.405451169526741
2807,53.66280827758783,8.515805966800716,urban,18008,119726,53.66017389526397,8.50177678938557
2808,50.25537822741233,8.733336770540282,urban,11673,136526,50.25074057747032,8.737535992284203
2809,48.91021879581008,12.334991914061712,rural,6445,114519,48.914540940936654,12.339891620001332
2810,47.27822097393874,9.797979785723385,urban,19676,57022,47.272217714114376,9.81668331138662
2811,51.395846934528464,12.251814923128896,urban,6737,0,51.41290678087912,12.26409753619526
2812,49.84534665560397,11.523205088138027,urban,6664,0,49.84229222128561,11.517047594470805
2813,53.88242314668389,8.659743281881745,urban,3093,0,53.87623444036339,8.663520791255388
2814,54.11015489089903,14.671646785227086,rural,9749,91143,54.11912021337915,14.669502954163192
2815,53.05903254938644,8.137045137543303,urban,4342,0,53.07414850599763,8.129414139912942
2816,54.71926267698178,15.019963143902013,urban,1199,72967,54.71345738931791,15.017341301028852
2817,47.78098611784473,9.937484440906658,urban,4316,0,47.775167056717,9.931851825969783
2818,51.24528429150087,14.878124417499786,rural,1423,73675,51.26188347450367,14.8824212450874
2819,50.4421014203828,13.776671437502436,rural,2959,108939,50.43102033375372,13.791980797045431
2820,51.10477839504381,10.543021829605385,rural,12987,140568,51.09700705344469,10.55549980601088
2821,53.13082703816345,8.672113268274645,rural,17380,124490,53.12917443375354,8.679130239532837
2822,53.21999785616938,5.994642619873379,urban,18595,0,53.2185111980039,5.975641217220781
2823,52.61958252125074,7.016126542078911,urban,15836,0,52.6219727110313,7.02032902702559
2824,52.46482194523868,9.67681287878712,urban,15034,0,52.45707006654224,9.678368130197986
2825,48.70159876198796,11.914285200753795,urban,1254,118036,48.71785878457903,11.920687098021371
2826,51.35881505335711,12.611600247277394,urban,9994,0,51.353313533176895,12.619132998415589
2827,51.774197296977306,9.983814979707155,urban,7413,0,51.76657576557068,9.98986710605041
2828,54.77736145678858,12.977603233822617,rural,16840,0,54.77523052505613,12.984608814680024
2829,49.92269441419415,9.007912482285445,urban,2887,106887,49.922795233027536,9.000856875918267
2830,54.26571677972285,7.351843890087422,rural,4587,115589,54.27064856518519,7.365968346516298
2831,54.64710088145096,9.49361169658142,urban,13625,111202,54.66097201317785,9.486252520664957
2832,51.18668708398426,11.550919732683942,rural,16242,124337,51.17145910187779,11.550441339155002
2833,47.9092422248469,14.63324812693052,urban,16625,80472,47.92222498271337,14.633741869996229
2834,51.45361639010088,12.476082271806057,urban,13311,0,51.440650620461774,12.481096675777014
2835,51.00573558997565,10.530380473102229,urban,2396,0,51.01305513978464,10.54226703671751
2836,54.48233199754007,6.003066457069753,urban,16919,0,54.4727855087224,5.989954231941855
2837,54.60096544836823,14.231344864555169,rural,16616,0,54.59775745315932,14.24927817696284
2838,47.87232092257299,12.532581076468194,urban,15222,100036,47.85683338633527,12.53074848601666
2839,53.71110653734624,6.9039913548276,rural,18116,0,53.69703160377474,6.906896576570679
2840,50.42243653803431,8.653291316093098,urban,19576,134777,50.43162952357503,8.660957925286505
2841,54.59599220586057,9.299170118373253,rural,2450,0,54.603149385155135,9.301690153713322
2842,51.15552423196691,10.052201090634632,urban,15168,0,51.14571311969409,10.054993018732796
2843,53.4514676660396,11.090698763706396,urban,6603,110399,53.44413312856711,11.1060799251865
2844,49.36537628515584,11.675738611557929,urban,15982,122397,49.37077713420033,11.676340382348396
2845,52.67689150452156,9.231644381578946,urban,6903,0,52.66137488597611,9.23414146758394
2846,54.26751753689588,7.67724680459771,rural,9643,0,54.28041998557062,7.66434912706852
2847,53.28274472563602,7.138816839952604,rural,14202,0,53.30103252817006,7.139792284434434
2848,49.66741727839847,14.142651761461542,urban,9564,0,49.66223131512952,14.14892601966334
2849,51.043656935625854,8.343352066710725,urban,19912,0,51.04982794330834,8.347383082301723
2850,52.296720727768594,14.16861265837004,rural,2806,0,52.294296901600845,14.162649732901311
2851,50.83635842767319,7.223018639259427,rural,17132,94254,50.8482314678369,7.234699073806467
2852,51.53698398646368,6.714479594727193,urban,14018,0,51.53569134717559,6.710924717014688
2853,48.37120817089352,6.160316870467345,rural,10474,70638,48.36343478953724,6.1557539692114736
2854,51.74584469127493,10.733413830321773,urban,6371,0,51.745299852691815,10.741734195951196
2855,53.18755628550099,6.03358466424443,rural,8447,85713,53.17921450317469,6.0391986980697165
2856,53.86278743083575,9.245225715033644,urban,11786,0,53.87184589366791,9.258030987135903
2857,47.71074598220048,9.534837908604946,urban,16852,0,47.6904541729555,9.553163370330774
2858,51.73684815626203,8.65224739828926,rural,19547,0,51.72839576921687,8.642135124730572
2859,48.52669951624417,14.121285246648874,urban,8848,98269,48.52604710825399,14.12105436426634
2860,54.910181981587534,14.868696905664274,rural,12820,70417,54.899909618541855,14.855573772936443
2861,48.93023932583909,6.637791851385863,urban,17439,0,48.92823172407445,6.630571947757585
2862,49.69872413803753,12.72531168351897,rural,3703,0,49.69952584083418,12.731542430065277
2863,49.28352567119747,14.688161413573116,rural,5059,0,49.28390467244508,14.69448072781578
2864,49.508296866745184,10.98038125000826,rural,19804,113786,49.524393638505046,10.985761208616196
2865,48.65094492465165,12.503007738745293,rural,15150,115198,48.64238105384196,12.50681291956911
2866,49.96711249020221,7.915862995165797,urban,13880,118029,49.969062691503744,7.922328037845121
2867,52.2943478582916,14.049996587113377,urban,9569,107501,52.30577702862683,14.052244831485345
2868,49.70655693562691,13.003409473612887,urban,14441,124533,49.70472001903799,13.00419221035466
2869,51.79974064506988,14.03356732243316,rural,2308,106647,51.7891586291889,14.03243641590662
2870,51.93238709868587,6.4051843928540135,urban,6983,0,51.92421466260016,6.387510896065564
2871,52.05767209167616,11.058833679058104,urban,5971,0,52.073500575546944,11.063595126457823
2872,53.56476676701273,14.640072404388844,urban,18647,0,53.576843614966215,14.642538567841694
2873,51.98890521574717,9.885557295001131,rural,6555,0,51.99288573390273,9.87924608880408
2874,50.4247436974537,7.032941314412406,rural,8899,97936,50.4213830670973,7.036072593582836
2875,54.21943316570552,6.39904003355833,urban,6941,103353,54.229893260839965,6.389462374048816
2876,48.28501316392703,13.708716860037452,rural,5696,95429,48.30004990423807,13.7079409334836
2877,54.57287414643976,10.51132892775885,rural,16256,112621,54.55980435837599,10.523145630820364
2878,53.4392560525471,13.61690096359348,rural,2823,0,53.43211316244001,13.613443762260989
2879,54.12796513473369,13.364774217508238,rural,4490,0,54.12825501486456,13.358749905663766
2880,50.29296008868738,8.38681137747028,rural,1105,117710,50.29284056734365,8.390395946859705
2881,49.00399994984808,7.736571276555857,urban,19550,0,49.00161822220467,7.726035851067149
2882,51.34775772236256,13.551475950974003,rural,10883,0,51.34643007833066,13.559839940238597
2883,51.80955195336049,10.776069019734493,rural,12703,135708,51.80008122805883,10.765011932327807
2884,53.927000643474585,6.083422910836778,rural,11358,94383,53.92749111374268,6.097648765638175
2885,53.58693858410189,11.240933970301032,rural,2000,0,53.568999065952944,11.233623771500795
2886,48.40294294257525,12.839781037746429,urban,1832,106502,48.40255527976469,12.839146165070442
2887,52.263500026092046,10.9251749584265,urban,16702,0,52.282240225747046,10.92971785039232
2888,54.46895344693219,11.004809274972928,rural,5375,126753,54.46643454001627,10.999987267069049
2889,53.14998022901514,12.260440783604196,urban,13711,0,53.1575239123716,12.252908310614233
2890,54.40073222894446,7.345409668886163,rural,14455,113334,54.36332169024223,7.3420113080372
2891,49.75692693000544,9.503072563194568,urban,9999,108642,49.74683767246423,9.503585648701778
2892,48.72363669423409,11.055518266500062,rural,11381,0,48.72424066932424,11.047969985831411
2893,49.60879510491637,9.227023843118742,urban,19214,117563,49.61602611144806,9.226257931055876
2894,47.73527260337499,7.091788689309017,rural,6719,0,47.73237756293634,7.082886861452656
2895,49.48367356463992,8.910077725901491,urban,17777,128789,49.48269522673453,8.917023383667146
2896,48.78734090410246,7.42757960037928,rural,16344,114614,48.79302648263463,7.431163924868493
2897,55.05627007723329,10.838379506973109,rural,10829,76619,55.05739482580995,10.83171172454814
2898,48.00499322523079,8.770746181627576,urban,6137,0,47.988324007361136,8.780239923247324
2899,47.6575958821874,8.775042711803803,urban,15884,89816,47.65672639259269,8.753138064686434
2900,50.33853970459474,12.285546488649691,rural,14814,100290,50.32367873712408,12.290352856780869
2901,53.37988931795692,6.551188505809419,urban,7255,120164,53.36193976064607,6.545177225991942
2902,49.1477174939897,7.365963424236409,rural,18077,117282,49.14230256971495,7.358544524401647
2903,51.37818058580838,13.547477771711916,urban,18855,116400,51.37111525617088,13.552382607454016
2904,51.17603876122819,13.082683411416276,rural,18532,129180,51.17904893466048,13.089198458875105
2905,54.559753621165406,8.81354813737471,rural,11689,107384,54.56664503217488,8.814305767150241
2906,49.86782558898959,11.629714339738037,urban,4331,0,49.861530112764896,11.6349763141518
2907,50.2896195039333,10.9322112279684,urban,5481,0,50.30945873178178,10.935079839905043
2908,53.74858291905049,14.475178634719828,urban,13494,126788,53.74141764197546,14.479117849350509
2909,54.02849264553119,11.620406373078332,rural,9099,0,54.014871721302754,11.60980217210503
2910,49.28459232781631,6.208508894426922,rural,16831,100638,49.28903614140884,6.191526956031314
2911,51.42965995849956,10.815721841702556,rural,14268,133128,51.43863709505734,10.807407666715516
2912,54.88191078367934,12.321455167801313,rural,16384,0,54.87228022761717,12.32995975380221
2913,53.0923765778148,13.206452796969348,urban,6603,0,53.10240377147535,13.201568788445815
2914,47.357693214967256,14.887593995359106,urban,3415,57988,47.35771706669154,14.893506033424195
2915,49.26507641763123,13.599181022797184,rural,17296,110468,49.24760894351554,13.625016557631533
2916,47.68393796790647,11.180954528055825,urban,1525,86983,47.66956861298583,11.175433194594916
2917,54.9308753297258,11.683974636894185,rural,2264,93000,54.92496674825311,11.672036464952448
2918,53.740285858841006,8.924812275171718,urban,6338,111151,53.75374613457315,8.928639869192873
2919,51.61595184083039,12.505991521388196,rural,2726,0,51.612391212466605,12.513608373671447
2920,48.24212919928694,14.530273476545387,urban,3315,83351,48.22677382799951,14.51709518253547
2921,49.92358159220489,12.445715584127717,urban,1487,108729,49.9222873682216,12.460526939288789
2922,50.20277299236304,14.287952319510085,urban,16058,0,50.19930712351233,14.299877214104836
2923,52.35754292303609,9.527631417071635,urban,10088,0,52.35509067165189,9.523158385570262
2924,48.52162197642395,10.17238047024576,rural,18816,124118,48.5182087607952,10.175076032560376
2925,53.862670003144295,9.034939626821291,rural,19663,128328,53.86434612526495,9.04488794099264
2926,48.00537474223835,11.038653919782396,urban,1226,0,47.99509645338321,11.036753838431808
2927,55.01691561056465,7.692360776144288,rural,6241,74255,55.00222414237209,7.698561347371854
2928,53.61743301327554,11.614172051559294,urban,17661,140598,53.61833740369497,11.626773841385289
2929,51.88066891281986,6.403549885023655,urban,15626,0,51.91205658853707,6.423075860642534
2930,54.235638404280806,8.531948657242996,rural,11035,0,54.24768479200242,8.534607384077855
2931,54.44928138509205,12.34639634889634,urban,9863,133166,54.46442816160175,12.348081902125518
2932,51.58673037596209,10.62182398656154,rural,11688,0,51.59302149019639,10.613876777347672
2933,50.58118749888949,7.949132289701472,urban,12458,0,50.57085686796737,7.947462558301947
2934,48.00396727620727,12.05695473980261,urban,16479,103666,47.99659218419998,12.0579987701459
2935,50.38436956188452,11.43273031188467,rural,5272,111262,50.38044535450705,11.443901751475517
2936,48.65218546560377,7.86826726385657,urban,1223,0,48.66086607324736,7.867832102727997
2937,47.29136080709508,8.302430017652808,rural,13387,0,47.2884376348858,8.311026004446346
2938,49.74005420903389,11.166027759811245,urban,11230,108403,49.75350598050331,11.163524762037618
2939,52.44692851381252,10.7519894235961,urban,4973,124983,52.43830246836398,10.769187158214818
2940,50.4120107111806,8.661008165829719,rural,3106,0,50.419924908377325,8.689433310108846
2941,54.368869612602616,7.767977367187026,urban,4083,0,54.3875241245283,7.767674094437791
2942,48.95227800668157,8.63967252554786,rural,19571,0,48.966064612664574,8.632622393343263
2943,49.637484906213366,10.382209658352638,rural,7433,109196,49.65457429080137,10.376710545285029
2944,51.08628141561415,14.319802786054472,urban,9187,92062,51.091197439167054,14.304129504060322
2945,47.31794239914276,13.66318343876501,urban,12524,0,47.321438342375785,13.643082400305376
2946,47.9802929493987,9.458827229247504,urban,12897,0,47.98386492970537,9.485339268876285
2947,49.03747717977307,6.076478394914007,urban,4080,0,49.0417423381972,6.069343616967807
2948,48.56371633831198,7.638330003153699,urban,13603,0,48.55857725737397,7.641181671956823
2949,54.0777912555462,6.953408616804825,rural,4953,116678,54.076200303200494,6.946613730348336
2950,49.35209623896732,10.564534675000534,urban,15558,123036,49.36042823634049,10.571200154055289
2951,47.27394647036334,13.792146106588191,urban,15055,0,47.27804788899205,13.784003459684191
2952,52.02238646746165,6.432791788345171,urban,8448,100371,52.028114962173525,6.4229463415462895
2953,50.198931425395934,8.396835777830457,rural,2644,0,50.19553719902424,8.384429702376995
2954,53.17976702662284,8.575174728066685,rural,16968,133267,53.17398610116485,8.570552544507555
2955,51.206360822864525,6.906070342999207,urban,19669,118712,51.20584242913617,6.907727790424223
2956,52.79169433430241,14.977116474709842,urban,12575,0,52.80075133162247,14.98205917125626
2957,51.2336452169033,10.550607602953908,urban,4669,137561,51.21651655704179,10.533646615985331
2958,48.68654388516379,13.858479558051972,rural,8144,91270,48.68991077933773,13.852398655772728
2959,48.148846715557234,7.764147329458089,rural,3196,108491,48.1506472135157,7.771964325453093
2960,52.52187386845115,6.610318430548471,rural,8485,108638,52.52472745544525,6.609411516899511
2961,48.48053190707188,14.52924916355918,rural,15524,0,48.48131964253658,14.540107060582582
2962,53.80556064814772,7.448497074568037,urban,7695,0,53.79692155688414,7.46267516663631
2963,51.60799592236168,10.54314364166526,urban,307,123999,51.614030017215775,10.538942063770904
2964,50.53967316136357,8.532169747541635,urban,4368,121937,50.540733498747706,8.5570324862751
2965,51.88436788821677,7.613125655064632,rural,4505,106216,51.88406753098632,7.616833200507414
2966,54.6956081796988,7.125585946029764,urban,6760,102673,54.68426444573414,7.122857715317928
2967,54.96225660072404,10.377844896432794,rural,3,84756,54.95335432743459,10.38450862293246
2968,52.26345130056077,14.23476999296487,rural,15603,0,52.269752670297706,14.248946171633436
2969,54.50485318975239,6.668050562393605,urban,1596,99410,54.4964134572494,6.665221825188415
2970,53.90939197261419,7.624430109942421,urban,15614,112137,53.92498654762753,7.62981425493976
2971,52.86947254988444,9.784141718054038,rural,8135,112283,52.88594227647186,9.784269826605136
2972,52.65354596077727,8.160151342149579,rural,14405,0,52.651582495332725,8.138239005634366
2973,54.28095487963186,6.61564684971126,rural,15509,130797,54.2782051513065,6.616675402118053
2974,47.43714670560564,12.895578938238156,rural,15773,69306,47.43487987759571,12.912928403515735
2975,53.76194176877545,13.457893182424984,urban,11390,0,53.76495764622159,13.466231848604016
2976,51.77393388647408,8.540194810345712,rural,15594,0,51.76071829803883,8.53589315998051
2977,54.776112637777736,13.266747923285926,urban,11107,119382,54.7725256350511,13.282689412380003
2978,52.09164213359441,9.282221785744406,rural,1381,98604,52.08265579437615,9.286698911874112
2979,53.59281355011078,11.873992102812904,urban,5690,131105,53.578240559146536,11.884333161660964
2980,48.38604265653739,14.208419898458413,rural,19648,0,48.39420347206757,14.208385875876504
2981,54.25518394794494,13.672214221649323,rural,18954,134887,54.25798282000343,13.687075015420763
2982,53.69632049292659,13.605353198032583,urban,8731,0,53.68827130745252,13.620703708534004
2983,49.83663801657923,11.785393708921628,urban,17639,123995,49.833669149431245,11.804666869843675
2984,54.87135718233076,12.965133943402307,urban,11525,0,54.87344917138897,12.962722500378538
2985,52.02844804348522,11.902284130214609,rural,7197,0,52.03048284032238,11.902798852299648
2986,51.79602192211213,11.518273140930145,urban,8469,0,51.7735203305928,11.512895043716142
2987,50.40336223742613,15.023961259629026,rural,13286,0,50.390587525553165,15.029449273985149
2988,54.60621880177872,13.067400381744743,urban,18974,129165,54.611457313652366,13.06837430389916
2989,51.59128820604403,6.96040800211402,urban,4378,112781,51.59243691085335,6.960986025731391
2990,52.69254417290593,11.672254398522284,urban,8353,0,52.67444302593261,11.68607382681706
2991,52.93972764881894,11.636542671749378,rural,9927,128992,52.9390124853656,11.655282593655592
2992,50.735851206965776,9.44053284552814,rural,19692,0,50.72958921197481,9.435542935585095
2993,49.91113598718776,7.709194433676333,urban,14246,0,49.904185056046565,7.711240108919557
2994,49.87263171369934,14.904236241250176,urban,3795,0,49.8654831313727,14.896545536007256
2995,49.73704351204473,10.10751772086962,rural,15925,0,49.74051146564727,10.097872690809163
2996,48.931257176514606,9.442575199179233,rural,16469,138148,48.9406104355566,9.43732994056923
2997,50.424038670879554,14.013991736785297,urban,8777,0,50.439561335471765,14.02145508400474
2998,49.08307642808553,14.27390320797215,urban,8834,0,49.06803000966829,14.2766895242245
2999,53.47882049469552,8.27214986576427,urban,13273,118813,53.48390744899254,8.277725050729325
3000,51.36712555079591,13.003156353905156,urban,13324,0,51.35632058857071,13.016417169105717
3001,51.57054813251372,8.098065530707032,rural,16861,0,51.56643682640592,8.116710346840899
3002,51.698119247476825,11.276169563646388,urban,13763,0,51.709210005111856,11.271521044051086
3003,53.565949643374935,7.556298139485198,rural,18489,0,53.54576259904607,7.555438848981531
3004,51.82981175904212,8.571881348716092,urban,14072,0,51.83983749375617,8.594896479387415
3005,49.67502922733239,11.5495497312165,urban,14562,0,49.6799040993013,11.550320473729348
3006,50.87828637379833,13.13537111924203,rural,7383,0,50.87666021438592,13.13380106633797
3007,50.84977049011393,14.002011155285349,urban,19991,0,50.831574990167375,13.997474069447872
3008,52.90437353322425,8.577700052301688,rural,4953,111051,52.893859105156274,8.573419243997128
3009,54.75256946600645,12.603591628408536,rural,15109,127238,54.75197919224152,12.611403482487828
3010,50.50597420951133,9.233488124591108,rural,2750,0,50.50959147872629,9.23137630731808
3011,47.33840384099815,5.986086999714892,rural,17760,48992,47.3407196328221,5.966860076490255
3012,48.67953207183653,8.32836708322015,rural,11245,0,48.69336810277064,8.336801573618441
3013,47.84232228327934,6.877713459031035,rural,15275,97337,47.85521941590255,6.878110840246194
3014,51.4085093842034,8.616253236691287,urban,8977,0,51.40409057631936,8.63894170127754
3015,53.94869133816928,11.81017416692071,urban,19079,145658,53.93794924039776,11.813096678794476
3016,49.172896063037896,6.694367583441705,urban,13721,0,49.17965003115073,6.69218703631442
3017,51.46402142904567,12.733652644236582,urban,37,0,51.460758971187694,12.732450806461683
3018,54.08125546464243,13.555825913453674,rural,14024,136316,54.08038822250722,13.544319626452824
3019,48.58162910481092,7.925072916499964,urban,3665,0,48.574394518017,7.9176732962381875
3020,54.65816166342479,7.722018877458455,rural,3537,84597,54.674437500485205,7.71664931868254
3021,52.319404503161145,14.091555001879538,rural,10684,105960,52.33252368310226,14.1014599382722
3022,49.83634335351074,6.051252196315506,rural,4875,0,49.826151265047294,6.052705409490884
3023,52.4415081296105,11.9225901829168,rural,5475,0,52.44270703514971,11.933768833487076
3024,51.62264956964562,11.982355649680738,rural,16749,126728,51.62033166342416,11.992438385812063
3025,47.804966667960414,6.6473568245736105,rural,12947,0,47.82496129823407,6.637248902069985
3026,48.375104786059325,9.918907857763566,urban,16044,0,48.37380843356648,9.913765429543137
3027,53.67591357524692,13.084669077092824,rural,16266,126186,53.680079055231424,13.096508120913924
3028,52.2780000162512,5.889294824605802,rural,9944,0,52.27096095409694,5.895218744415783
3029,51.04120091292179,12.031605595970213,urban,4257,0,51.0342958621196,12.02525778044364
3030,49.91080301595155,11.737187806194886,urban,3560,0,49.9124308131319,11.740526704436792
3031,51.707237422611406,13.732355652707756,rural,10367,109684,51.690715793302495,13.749541901410693
3032,54.377121269957534,6.522036461388783,rural,6981,96838,54.396115696857954,6.526478191442225
3033,50.513893891604056,14.143742249876466,urban,7698,0,50.49656667731946,14.1467430052048
3034,52.25985347108124,8.950576098398793,rural,16045,0,52.25305995999743,8.941744514029658
3035,50.81285213487417,10.585686543521527,rural,6260,121503,50.809046900307365,10.58278039530268
3036,48.92196206743764,11.937267565413803,urban,11597,120912,48.91448189193264,11.933440365434286
3037,54.72951277762252,7.1305677388536335,urban,5088,0,54.72957956199967,7.126233283505961
3038,50.5254333813594,10.733486367436466,rural,3684,0,50.52272447186211,10.728012749166844
3039,49.24112061597129,6.773964357175544,urban,3759,0,49.242576245512495,6.774914057458456
3040,49.12298435627294,6.55779499805959,rural,7770,101250,49.14149871383778,6.569280898214232
3041,48.0676916221092,11.08197651475331,urban,567,91137,48.0603309039267,11.08000689378669
3042,50.2850171325502,14.09507973679648,rural,18513,108430,50.2898756292862,14.10062520451544
3043,54.79075216643309,11.329611847727058,urban,6594,0,54.78560427926975,11.327094453981331
3044,49.615370825253656,8.952759228236227,rural,2133,0,49.617345469342006,8.946415690865594
3045,47.67320182096031,8.20255533768809,urban,3557,76175,47.668990846330665,8.194857617821818
3046,48.27805913886532,8.02449692904863,rural,11052,0,48.2807960071077,8.010963138639445
3047,48.35992681405765,9.291963529779473,rural,14237,111131,48.37228557900567,9.28943037202515
3048,50.95735443814388,10.831472279627596,rural,17612,0,50.94851219079263,10.84545144684811
3049,50.09721267383544,7.117024219668185,urban,11924,0,50.10319645064148,7.117604054610153
3050,53.77533209509179,7.93183149276714,urban,18663,123167,53.77660373062926,7.931745088636689
3051,54.50559483629944,11.960616596404437,rural,2812,0,54.51204260178447,11.958897914913289
3052,47.75303735153056,14.817585437004624,rural,5591,78149,47.75966069693477,14.823785190853638
3053,48.43751723866464,8.91387896250063,urban,7912,117385,48.43414288862968,8.926757877373221
3054,53.15399153348835,11.526293571037533,rural,3405,125085,53.15665638181677,11.522930932294324
3055,53.59005584579928,13.624407978187232,rural,13770,0,53.59929088773392,13.614629601016834
3056,50.31669424215652,15.02921522800955,rural,1277,61704,50.30586279866687,15.031150995337656
3057,52.0633112593124,10.432421064591008,urban,5940,0,52.04654583945493,10.441066643813365
3058,49.64761198505777,9.445296552831254,rural,12283,109248,49.63792218364926,9.43218354118177
3059,49.66663672750088,7.866877340495446,urban,15185,0,49.66899920851164,7.860651015326118
3060,53.63325138578113,8.036662832244573,rural,2064,120923,53.62049417957151,8.036726419459864
3061,50.69778462365477,6.0843222356410855,urban,6718,0,50.70105517666605,6.066014896177199
3062,50.11669484157686,10.98145912000344,rural,15400,108533,50.12475939326831,10.969279151033978
3063,51.81897085659406,7.0869295625679,rural,1868,0,51.83611381775687,7.078906374689126
3064,52.841482465221375,7.1828433405368255,rural,17139,0,52.82475847904264,7.184661039466674
3065,47.68371911476361,6.05416857526573,urban,10899,0,47.68031238409952,6.041958983148116
3066,54.08097971581197,9.712440932636245,urban,1673,0,54.09111518097796,9.712925266356736
3067,49.63370890337432,12.682826762373065,rural,12867,121387,49.63981774370264,12.691753058189372
3068,49.07279480940797,7.230718645799421,rural,7863,0,49.08259320983499,7.224956350020364
3069,49.78459027731071,6.707831488898222,urban,5066,102808,49.78325728445623,6.712646151416442
3070,51.68428496872087,6.451962734023382,rural,10625,0,51.6774637788436,6.445181487155204
3071,50.843362106385165,8.539455497361711,rural,36,0,50.86337269271452,8.541693003806502
3072,53.270149815993,12.531893636141676,rural,1633,0,53.25998852209862,12.539460142819363
3073,49.25941528100302,13.721100256389072,rural,17393,106935,49.25843033918973,13.733861812220471
3074,52.05847842472054,12.72076626573936,urban,5208,0,52.069512961191634,12.723899890822242
3075,51.08523679666721,12.967539897997028,urban,6055,124108,51.09534520073032,12.975961354359193
3076,47.31462272547021,7.778611928604155,rural,5467,59139,47.31970921657085,7.790368668665648
3077,54.005655721238135,8.394237184422678,rural,10940,0,54.00242715286846,8.393665876455948
3078,52.88808021433285,8.313783450230082,rural,10497,0,52.87955200631964,8.313426179838505
3079,49.203716940238266,12.232564038045332,urban,9571,0,49.21832502463256,12.236315302967643
3080,51.315853863121575,9.45340649069994,urban,8781,0,51.32816079941948,9.437830324265729
3081,53.84065334564677,10.271096443617711,rural,1075,0,53.84900880609907,10.269959805847968
3082,50.08545325717858,13.884835474042,rural,17491,0,50.09644235110702,13.891075021658496
3083,49.9118887409969,7.532072759296559,urban,17629,0,49.90674764907218,7.53204899754689
3084,48.07525474264887,7.706494327580109,rural,14646,117077,48.0772917178885,7.711392682536351
3085,51.03610795197374,6.557611578557065,urban,17314,107715,51.049080380037424,6.562457019859977
3086,49.16928998141146,10.370679939289072,urban,18431,0,49.18557394197589,10.377217683539532
3087,54.98555972003405,9.684943606494487,urban,16967,0,54.97788447690408,9.674635815077751
3088,52.34713413650856,14.775760963373902,rural,12512,0,52.35882292753381,14.770796785118083
3089,51.06598550441785,8.115581406228369,urban,7301,120427,51.05550144564604,8.120039034652455
3090,50.93424805538637,6.702213394568171,urban,15408,94526,50.929197498361816,6.709084108900727
3091,53.43948217829399,13.355621835816624,rural,2843,127547,53.43570923855592,13.346002211821354
3092,54.68155301814485,10.082205836212644,rural,5599,111955,54.6993897973756,10.096862769543511
3093,54.63257107713579,8.838416171856615,rural,2928,0,54.64620306531768,8.846757919941636
3094,50.13640508496087,14.2850655307967,rural,18485,0,50.17053996728365,14.298110879678914
3095,49.990539574345846,12.581409510192788,urban,7814,107377,49.98576559394041,12.580753624339389
3096,54.77557739721232,11.926395509917525,urban,17011,0,54.75311596801722,11.926091394617902
3097,54.71248143129425,5.9288992992589415,rural,10728,63237,54.713265431625686,5.916046361626094
3098,52.18084617987513,11.589707267508828,rural,15268,0,52.19756745353104,11.593728436422923
3099,51.68823169957465,12.699803198132267,urban,11154,0,51.70327385527553,12.700083848314742
3100,53.34207744894113,8.523811020954994,urban,9161,122063,53.35955838147062,8.523555570527629
3101,52.68645441197126,14.887140051970997,rural,1467,0,52.68294641769533,14.900080096053676
3102,54.71542007238696,7.985870907379439,urban,10290,90042,54.70029870681646,7.981892988526573
3103,54.05667277358271,9.069916508805516,urban,17004,130936,54.0488438112778,9.05468624544253
3104,51.99011386484671,12.299700562941911,rural,3071,120966,51.99575455697695,12.289433791826728
3105,51.999927426518965,11.6681906864618,urban,6321,0,52.00714526276714,11.681691065177246
3106,48.09826849153928,7.938002891331202,rural,4337,0,48.097497501359456,7.928654448487309
3107,54.18451096006439,12.976009427686748,urban,14272,0,54.18625085536359,12.982500624005054
3108,52.485006493264336,9.460185662358436,rural,7783,119679,52.4910287656499,9.468110755918252
3109,47.35648362040945,12.277213774187407,rural,19600,0,47.369382208571935,12.270100356986338
3110,48.81590115437125,5.961201794187191,rural,1346,0,48.81092553561798,5.943911329758499
3111,54.38951027747161,12.066185791908357,rural,3839,147156,54.37892434347426,12.076102968571076
3112,54.34479505937643,9.22653165600678,rural,2582,107659,54.34520189215304,9.226720235943231
3113,50.61044428102149,12.842253918481326,rural,12108,0,50.60975034491596,12.85091839245381
3114,51.20775815663052,12.705085384129688,rural,15852,0,51.19373557335937,12.698432866884469
3115,51.87145636761269,10.513743036325696,rural,13402,0,51.86265407557458,10.516525993105535
3116,52.234457366335256,9.496257860656494,rural,16002,0,52.24194101044559,9.514007024314528
3117,50.99555553437137,7.335929091577413,rural,9705,100001,51.00422635907567,7.3292103586764386
3118,51.743302831319056,8.644000540527594,urban,10057,139406,51.74104377096376,8.645305148753172
3119,48.2284819898266,7.809929246450165,rural,8869,112134,48.21385703366364,7.800828351055003
3120,48.48939763725052,14.448957152964743,urban,14355,100155,48.48513151709359,14.440619842357467
3121,48.399226242827226,6.657125282057514,rural,10309,97392,48.39534238946582,6.674146745590353
3122,53.35604659635483,6.5522165038364175,urban,9136,0,53.35096031101041,6.547440507257169
3123,51.83727665847184,6.564566218456366,rural,3470,0,51.834071472474726,6.557180610430886
3124,52.074260735082966,13.567623612993328,urban,2995,103060,52.07481854448831,13.56960191817272
3125,47.40479646496856,7.018753192502111,urban,939,0,47.40012518086285,7.032893547590034
3126,53.02597488644981,12.895785550968778,rural,19957,0,53.02874114223571,12.905524100032547
3127,51.027228286751125,13.272947641282965,urban,16308,0,51.02433603110696,13.265398316076306
3128,52.96897819210232,12.737764510728477,rural,9460,126554,52.94329968076288,12.734487392650289
3129,50.201540042596605,13.79330405063002,rural,16338,120499,50.20837746004495,13.81091486977182
3130,48.148214140624525,7.852488980985784,urban,7528,0,48.13860557364221,7.85904844187908
3131,51.6886072167541,6.655655606876736,rural,1964,113914,51.69058460001257,6.658706201477646
3132,50.52930064116193,13.60938192777641,rural,1387,113389,50.52913788365633,13.598596338791898
3133,49.15090987437277,11.665677364765534,rural,3128,0,49.15358728602715,11.6704810263831
3134,51.96487797835187,10.15948073414917,urban,3796,119460,51.977210599420985,10.158106861917274
3135,49.77526998543152,14.648972970682204,rural,12498,84016,49.762955517817744,14.63845666986652
3136,52.24093633059182,5.984888517156369,urban,17156,89390,52.24304379943554,5.971960353544129
3137,48.14908375128466,9.401141712458289,urban,10630,0,48.16711997128009,9.397029566643754
3138,53.12050426117141,12.631867859448588,rural,11037,0,53.116833327970696,12.632246839282791
3139,50.39180964036547,8.407106548021616,rural,7476,121467,50.38562761769884,8.390509020956454
3140,53.5865370365834,6.591394714835191,rural,133,0,53.583112521612414,6.585585983973739
3141,50.380109173239816,12.703558655417014,rural,19798,0,50.37211841619906,12.700058673932036
3142,51.184270390077984,6.874132054061628,urban,18361,0,51.18671628736586,6.859605918968151
3143,51.14808994706866,12.951139287017009,rural,15697,0,51.15336325067397,12.9505812546557
3144,54.20404249545267,6.470214511174181,rural,18239,117847,54.20282303196441,6.46973789839506
3145,52.65299574976841,8.18475096225135,rural,17268,134111,52.647263088620925,8.18487824539472
3146,49.66316127473121,10.494067854969163,rural,19558,0,49.66659985859017,10.500018452595445
3147,53.71018531816955,11.339105052780209,rural,2127,122129,53.72252213891639,11.33343657841552
3148,50.58599845256699,6.317248768999413,rural,11498,79931,50.57745808193194,6.318402929673282
3149,48.82868504668275,9.795426978633794,rural,1048,0,48.847026918620855,9.791838290984076
3150,49.834794883003006,6.231083693336737,urban,13356,0,49.83814951506853,6.23568608265076
3151,50.49050008798539,5.938048082805595,rural,9303,71217,50.481764781845264,5.936725422864584
3152,50.96391339929092,9.704140152649272,urban,15262,0,50.959812213851386,9.69832138460878
3153,49.11581431734498,8.412854247900679,urban,15802,0,49.12985736335081,8.415255054558687
3154,48.94254060778317,11.297173230897736,urban,14740,122149,48.95193859639868,11.30589909026832
3155,47.896231387194426,13.073376149973416,urban,12729,92121,47.89445089615793,13.081652257971038
3156,52.06315815293566,6.660911516273296,urban,1954,0,52.07198382539873,6.649473026040067
3157,50.87339311094695,11.125001163541526,rural,1695,0,50.86992618302503,11.122191103165232
3158,52.8178250105798,13.042362124206011,rural,11225,133762,52.82243029812089,13.055426957966676
3159,52.900540616062536,7.269972087181395,urban,18080,0,52.91178674062384,7.257105330084722
3160,50.10793922221444,7.338601453893765,rural,51,101600,50.09947948148548,7.340094764733791
3161,49.98534918092457,9.867549104946365,urban,6073,117366,49.98659035840991,9.85291682739408
3162,53.833459956365,11.51110375326239,urban,8147,129680,53.84302953546404,11.50559691565321
3163,54.362094931692326,12.291043114926936,rural,12719,137587,54.3807343226574,12.280338798829392
3164,55.00189297652248,8.926856149320292,rural,11455,0,54.980636785924354,8.91999347631658
3165,50.02993689530738,12.01119988211042,urban,15289,0,50.02969824658027,12.002979480663708
3166,50.39093495370621,13.718060795929077,rural,16799,0,50.3775068565589,13.731257821254138
3167,47.78873542122727,9.460416399810711,urban,6418,0,47.7883093459954,9.456120672355912
3168,47.333771979828775,8.474443822215523,urban,1891,68105,47.332097336979146,8.474418820331596
3169,52.215296015854186,12.850245816407169,urban,4412,106773,52.241002617051706,12.845145281660772
3170,48.78768242827211,8.885711078357748,rural,13936,122155,48.79896171622303,8.890638983701084
3171,49.59497094974654,8.572726625744991,rural,13065,0,49.60172357744315,8.558076632306754
3172,51.93361715841608,12.320134571547571,urban,10856,125148,51.93282301598302,12.314263032856084
3173,48.75591092373397,7.43441543950967,urban,9634,114421,48.75880736433683,7.431267587133117
3174,54.04755031514725,5.947988301266586,rural,7090,85947,54.05837833724947,5.961514386645392
3175,47.54269537778594,14.19706278750698,urban,3305,0,47.54553036952343,14.205189769907586
3176,54.41347848941119,7.363576318862243,rural,9999,120212,54.40871112645424,7.362427051145826
3177,52.70523090419189,14.326543979022706,urban,4666,96532,52.69720259360994,14.331712694889717
3178,48.8471465866504,9.729195933853912,urban,18701,156883,48.84740749935803,9.732240402636716
3179,52.75319514799183,7.732477437792129,rural,9119,0,52.7549502005152,7.719380696342846
3180,50.15262342662318,6.986646086077954,urban,815,0,50.15267815161313,7.004795008412505
3181,53.05850450411657,8.823882565977959,urban,1869,0,53.0390080347217,8.841118822113964
3182,52.47786861627914,10.349737756389665,rural,2620,120865,52.485720542774345,10.35218796049639
3183,47.3026127352877,6.343757475591719,urban,17243,0,47.31799709048423,6.351285176948847
3184,50.656598222296886,8.806258464486284,rural,16921,127304,50.66180139280696,8.806043084869268
3185,47.98906113857117,9.723646628719194,urban,4781,118708,48.00279184749135,9.745164162824402
3186,51.517617112962,13.745002323527912,urban,1923,98630,51.515569640995366,13.738735307170687
3187,53.120899488998845,14.24871415099058,rural,5640,0,53.11108612518295,14.24360063918557
3188,54.11684897758042,14.331328908618932,urban,3602,0,54.11152566838292,14.34483208248032
3189,51.96548074788811,12.54301921037164,rural,9659,0,51.9628762405124,12.544166445661292
3190,48.3798704970862,6.92669277502137,urban,19795,0,48.36168984660812,6.919715044402135
3191,53.95677852939169,10.167378857602014,urban,8783,0,53.9505499838796,10.184234833736312
3192,50.06668642798764,8.379096828914662,urban,17070,127479,50.0649378331786,8.39379480687411
3193,51.23741964018818,13.30258491894844,rural,10015,0,51.23608300282937,13.309527736856277
3194,52.86035423615515,14.014072316895565,rural,19629,0,52.85828044874635,14.012625569537631
3195,50.73479821142701,11.639439257533764,rural,14477,129749,50.72949231992293,11.651724659993391
3196,53.83952926535412,11.157553811391685,urban,19466,130291,53.84584581281028,11.162070258324563
3197,52.18834317304808,8.50527686299066,urban,4490,109688,52.1850949541241,8.510127701629006
3198,51.72043476285597,8.822835730695681,rural,10678,0,51.72245503279313,8.811789278570123
3199,54.52913105675025,13.02325014403463,rural,3051,0,54.52812248715833,13.03539070134561
3200,54.57598547114345,13.173065423532488,urban,11099,120628,54.59617286264579,13.17335654182783
3201,51.210510954193815,13.36459623569122,urban,430,107978,51.19206436573605,13.346608988303634
3202,48.36824189777044,13.105477851603858,rural,9920,105602,48.35612518799933,13.09573496031119
3203,53.66777177694093,9.769946055322096,urban,18035,0,53.66822641604715,9.767996925759835
3204,51.24950057706009,7.143533389513139,rural,3298,98884,51.26010793865838,7.135074167180503
3205,51.581345574363695,10.98618093687118,rural,1281,127351,51.58330235197611,10.982624015005843
3206,53.52392985803066,9.844162403001322,urban,14653,123401,53.50635945614099,9.852693376860348
3207,49.22699765356911,12.642492832770454,rural,17640,139100,49.22153389800453,12.651636132259211
3208,48.14838725513604,12.032158348096054,rural,8388,103197,48.14410290278766,12.02909455989211
3209,53.24398292161151,11.536375502816504,rural,17200,0,53.24320967479577,11.551150817898026
3210,47.393699726016735,12.55242277959738,urban,7081,69751,47.37745292659712,12.549815326686357
3211,49.0533955630972,13.225951769164606,rural,17387,106866,49.06375410061953,13.23071794160428
3212,51.91862145545817,10.179305142359617,urban,15327,129408,51.92092906223672,10.17164358770992
3213,48.160454424945705,12.47350055740371,urban,18081,0,48.16590986108619,12.465046646305115
3214,54.355063140801406,12.371138554950027,urban,7066,141171,54.37320466768389,12.372180376753128
3215,47.27285992154419,13.038015747860628,urban,8493,0,47.26201160583771,13.036581089642189
3216,48.91548125376592,14.45758577245078,urban,9936,92595,48.92878381259969,14.450099088228152
3217,50.335905706025365,12.582316314684814,rural,19345,114714,50.33738109181228,12.59407379246106
3218,54.02038581688172,13.726622302645946,urban,15740,0,54.003273779045294,13.7296094439301
3219,48.613338533245454,13.172690220639604,rural,6907,96030,48.62693572735692,13.1723872186394
3220,52.45005666276212,7.988501151399973,urban,12940,124712,52.44837550985002,7.990293009558916
3221,52.84773807970078,9.390980221697369,urban,200,115131,52.85052222676541,9.39014930336205
3222,48.98433483544324,14.383381875693525,rural,1366,0,48.98173731949326,14.387107053482357
3223,49.80606842061347,10.040844792502975,urban,5128,0,49.81314392989478,10.04707173625734
3224,54.67484451458477,12.468617634432146,urban,2366,0,54.66129306675131,12.46602312071562
3225,51.29277192965365,14.654224206401768,rural,18797,90526,51.305855821965714,14.65896202280294
3226,52.13692258087228,8.690433936181451,rural,15058,110704,52.12352737406964,8.66114617239035
3227,51.37177157122338,7.785619408348083,rural,12936,112403,51.37691120268113,7.805721487771778
3228,52.09410437270061,14.198874079802064,rural,11322,0,52.08918051500174,14.18774870617374
3229,53.723820592994805,14.541036351635212,rural,15219,0,53.722392966429176,14.54104216438877
3230,51.86295618734772,7.963697638163071,urban,1437,0,51.86196413546805,7.946885168005338
3231,47.96545374359905,10.499354269040843,rural,19082,0,47.95828313689725,10.50670442239035
3232,51.293594622725976,7.657257808791679,rural,11782,105978,51.288493777574125,7.641104572654859
3233,54.9495726984299,13.243687543160092,rural,7633,91900,54.946338666105206,13.237441471656895
3234,54.00315573492106,7.284998145401131,rural,3557,0,54.0115701743068,7.295547477149394
3235,48.30347870347676,13.191318689634532,rural,15989,0,48.30473186785695,13.183818394746352
3236,49.25981436052216,6.077907806632195,urban,17738,0,49.26127974362418,6.07689173384749
3237,47.79042814552968,12.874127284385091,rural,1823,0,47.78925171687225,12.871921686454126
3238,47.510045325756245,12.459543965163032,rural,4989,85707,47.5047374642248,12.496982547285358
3239,51.382566011096046,6.048192447336002,rural,19217,0,51.37487850925346,6.065637151480781
3240,49.89049923584364,6.216895026578484,urban,19620,0,49.88503338156675,6.219598413115701
3241,48.13864498354812,11.87765859395737,rural,3083,0,48.148997437814295,11.861284559961184
3242,54.446550826229846,13.788924805935252,urban,15853,0,54.43647426983829,13.80118960556496
3243,50.53461270305843,10.987513705420843,urban,2517,0,50.54218323921639,10.983538230004578
3244,51.49444303886149,11.577352457166253,urban,10367,129805,51.49590028674748,11.573972505466712
3245,50.22578322638346,13.37917993228723,urban,18521,118411,50.23721849032241,13.386996099630007
3246,47.74253422008117,7.956495939499387,rural,4172,0,47.74429451858265,7.943504440295371
3247,51.71838832205751,8.316446261324606,urban,13933,0,51.74054833847581,8.325513670841435
3248,54.2013875448982,8.968589310784267,urban,9065,124460,54.20303988520342,8.96850494102463
3249,54.54618958432857,14.8062989462741,urban,4877,0,54.54506294281447,14.796719516374552
3250,52.06929532276634,11.900570017374644,urban,6412,122480,52.06501670106945,11.903440458254634
3251,48.50774064980016,12.312192204231506,urban,3945,0,48.50194531480682,12.313459754519316
3252,52.96914761039772,14.906089487784673,urban,6517,72981,52.99145581057839,14.911890288126472
3253,51.04775545858863,11.1905952647956,urban,8325,0,51.0429187995488,11.176436509629989
3254,50.68843118797989,11.935127354367992,rural,371,0,50.6865672515248,11.941563483752232
3255,54.04574806038437,7.331712474401073,rural,3408,122505,54.0467526269709,7.3211429170893725
3256,49.24819115494254,6.312226718915084,urban,3411,0,49.24461105690079,6.31363401510475
3257,54.6331031109786,11.618641256925656,rural,14871,0,54.61753984443511,11.617020591571826
3258,48.56814139555621,7.308026588897737,urban,13468,111006,48.55666623294388,7.309130777471222
3259,47.41079041013824,7.863599689610512,rural,3291,0,47.41585895632351,7.869751535114712
3260,51.24358049504493,13.70869303408188,rural,3691,0,51.24570195684795,13.707829423967606
3261,50.49648308508147,12.03496318566976,urban,1499,0,50.51018018699793,12.025793897673486
3262,53.70151694635087,12.207620515959944,urban,788,0,53.70166598636714,12.194586822077012
3263,48.31794305036981,11.8996258282441,urban,8773,103278,48.31307835309826,11.896387257299669
3264,52.19085757212546,13.48326674023345,rural,12585,0,52.19243870770526,13.49100388584643
3265,54.9489906894724,12.655857356487603,urban,8640,87459,54.96370710044097,12.655785609444097
3266,50.63918326784916,14.605921609025645,rural,3456,79578,50.64196741503923,14.598988117402962
3267,52.6508108293873,8.14455613675046,urban,7207,133445,52.64828667192664,8.142610011937093
3268,54.420576886341244,10.644299258782734,rural,19462,0,54.413890627107584,10.64495629893349
3269,51.75028573653701,9.69280931951524,rural,19288,122385,51.75295318982066,9.696619253314692
3270,52.43858443731374,7.74722723957341,rural,10819,0,52.43920673172368,7.741868756024542
3271,47.7879506023695,11.480536138746247,rural,84,108147,47.807894665192094,11.466611061313834
3272,52.00930267298512,9.795451831598122,rural,5214,130000,52.00838706550302,9.791125268844338
3273,48.10057660318914,12.581304353817004,rural,16519,101060,48.1181307122088,12.580785268377344
3274,51.40046826594846,7.565546346710407,rural,2726,0,51.383995435825256,7.570792860929838
3275,49.62461234822605,13.56439558972983,urban,8083,0,49.6374301791465,13.568044325154965
3276,53.70128229943874,8.30807677753587,urban,18356,0,53.70346273884565,8.327415305736876
3277,49.51865815174748,14.436831564700046,rural,13900,0,49.50372024026096,14.450238595253502
3278,48.425676643124085,6.260166149081691,urban,3384,71267,48.429575543404304,6.249982801516903
3279,47.811918749418965,8.786502921560988,urban,18820,92629,47.8199100948982,8.790198439524461
3280,49.72001945912694,13.655031364688725,urban,18538,120824,49.71552640798781,13.65041370435154
3281,50.10286144498346,14.970763392424733,urban,1557,0,50.09910325725148,14.945717870954338
3282,53.22888804982457,11.54262093545896,rural,13676,0,53.21318319585033,11.547290681746547
3283,48.53679580190351,14.668831331933612,rural,13254,82407,48.54438770825645,14.670846588265382
3284,50.52827727767355,8.401209369180577,urban,14928,0,50.53247409322923,8.396426718417192
3285,50.62370877247882,9.6503196766338,urban,16286,121802,50.639319704333055,9.667822763670994
3286,51.20428892995489,5.962332133911972,urban,5208,65569,51.19586356100834,5.9610014159650575
3287,49.323050862123694,11.36271014117347,urban,553,114417,49.32305593661784,11.357972886439798
3288,53.09652561194599,6.598764131453772,rural,7427,0,53.10654483424689,6.595513578554107
3289,54.61651037048835,14.999052808027663,rural,14642,0,54.60918164494121,15.014812555348506
3290,54.92352539912733,9.781210518840693,rural,19544,0,54.93186615572589,9.771992060720624
3291,48.54276708442745,11.785306143349596,rural,7008,0,48.53073437343756,11.783448651216531
3292,50.02215097643233,12.397246814380251,urban,6243,100915,50.03313017779072,12.400093386672872
3293,48.0157486053519,9.717279859491205,rural,19837,0,48.004254716487424,9.703495140458772
3294,50.83577570688483,8.752120185538365,urban,9533,0,50.8229623522049,8.757055984991808
3295,52.20734773612008,9.827555173656402,rural,18159,0,52.20215021880265,9.815671333427495
3296,48.76338959103837,9.831681769955155,urban,11316,0,48.76580656205339,9.839745065165047
3297,50.10928600328728,7.142918162658432,rural,4550,106151,50.12672616219688,7.140888686829142
3298,52.10353646195608,6.015269017988975,urban,2055,0,52.0989639142265,6.014136944927406
3299,53.50582242871947,8.567767915424714,urban,8230,0,53.50356941559657,8.568874779123137
3300,47.41995729774203,11.264646936826727,rural,18501,76354,47.41907448096461,11.269182819900385
3301,53.22968314212119,9.491221328460831,urban,4436,110228,53.22351040562325,9.459737354531615
3302,51.35087949539791,11.927480928018724,urban,1833,121020,51.34274436753683,11.920275998184437
3303,50.32129060041362,8.061550839225696,rural,15176,0,50.31891351262071,8.058495409222086
3304,52.94571725599566,11.233581711957717,rural,7905,134514,52.93486569034272,11.246915138853298
3305,50.21842528714773,8.285531420607981,urban,11311,0,50.21359650820612,8.289760913223025
3306,54.714451821857445,13.054533407390608,rural,4350,0,54.721075936049104,13.030033748519791
3307,49.85995110597835,12.487983255817158,urban,18567,0,49.83754625257912,12.4880621962331
3308,50.63572204720755,11.238468273130358,rural,6883,124197,50.62446542358656,11.241282919400572
3309,54.958193308548985,10.730659440565091,urban,9162,0,54.956656382865226,10.732643875412483
3310,52.962329051445934,10.95033306930592,rural,14341,129997,52.94657098887528,10.960208225190652
3311,52.80489690452409,10.810711801381585,rural,8595,0,52.8037207740348,10.803262555190209
3312,50.97435042938709,10.034964122590036,rural,7571,0,50.968629768163055,10.031018676720146
3313,52.22004090862112,12.20440548789085,urban,17419,135945,52.22026692709037,12.208339963980048
3314,48.39797241113272,15.028218396872976,rural,13251,0,48.39602106806418,15.02776607993902
3315,51.39147804621303,6.834192747538648,urban,18474,114271,51.37870924808741,6.849605193669128
3316,53.98013757554085,6.984933402474377,rural,7340,113394,53.98750127173463,6.986289954948227
3317,51.53377066716177,11.426369067397069,rural,18622,133506,51.53958903837953,11.442975154218445
3318,47.396860714605545,12.707185100331898,rural,17320,0,47.38189062920723,12.701754985542577
3319,49.2789698622951,9.33394993183448,urban,3085,0,49.29838735999492,9.34973588141129
3320,54.45199665039216,14.087167575109095,urban,6694,114532,54.467133343494126,14.072711385999565
3321,50.93997987461971,9.7129252335167,rural,10799,0,50.95325785744751,9.731801643108398
3322,49.23731872064885,11.022681477334014,rural,11356,113046,49.233448542829024,11.027266079411454
3323,53.718579610284536,5.920450309215167,rural,4073,0,53.72229612890728,5.923332758483425
3324,53.07918054321402,10.791557181200892,urban,4301,116724,53.06375243742613,10.807528987744684
3325,52.061912859640834,7.053299545718139,rural,9935,0,52.05819747811214,7.05066861946593
3326,48.467279376862685,7.589688433367292,urban,8417,110397,48.47030397916856,7.58395961595233
3327,48.35206548873423,13.336433180439778,rural,17957,99831,48.3749294441313,13.32243793335
3328,51.77977324279933,7.823270208696137,rural,14832,129079,51.78579050216089,7.830769662200018
3329,55.05202496169991,7.155288377088784,rural,16044,0,55.046236860944056,7.159292241789236
3330,48.116860019998335,6.396735540235345,rural,10556,0,48.12547698172428,6.382202383392773
3331,53.470646375806034,14.548708170016706,rural,5622,0,53.47010902024828,14.554829352160542
3332,54.119534452892566,11.53874135386583,urban,3321,0,54.11899861922505,11.530719688865275
3333,50.5872771214344,7.400683711880878,urban,6752,0,50.58713621431826,7.41710115964549
3334,54.43309074875968,8.37540895776691,urban,12125,106194,54.438812099473,8.373157633656072
3335,49.0807035007761,11.01311304743229,rural,16748,0,49.0981578273522,11.004715664679969
3336,50.23015274307864,14.711096100645962,urban,7499,0,50.23374186237338,14.709571318447962
3337,48.93969679560443,12.048427931500733,urban,11550,118839,48.93627369973818,12.050312870867868
3338,51.29920162758914,11.187736902801632,urban,10042,138550,51.29837759569619,11.174672280968611
3339,49.252771370689125,12.8920240254979,rural,12822,128964,49.26224318091687,12.890084761194672
3340,47.34841114232879,9.061886371257906,rural,5148,70320,47.35355285595458,9.075364737683184
3341,50.22128936876311,7.001944733137875,urban,16300,118980,50.22777021483052,7.007386334947629
3342,48.11861081630575,6.8323894767765285,rural,15169,99336,48.11550931944006,6.833045884342846
3343,51.22542556013058,9.011611026537365,urban,1610,114752,51.23593613657837,9.018953977601171
3344,52.13669101833575,10.138593245119669,urban,7786,113616,52.13896116610712,10.11980771502616
3345,49.80347313575546,6.350611376237021,urban,17285,92219,49.810825153454246,6.337877595582118
3346,49.5250263033464,11.802100984658114,urban,18431,0,49.52710501882137,11.80948104264539
3347,48.20553612069676,6.7636599085996725,rural,11757,0,48.213397768264,6.749911567068641
3348,49.529408955088776,6.929628218757157,rural,16284,0,49.53040460698936,6.936568394588657
3349,49.58199499321206,13.063397153497926,rural,16712,121153,49.58205316818603,13.057549909553014
3350,50.570292352228215,11.17375588416746,urban,3531,124226,50.557054510722274,11.18471925957685
3351,54.01306963025417,10.078937177452538,urban,15364,121935,54.014126967721474,10.080939648861186
3352,47.40562752009252,7.5565419034058365,rural,1832,66741,47.39363825349746,7.545818358313309
3353,49.17337134476728,9.90242830502621,urban,2151,0,49.17569362765008,9.921565366058806
3354,51.50201028442441,7.443994278979392,urban,9820,0,51.48614407625569,7.435523179264291
3355,47.742556405075135,9.366227377771562,urban,16589,114805,47.746325851291125,9.368135467135309
3356,50.542982432383866,7.34821848728282,rural,9926,0,50.54865116851294,7.346784737124973
3357,54.08711454473669,7.119077892205113,urban,810,122155,54.08999452168971,7.120685253043924
3358,52.32898717631407,11.668094840823922,urban,2471,115696,52.32602050509775,11.66658761635852
3359,49.177830027601615,14.52723529754051,rural,7913,0,49.17023701374343,14.53675465502697
3360,53.94485427325973,8.238001710247772,rural,16911,119537,53.95043048761304,8.249201599600573
3361,50.22674501620336,8.66382985599596,rural,2674,0,50.22767975658184,8.652037209946398
3362,48.987437636095,11.366669862530149,rural,11905,121825,48.98520774785365,11.361023920748382
3363,51.90871042286911,13.408865135267307,urban,10128,116526,51.92677030456037,13.404077269351776
3364,52.611924528221145,6.638276223040587,rural,16009,105929,52.61250248871755,6.624155692671615
3365,48.643929738914686,8.09940479694195,rural,7809,0,48.63571109491812,8.089036118922099
3366,49.56748591184885,12.462636767294011,urban,6759,0,49.57074337332926,12.449162934816576
3367,54.54221544979953,9.558055532699992,urban,11714,111337,54.53630416098786,9.565157021701038
3368,50.97540947805318,12.707615619302969,urban,12207,108866,50.99258750964312,12.715117237258236
3369,54.10219518482484,10.386749661285949,urban,11464,0,54.11077632885262,10.385206794572834
3370,49.91779537661433,12.973381356110895,rural,4065,0,49.907506587253394,12.961000005048856
3371,49.967771579770286,6.457293818459404,urban,4228,0,49.97374169082394,6.44790643591536
3372,52.75273223127995,9.558715232844603,urban,17363,128864,52.7483486170056,9.553562672839025
3373,48.49222756753271,10.218995354985951,urban,17395,118581,48.49136635974627,10.237319794734937
3374,53.07222342483585,12.528149582278743,rural,7964,128979,53.07985185632483,12.540160561495334
3375,49.345862217426415,8.210145473568668,rural,14854,118619,49.35740311551699,8.223828450036656
3376,49.90409259176571,8.214105336828503,urban,306,124634,49.92911879032304,8.207335622528241
3377,51.28827888008212,6.625322537808635,urban,8057,0,51.28831226935436,6.623950177146163
3378,51.61616889911694,7.646451657244015,urban,12645,0,51.61879798773365,7.647139806952807
3379,52.587107154186334,14.562922999079984,urban,16636,0,52.590527680047785,14.568030911406415
3380,50.88053858947162,8.205340049230326,rural,16194,0,50.877351982373895,8.193144455292822
3381,50.10987733122359,6.946051379463498,rural,14467,99818,50.10278819150041,6.931346544089597
3382,48.73389939612103,9.039446948407326,urban,14722,0,48.74419189542167,9.060374248526124
3383,53.35019591149268,6.424972954375197,rural,8650,106496,53.32682470661036,6.413402185311061
3384,49.81215695489736,10.549540090921765,rural,2926,109459,49.81951040992213,10.548342042175998
3385,52.071690548364,10.50995021541101,urban,10894,118049,52.067964113613776,10.50673240936402
3386,48.78227978599991,11.930634954101334,urban,19113,0,48.77489651664772,11.920378344954692
3387,47.6752413078036,8.292259316194308,urban,1320,0,47.702076440858114,8.281348073889363
3388,52.27979526327394,10.774735431620387,urban,8165,0,52.28677269661196,10.770684578236894
3389,49.3646825621108,14.76938428929508,rural,6325,0,49.35232713799123,14.777167175228072
3390,50.40741835551623,8.607142953466642,rural,12769,133027,50.40215513324168,8.615458392703623
3391,52.65013674582449,7.122580453288819,rural,5164,0,52.64697277905057,7.138101990457269
3392,54.16197498955312,11.877132298435765,urban,12687,138128,54.14852589638483,11.87924390956913
3393,51.564621967556405,10.528582629468612,urban,13744,128950,51.56228791955313,10.541757105000992
3394,54.43209411598222,9.520197393002524,rural,14279,108750,54.436737734454766,9.501686906081682
3395,52.193755882670544,11.377198034137637,rural,13578,119906,52.21881304667145,11.380069839413688
3396,47.4585993710742,10.488827537959091,rural,5533,0,47.45969573835245,10.498403143206222
3397,52.499453604088885,8.71582159698379,urban,1118,0,52.49855410369225,8.718311399692046
3398,47.485665133874576,8.953499542837616,rural,1298,0,47.477143727657214,8.955508642568835
3399,47.620607336649,10.841761477214964,rural,17982,0,47.61997175818178,10.84207199695486
3400,50.13976627649601,10.028826998165227,urban,19832,122888,50.13441334354456,10.022221711361317
3401,49.47757103016589,11.00143822722404,rural,2071,111704,49.48323160169824,10.995789183694985
3402,48.64278757066256,11.32475439428016,urban,12567,130431,48.64674807241739,11.333972512264657
3403,52.41415396130024,8.849403362105235,rural,15907,125783,52.42740135101954,8.85291043646326
3404,54.42423509669511,8.502962803190284,rural,18667,107966,54.415444535532906,8.515992750140851
3405,52.46134686906288,9.323320213060908,rural,6626,0,52.44191805632967,9.326217304601652
3406,50.32392047649474,9.660265109974183,urban,4396,108472,50.3225247397332,9.664463013629607
3407,53.50550235111968,6.467725916042053,rural,3867,0,53.505671539278886,6.471096101391532
3408,49.48056037206194,6.59950497757808,urban,3203,94462,49.465888170997935,6.598697132886687
3409,48.40773456743238,6.574045072322985,urban,6589,0,48.41305493694211,6.567617212718731
3410,54.038132927501344,8.832761659873754,urban,12037,124209,54.04784686720154,8.824365822505575
3411,47.62404044425334,12.808379704745136,urban,9369,79479,47.59644357729909,12.789151219277809
3412,49.501901663282375,11.794559465057407,urban,8325,117739,49.49131677068248,11.79572038869327
3413,51.89061322339828,8.581896108595547,rural,18734,0,51.892677039222725,8.588898883562806
3414,49.02730629257429,13.400692136731784,rural,3877,95420,49.012183243594826,13.395279844398052
3415,49.73225154442767,7.711648734641274,urban,4956,0,49.73849704441559,7.724052627870042
3416,48.88608802410738,9.838601489985,rural,12342,0,48.871081438340354,9.835651722237852
3417,51.50224163605069,12.469877090833672,urban,19580,135066,51.498350180629714,12.474956125830962
3418,48.81072726322604,14.780588916568496,rural,12928,0,48.80163387613307,14.785774456014632
3419,49.65123097526428,9.21055746569525,rural,2775,0,49.659020842363496,9.212362339248791
3420,51.14168643006574,7.705376516756663,urban,18272,108383,51.13989133590767,7.709893436647353
3421,52.1732556208017,13.666028308806805,rural,10163,108216,52.16513583356687,13.656775572347366
3422,52.733414542373936,7.541473596028817,rural,6835,108435,52.72458974758207,7.562277569557567
3423,52.994577299576775,12.375999823690163,rural,7249,135024,53.00228914036233,12.377137095553822
3424,51.92544037343805,7.994668492308378,rural,11232,116940,51.924905241809626,8.012782828789105
3425,54.82688495615402,8.662589978643407,rural,11237,97890,54.827449280410015,8.66370560920795
3426,51.91571026398495,9.838918788993247,rural,13902,0,51.91412035574783,9.847411514077908
3427,48.75207464353442,7.988619489472281,urban,2301,0,48.75177018921567,7.98486991397279
3428,51.56957078265513,13.092734317951091,rural,4167,0,51.57121159861566,13.090200387792189
3429,54.20993277816281,10.024930039100592,rural,11224,107231,54.21356610834484,10.02068403701978
3430,48.62816627404324,7.552327172206262,urban,4691,106355,48.61044627596528,7.548432454527225
3431,48.00875704537679,9.795788411808228,urban,2540,0,48.01157312378516,9.803679649543117
3432,49.34192140299254,9.222697095668156,urban,18160,0,49.35051562570337,9.230586730777592
3433,52.45225250937254,6.832591814780949,urban,8996,0,52.44301248694195,6.826430947851195
3434,48.40198259271924,12.823548880475744,urban,15036,107574,48.40078394623669,12.83158451939992
3435,48.40283010727026,7.153485044642093,urban,18336,109162,48.39735589544331,7.135956744884763
3436,47.283516123576426,7.475910985770518,rural,18553,64208,47.28080818391347,7.47851413696876
3437,49.39858072825073,11.996814763797254,rural,18363,124588,49.41408918658818,11.988266561668691
3438,51.43331426855162,6.409732153641907,rural,8910,0,51.42563156256618,6.395736904101788
3439,50.889570204282265,5.956824653962716,rural,4641,0,50.91347754215678,5.955888213145484
3440,53.743874121355226,6.562422543299587,urban,10200,0,53.73471528845469,6.548974789363352
3441,49.60494107994812,13.554207662167984,rural,18460,117837,49.59784706152022,13.548711893122062
3442,49.184421436178816,12.08765452382115,rural,19468,0,49.17363692646045,12.10328025661379
3443,52.67536317920666,12.11470129671877,rural,13534,128255,52.67883317675243,12.10582541668794
3444,48.43865381660631,14.847226571409443,urban,4426,59112,48.439701854079054,14.868555612602425
3445,48.72649882236864,6.660147980490086,urban,19982,94881,48.72721998351607,6.665819045377057
3446,49.88784654935815,12.74989695504082,urban,13109,0,49.88668686606411,12.751595275648723
3447,48.01289889537409,13.194356016786784,rural,15739,0,48.005563283861385,13.195489071506046
3448,49.95098590928243,8.554822614880912,rural,7981,0,49.95041976310971,8.580592075030658
3449,47.751649555005166,11.937217407106704,rural,1056,0,47.75973935906297,11.928402544910425
3450,51.336221260998144,11.774724956942515,urban,2004,0,51.34130675837908,11.77223203445884
3451,51.08286758691453,8.529297583258064,urban,1791,123577,51.0753424921728,8.516436194780843
3452,49.16186730682542,13.194321002172185,urban,12476,0,49.166811102080445,13.192978273896864
3453,53.98787136600444,11.775057466668972,urban,18436,0,54.00092267529951,11.77848185254108
3454,52.80658936431799,14.841740883847349,urban,4585,76379,52.80640656787273,14.843604409079031
3455,53.52810444508833,14.18965063572576,urban,13421,127065,53.507611271450365,14.20279870810268
3456,51.35243833358063,11.232449488598805,urban,6399,0,51.346475659481776,11.217332425263562
3457,53.09147808434973,9.125025764561824,urban,7947,110745,53.09387610957664,9.154422474511277
3458,47.71262602895392,14.025841812024645,urban,15259,72919,47.71041560351156,14.011088351916651
3459,49.06989389006907,15.024115876743796,urban,12035,71339,49.05515910498126,15.006228264651376
3460,51.95373429306033,14.983957018323114,urban,15259,63808,51.93842861100693,14.992686009310534
3461,48.71966682200375,7.840130597890167,urban,15622,0,48.7305763862292,7.832388494970693
3462,49.71709853856224,11.535890035134935,rural,11786,0,49.68930996216773,11.538800404111525
3463,54.5646424404637,11.628443403579912,rural,1161,0,54.55078291619659,11.621820250390527
3464,49.52081115627509,6.370661455842538,urban,4108,0,49.51070468692751,6.373717197806549
3465,51.67553477483782,14.46111455891844,urban,9971,0,51.7052594134771,14.45673186714735
3466,49.4897534724997,9.241158049127735,rural,3454,114378,49.50792600134327,9.251376025323689
3467,55.0807605323848,7.754347097268075,rural,1022,0,55.07283740769708,7.741179088772387
3468,53.15925562567964,13.246873303598235,urban,5471,0,53.15762577563501,13.253558138539024
3469,54.14105017500261,7.022455929413405,rural,13655,122190,54.13787959528974,7.006447105732606
3470,51.89969585035408,13.210607975812469,rural,7747,0,51.90775489162737,13.221757938624997
3471,51.08462728408405,7.755486560945071,rural,2153,0,51.08181517981557,7.772745091946058
3472,47.98437390709118,7.463363856586881,urban,12633,106170,47.96527923348779,7.464100095682755
3473,54.65572129495904,9.529663629957122,rural,4119,109265,54.65900117925703,9.549954291629676
3474,54.24631753744585,6.800428472637103,rural,114,0,54.253941380883866,6.795389029745106
3475,51.98209020987728,14.058185355096445,urban,6696,102764,51.9686237102998,14.0514111165351
3476,48.65234107350403,7.933133615343531,urban,14515,112265,48.66866432082536,7.934001384672093
3477,51.01492534418521,8.598844344508386,rural,8347,120692,51.02479436126997,8.583039946240032
3478,53.131873951508574,10.701961506218629,urban,14642,0,53.12260716184765,10.692158345057225
3479,48.5182938324862,7.02112920437927,rural,14370,101241,48.51743156958423,7.024009639985122
3480,48.99452706939891,10.515493330558591,rural,17217,122879,48.99981478859936,10.487053541099048
3481,49.14680080368839,9.478996914055973,urban,15315,142730,49.13471545697351,9.466922071925222
3482,54.011119922937255,9.992913494835376,rural,19323,0,54.0309737670993,9.986410853865143
3483,49.470114745694886,11.212383342983228,rural,2839,107655,49.48832573314349,11.205252834268157
3484,49.67702999402621,5.968386543856512,urban,15910,71813,49.67204772988976,5.967137423499516
3485,50.56613788118658,14.954937529587443,urban,16683,78216,50.55847029859843,14.959238213152288
3486,47.63465006749848,13.98462779555804,urban,3950,67254,47.62305639641724,13.988707933652618
3487,52.00776057612656,8.737474820196429,rural,16337,0,52.01724943603604,8.738684396547523
3488,51.312646811209966,13.648378196107783,urban,12217,107508,51.30339480240652,13.64599852585929
3489,49.89030438600756,14.171394402290318,rural,15880,105718,49.86609384666705,14.15685936805273
3490,54.65951023901441,9.325773518979087,urban,3893,105056,54.66269986075514,9.333939198419126
3491,47.67675785935595,10.79044085545601,urban,19126,104084,47.678041725664336,10.765514778824018
3492,52.47210324369912,7.027275491191924,urban,16068,0,52.47637114632835,7.020283112007387
3493,52.81935652169828,6.46557100645539,rural,9321,0,52.82387847385571,6.474056619357835
3494,53.87476641594776,8.45533265968663,urban,16465,0,53.87170191763388,8.471310816195324
3495,47.97792936033618,13.007797621350504,urban,17261,0,47.97691230125518,13.019384432272238
3496,53.73074523037911,8.068003176374507,urban,3314,111770,53.7251484650358,8.071287931847593
3497,47.44043650931979,14.657320080744784,urban,297,69441,47.43299973942268,14.651852542519018
3498,48.05870727921304,10.84630339119289,rural,19235,0,48.05142967827488,10.829875378378182
3499,48.12503616834537,10.412571276098385,urban,2231,101119,48.12190791787281,10.401474654215598
3500,49.07422584564104,7.463070663612834,urban,13118,0,49.079864114137294,7.482678707234917
3501,49.612307557326304,13.169854169619915,urban,17650,120006,49.62300941838628,13.174988783092855
3502,48.80504027652309,9.85847868858176,rural,18671,146704,48.80524516971952,9.849664762370017
3503,53.29873383394674,10.5411949922367,rural,9022,0,53.30472586467692,10.540243512172886
3504,50.4555272885803,6.898282288959711,rural,4605,0,50.45688262930837,6.892350102854607
3505,48.854427646951336,11.09640970274124,rural,8334,120865,48.85041078249752,11.100758780663028
3506,54.9668789316316,7.360363702262646,urban,13202,0,54.97176930033961,7.367972579282193
3507,48.04204760871125,7.96290210532767,urban,5441,0,48.03157591361702,7.971523668891639
3508,48.08343771401966,10.56426087774394,urban,11507,106884,48.08794364284817,10.559259007597513
3509,48.648523520298816,12.904269009954197,urban,7862,104317,48.6461540771427,12.900793246202433
3510,48.020607258010855,8.212650409196751,urban,4651,0,48.0048557003767,8.214385927815904
3511,52.25692136144029,12.476502537946686,urban,15656,0,52.24193137434594,12.458919111156373
3512,49.21245537316187,12.71146892150251,urban,10022,139221,49.20348906788729,12.695147356884828
3513,53.43099192711785,7.147235325992077,urban,10788,109101,53.42663452935746,7.1533433725834525
3514,53.77405737112085,12.030190215828965,rural,16494,144905,53.76180055489684,12.03578634465611
3515,48.39040914724018,8.95302784762778,rural,13571,119475,48.39406633976956,8.950603062688261
3516,51.630680692040464,12.333716243028572,urban,19887,131709,51.62159438111871,12.312990279776033
3517,53.10196194675075,11.03116148868598,urban,4906,120000,53.09347599071137,11.036290403894675
3518,47.79265951149603,8.82679273654487,rural,368,0,47.79383987891693,8.827412787392078
3519,52.331477959949936,14.284259619683247,rural,14958,0,52.33109928844686,14.275481019507282
3520,49.212415978162745,12.014866483811147,rural,19701,128876,49.21285813615597,12.01747662158623
3521,52.6359480044104,14.571711364833616,rural,14218,95499,52.64639729390786,14.554748771119169
3522,47.8235756986686,12.44449446042961,rural,9841,93489,47.82542604234255,12.443526561481796
3523,47.48064541237628,13.233863706075844,urban,780,62133,47.477502070480135,13.252197940958547
3524,52.82070845951871,8.13389808300363,urban,19734,120604,52.81069636560031,8.146040963015885
3525,49.026780601576334,7.867179679834413,rural,2444,0,49.037796212474056,7.8437952270969475
3526,47.46308613820524,5.877409553313956,urban,13147,0,47.46949824313421,5.866728889086027
3527,55.018816414888775,14.297018692410845,urban,5590,0,55.02956339847773,14.288868979137966
3528,47.54361291785791,11.417456213880993,rural,17434,0,47.54497232309775,11.419644731581585
3529,54.87048515849785,7.474440817327558,urban,15954,0,54.87766963942563,7.48508010386528
3530,54.510175167210186,12.858905873266592,rural,804,119924,54.52029859362579,12.879020386198432
3531,50.1771268987129,8.528849457466912,rural,7576,0,50.171068486670364,8.527838612694488
3532,47.60348496575004,14.083139004164185,rural,8069,0,47.58873068410185,14.074062316025302
3533,53.98530826018842,13.819556142269333,urban,11809,134142,53.97270792877545,13.8230091389902
3534,51.32135553777983,12.222534982279107,urban,9437,130859,51.33336718206965,12.23833543056317
3535,47.64750586068663,12.459055628816728,rural,7535,82011,47.62877711605862,12.467488340148527
3536,50.432774813461,6.1708896264460735,urban,331,69256,50.43167251781716,6.163115636496026
3537,47.35368957942993,11.666216506847126,rural,3308,61759,47.36440600390907,11.67396550549578
3538,54.959384329840425,10.147234188325736,urban,16315,0,54.947808710541366,10.139092238927391
3539,52.813284106102856,13.034425123901254,rural,8747,0,52.81842404145531,13.027626762557784
3540,54.701339172281656,13.521494175348396,urban,17325,121061,54.69352557149924,13.525181174780396
3541,53.08842045317438,13.681286762086078,urban,16656,136489,53.08820693942848,13.676542607318618
3542,48.04219150800217,13.361219736273274,urban,11788,0,48.04639322472292,13.362723234256364
3543,50.12899916795086,5.972820456871423,rural,18352,84973,50.13766298918169,5.971724644388319
3544,54.410687488041454,11.110853366052211,urban,19630,0,54.39270931871396,11.117393296879047
3545,55.00195224964627,14.11407455307849,urban,6822,74848,55.00699236716846,14.121312862764178
3546,48.10088498410808,7.260737924618176,urban,15723,0,48.097535997540966,7.266079253726117
3547,53.20380485884978,8.19983535993732,rural,15337,0,53.192359669681125,8.220888269453361
3548,53.41051841842805,13.486456797876096,rural,513,133256,53.39739135590966,13.483178116999168
3549,48.61326320083488,12.172691233532422,rural,14608,0,48.6446568596793,12.195235764564648
3550,52.62934031783317,12.851710446463718,rural,17868,0,52.64713208228489,12.864193168002547
3551,52.08689174438682,14.10395663799584,urban,13314,0,52.08866706922564,14.116441546700084
3552,53.014588210062,9.18265998130284,urban,1764,105328,53.01725026387564,9.172903831943716
3553,53.217632965086935,13.968873675789082,urban,6625,134183,53.22090351001266,13.978899499172352
3554,52.358895974454455,6.779345849201494,rural,14275,106219,52.36526464243842,6.777952153151423
3555,52.49736694971119,6.780684382016123,rural,8476,0,52.4933362729969,6.786298664754405
3556,52.55853353888168,11.4645769296278,rural,11219,0,52.56066128118724,11.468163855328092
3557,50.774718333734086,11.608427191854751,rural,10127,134412,50.75269623130362,11.626286490090134
3558,47.41469733591585,11.197312839470984,urban,5403,67873,47.41073227186656,11.1833150193486
3559,48.64063057137119,7.488439030705082,rural,4911,0,48.64207654866784,7.498745256936389
3560,53.54245875494174,7.770418305892753,rural,8501,0,53.533116195722734,7.753436662110795
3561,54.74372123767462,8.528041106182409,urban,14123,101018,54.73921744530394,8.540808382568503
3562,47.67853614420397,13.793678426741304,rural,12315,77400,47.67346031042588,13.77686033144976
3563,48.83694653615131,10.678649947780087,rural,15631,118170,48.84230664440992,10.670596083752928
3564,49.68051944677409,8.090467998660777,rural,908,0,49.6740952012446,8.091713591120111
3565,50.1021188833784,9.286448339625323,rural,13279,123589,50.12136579083917,9.276483656842116
3566,51.809706360589615,14.746635487374355,rural,324,0,51.80572185285063,14.761117027870476
3567,54.43385321149964,13.35008962851165,urban,6688,0,54.4402316923529,13.343604469705356
3568,50.71678565684015,7.83664238265903,urban,6779,0,50.7165002445618,7.82088696414018
3569,47.27661957881927,11.712344437717304,rural,3510,0,47.28887814808786,11.719438805461651
3570,49.74608015697994,10.029930293835868,urban,12924,0,49.74013655947928,10.03541515023444
3571,53.709754886498914,14.827595216705744,urban,10353,0,53.71497983894409,14.821347021291988
3572,50.13085632314352,8.697197725546925,urban,11647,131053,50.1318274693215,8.687224285716297
3573,49.07592713183825,6.935249699718054,rural,10103,0,49.08294481066351,6.93100630201944
3574,54.05611045029764,11.01472914000674,urban,13354,123574,54.06227292228198,11.01260331105144
3575,48.02112075519897,10.247746916641356,rural,19945,0,48.02193661049901,10.257510660079536
3576,47.894831634165975,7.31352964261548,urban,19897,0,47.89657996823048,7.305983475159825
3577,52.06745475667578,6.230074822761633,urban,11432,95856,52.066687359177294,6.238705055055566
3578,54.73113148705527,14.364409192065256,urban,9397,0,54.723345248511656,14.35602497821159
3579,54.86821868393595,11.30509466469364,rural,18555,101028,54.87168605203975,11.312203519760873
3580,52.14985431893863,13.398661078625008,rural,1540,0,52.1434224054772,13.391489711976964
3581,51.35285233970593,11.88701144295124,urban,10468,123309,51.36154672524487,11.89676234494824
3582,48.07995564316891,7.452825075544826,rural,5439,102027,48.07096924261339,7.456550664133767
3583,49.409699328534565,11.031334531012668,rural,3733,106352,49.40511074197839,11.032216091751266
3584,51.231284493485816,8.792266754880961,rural,13,112984,51.23915220004249,8.789351102026329
3585,51.8919890535035,9.356073843894425,urban,5061,97905,51.89267338527495,9.365014979932589
3586,52.96548616627444,9.39720423950746,rural,10967,117031,52.9589065612168,9.39919647642441
3587,49.03407977554855,13.779925566813766,urban,12985,0,49.01957828717117,13.778681848831573
3588,52.47774678041348,14.403270567126071,rural,15684,110589,52.47002657060983,14.4013741764662
3589,51.79667351050456,11.132177175060578,rural,18425,0,51.813018797884766,11.123961157210704
3590,53.142096092967606,7.474500531960309,rural,13028,0,53.13659985774921,7.488918780118747
3591,48.594841131580814,10.654627323067436,rural,4915,119744,48.58354319444041,10.651216142148868
3592,49.294279835288165,7.0665437226143695,urban,18236,107989,49.28985772863492,7.065344120962196
3593,47.68032559741936,11.068057586583231,rural,11958,0,47.690389685960064,11.08572219830426
3594,54.66290214856803,13.79259282845079,urban,11503,119696,54.66004710878654,13.779342723126058
3595,52.35228790188413,7.294174183789472,rural,2850,0,52.35782100148361,7.296952840694598
3596,53.34435013843767,9.5711250284847,urban,7149,0,53.35522222026604,9.559667178081408
3597,54.3161118029002,12.69382488410347,urban,559,0,54.32763094172393,12.68352040809214
3598,49.19884395773166,6.06253639255622,urban,16504,96498,49.21277912119575,6.0751688230529295
3599,54.79680437036078,13.986139054822374,rural,9584,112055,54.79820095348424,13.990323998936514
3600,47.88826449745645,11.649679308660932,urban,3798,0,47.87512016522438,11.6374100180229
3601,53.84738790697549,13.568114083238164,rural,16017,133532,53.84663498920135,13.58714690851645
3602,47.288291148222186,14.794460665313876,urban,9267,0,47.29163027412944,14.79424920536048
3603,51.12795344752421,8.54480570240684,urban,8764,0,51.138350307374346,8.528729409881189
3604,47.436320858750896,8.944193246886675,urban,18056,0,47.44279525851993,8.954158123639836
3605,50.12013894966323,8.980975967208725,rural,19443,130922,50.12083016970895,8.977840987657682
3606,52.72116780432931,6.317754543598774,rural,3901,95864,52.7245539983328,6.302437027656946
3607,52.89162415734077,14.305535802400504,rural,5093,0,52.87704349474806,14.287240053331782
3608,50.1689088415623,8.8754014913963,urban,6625,123058,50.18167827090244,8.86930807741919
3609,53.1477623542989,10.24450847386952,rural,2479,103883,53.15610199088099,10.231023709192565
3610,49.30330373578064,14.462307378016552,urban,19975,91010,49.31521923938822,14.463721012555933
3611,50.83521853609508,12.693537020394167,rural,10166,0,50.80690371875401,12.679317867599323
3612,48.65056587124635,12.147398485466166,rural,15200,0,48.64734513381469,12.147517867406584
3613,51.55729686190967,8.026497685616272,urban,12255,118560,51.562944492989736,8.026499078115492
3614,51.37064832200685,7.170099214641738,rural,17122,108893,51.35399456483013,7.159912356133769
3615,53.69261818191976,10.326600184204688,urban,8816,122855,53.69944474257085,10.325232152220694
3616,55.04982244537456,13.691835527243274,rural,19680,0,55.042643201359645,13.695996679164722
3617,48.05262939753806,12.282436801542008,urban,14312,98200,48.056357750762,12.275722989889816
3618,49.91520233378771,11.76918691954834,rural,9828,120788,49.9215127138806,11.758263292970003
3619,50.74350171594852,9.304808990389736,urban,1348,118812,50.75143839490312,9.312274979572107
3620,50.12426891059871,10.058528493994736,rural,8013,0,50.12251155111286,10.057112264213286
3621,51.29793720027653,8.955678502211686,rural,6199,0,51.29850380958959,8.942009079976335
3622,49.482526777708095,13.830452152334187,rural,10219,101452,49.4837171972355,13.833517200694946
3623,48.48641130489448,14.535209359234749,rural,16377,104579,48.476821470684605,14.533423525498227
3624,49.39352446105451,8.773995153994392,rural,5936,0,49.39662352615074,8.777569952007289
3625,48.09208821207037,6.9875644364281335,rural,16627,105202,48.09074390911179,6.988266364235317
3626,52.202302149791855,9.874435373303909,rural,866,114623,52.18583516379465,9.889550516631056
3627,47.38218613318049,14.911250185125908,urban,2910,0,47.38544688200885,14.907747578279212
3628,52.250643335020506,11.70081028777643,rural,5694,120366,52.24947741250774,11.691398462718638
3629,53.33959135385521,13.6348184132173,urban,16497,0,53.34684061312844,13.630211762515724
3630,54.37487565355759,11.36908502511915,urban,15381,0,54.37414418043987,11.341880815787922
3631,51.50220975376422,9.42481156577047,rural,5717,0,51.4930942011768,9.43699564757154
3632,53.74790538422276,10.904310483160163,rural,10502,118027,53.734583539874045,10.90586471511791
3633,49.75707401988527,12.595410305558776,rural,13049,122058,49.74703062830324,12.574614027016343
3634,49.67232111525263,11.771406987418423,urban,3343,110901,49.69124821387476,11.768816228350358
3635,54.57788198824975,12.638078916972498,rural,14863,0,54.56904040903155,12.63586798649816
3636,53.39565758066846,14.781679031239117,urban,19924,0,53.38327909278999,14.782872405875908
3637,51.902653247325134,11.55165178497061,urban,5533,0,51.90461715528497,11.557285748732712
3638,52.03969430986963,11.606565259870054,urban,12051,128169,52.040359930081145,11.604629173212455
3639,54.4440851729837,12.94356556613327,rural,12667,126297,54.42371737737682,12.944485133127646
3640,50.29523472331508,11.17231055898455,rural,4013,0,50.3129951833856,11.14233656776654
3641,48.79433131028404,13.977457558724662,urban,17439,102881,48.80355912256551,13.983261444892207
3642,52.03971743294811,12.961834077001376,rural,5517,0,52.03908637367081,12.967113003818382
3643,53.34575179276614,10.26366611517527,rural,1769,103771,53.35808308778544,10.27869110481367
3644,51.8894157345815,14.13701796875752,rural,3733,0,51.889243866117845,14.1539992884072
3645,49.18352597148525,6.304850235332706,rural,8982,106487,49.176083110717904,6.304276141461088
3646,54.75997206044727,10.384509265478757,urban,19367,110348,54.75953062277655,10.388612120802586
3647,49.42146981868257,6.961564508099485,urban,17486,113925,49.4352053606845,6.960096740752388
3648,48.4905051839194,7.499884132015,urban,5465,109160,48.501445387365735,7.484972553187745
3649,53.34121914485898,12.825995361266123,urban,4550,0,53.35932668514205,12.840496235524776
3650,50.517925489562,7.982777298965498,rural,1917,119850,50.53158064868621,7.9948297470912175
3651,50.47662888758459,12.612843695487545,urban,14912,113094,50.46514739286371,12.59228771120624
3652,48.62765604092952,11.2814695090226,urban,4542,0,48.62243186201341,11.278371382790004
3653,50.9583094914745,7.330161697829904,rural,15956,0,50.94643923772581,7.330297855961697
3654,50.18762148702582,9.167114292056388,urban,11985,0,50.17901180211554,9.19002949382327
3655,51.46325100610102,11.884891757883157,rural,5985,127718,51.46204725165512,11.887867961096408
3656,53.23045791448229,8.29894243800221,urban,12384,135932,53.232837650171305,8.306304931944549
3657,50.66007399482308,9.260201876120066,rural,4170,127479,50.65126415508744,9.257307427880727
3658,48.77874329897294,11.221372821773992,urban,17566,126049,48.788464238052505,11.230083813331577
3659,48.27451767299571,11.369819672093127,rural,15170,0,48.2592960257387,11.352743917721792
3660,52.70336432730077,12.555786860449462,urban,10343,0,52.7037399847846,12.548074159212735
3661,52.32603049550536,13.54096377396394,urban,11191,0,52.339701313732256,13.548792728747888
3662,49.63606132419898,7.250836464314631,urban,19770,0,49.65200274171413,7.25016085076463
3663,54.86783991724905,11.01533360285378,rural,1403,101288,54.86534385164392,11.01221398069769
3664,51.08493743726911,9.9179905350065,rural,7555,0,51.080392307161695,9.91769805390075
3665,51.858111174452304,13.346304918828576,urban,6840,0,51.866177240097166,13.3461054750107
3666,51.84442505707151,12.371063742806244,urban,7669,123571,51.84899753341954,12.36541139274128
3667,54.70357683556475,9.415151216102942,rural,14565,0,54.70756964058763,9.4241297588666
3668,49.99556761967588,8.756750210225348,urban,628,0,50.01725972679631,8.742025797899721
3669,53.43401903035198,14.152539880712755,rural,543,125873,53.44045696318883,14.144414150892256
3670,50.733572309856655,9.814097313379785,urban,4151,0,50.71624859910342,9.816205843387284
3671,48.10334187967623,10.002116769804154,urban,4751,0,48.08767359916043,9.998713174897196
3672,50.04075544708852,15.03553128893192,rural,11010,0,50.05138357220168,15.030360173076376
3673,51.69818111288883,13.18877813035312,rural,10534,111832,51.68616335409761,13.193177224186607
3674,51.24610260364355,7.95902365151129,urban,8273,0,51.26501353826925,7.957582385882189
3675,54.56633055307746,10.779639577106115,rural,6006,0,54.55675265235833,10.780041111150195
3676,49.53930051082726,11.169081587020427,urban,9893,0,49.54335101667368,11.161168496013188
3677,52.58599187210194,9.222785142771972,rural,19945,132730,52.58604940811927,9.235505754702771
3678,50.97003923331202,14.157802424322089,urban,18776,0,50.94373077503429,14.146928937332238
3679,54.25158190527837,14.41993835301184,urban,12567,0,54.25125007828903,14.407333496582446
3680,47.84903018593108,13.284010362283748,urban,18990,88523,47.86807017254198,13.287128990989252
3681,51.67719539429674,6.03557041656311,rural,10725,93474,51.687509687130536,6.039525775254957
3682,53.69101100052767,11.49030070030316,urban,12545,141848,53.68495768340872,11.489226746529589
3683,52.47617297910675,13.43457636663917,rural,16135,113149,52.46981363983876,13.431312664298256
3684,49.83783121251867,12.236944051192342,urban,16385,115829,49.85813374692796,12.2293546499785
3685,50.62815123933249,11.677505077602053,rural,7771,0,50.63422063681672,11.679515842889511
3686,50.4909431670872,13.29820938148211,urban,840,0,50.47659642965034,13.303720753116922
3687,50.59918439429784,12.478680029074098,urban,13479,0,50.58815325317976,12.479766382709736
3688,51.6842182851798,7.107193815084724,rural,2114,113664,51.67942513496882,7.113182892733226
3689,54.638000226086426,6.173569819562607,rural,13603,91715,54.63046061434136,6.184257881282074
3690,48.43606895750664,11.513051762957597,urban,16228,131851,48.4272478447495,11.512518421813748
3691,50.90604624227744,13.214327405512378,rural,323,0,50.91229621775857,13.234905973339185
3692,52.53965520171969,8.195429796048657,rural,2421,125316,52.55579989286444,8.204418964241025
3693,54.14154088828562,9.703573051659436,rural,6643,111246,54.12353644339935,9.703783914119716
3694,52.495416288845455,7.242925842783682,urban,1975,97589,52.5029774367277,7.241674609357054
3695,52.60683128122912,12.778041424433884,rural,17627,0,52.61622340060913,12.7698008045379
3696,47.49317438591666,14.59754850858444,rural,7389,69505,47.506112599903226,14.604325589661215
3697,53.647168886262605,14.85058307535663,rural,15686,105616,53.64705017215159,14.851917327873284
3698,49.69764964997783,7.314874801884423,rural,9387,0,49.68679100001932,7.300145405669382
3699,54.68798523690525,12.335614496184492,urban,15378,0,54.68375371653187,12.323130172783747
3700,51.43435861111091,14.498711678113722,rural,2848,87726,51.43965829525524,14.501827718174567
3701,53.00589295316399,11.432937409018642,urban,3702,133996,53.00089323627208,11.436423578811429
3702,52.75521585483323,7.839838050512927,rural,18500,0,52.74125359513221,7.848262649906998
3703,51.383445565819,7.986784460701392,urban,14711,118695,51.368361421088,7.999605631231817
3704,55.00381530408638,11.805942936451828,rural,3623,79137,55.01426383108255,11.831384436682582
3705,54.401401427672255,14.490698916899367,urban,1709,104065,54.41144916823725,14.499037145744692
3706,49.00135042488805,12.79750706394546,urban,4666,0,48.97635051403881,12.790771703595889
3707,49.86500827356335,14.445397409349328,rural,10470,101518,49.84906375088015,14.444612403748067
3708,51.04820085978969,6.459997244162511,rural,709,93879,51.05576719194698,6.452280285762052
3709,51.0986288383773,13.210159409631236,rural,12717,122133,51.10697901435264,13.215242657385526
3710,47.6565786333719,9.217120425635994,urban,5806,0,47.65311892418375,9.205094967430329
3711,49.16393282687663,7.385495418736058,rural,18176,0,49.16971273335114,7.409281315766226
3712,51.11721810299951,8.95813137876699,rural,7311,120669,51.114056710331134,8.96795935646003
3713,51.13505026607909,8.63179072421361,urban,13652,0,51.141341897818535,8.636520648172656
3714,49.01007211739012,6.212673254837008,rural,16356,88368,49.00583331985783,6.204991085517252
3715,52.35263511524607,10.73102618319913,urban,8436,0,52.36881080683207,10.728698456047514
3716,49.03836275443295,8.017819842686354,urban,2903,112619,49.037802994163016,8.028311847071711
3717,50.19579616190621,11.05181069229884,urban,16646,111834,50.19299212708146,11.057928742020763
3718,47.65586972033667,10.981545516364752,urban,7576,0,47.6422756974376,10.978944906538162
3719,48.77357002791004,7.323045857537727,urban,10846,108799,48.76807517202168,7.330420294069197
3720,51.42138507775033,9.69689394849126,urban,14215,125155,51.42536203620276,9.703110181839223
3721,48.92348021376825,9.155738682144296,urban,5608,0,48.93281624187787,9.16360828454915
3722,52.61662790528224,14.98425562354531,urban,2796,0,52.62185789530425,14.975759416905262
3723,54.54526099817164,5.916341231519656,rural,1508,0,54.54999957950571,5.906358497468709
3724,50.43729370141582,11.64647034221323,urban,8792,0,50.45336447724872,11.662727175318969
3725,50.489728772010416,13.233454202864008,rural,15031,123160,50.50819792115821,13.239711263308962
3726,53.66071724286535,6.300042194160603,urban,18244,0,53.67021291173028,6.274722520378539
3727,49.6620789885868,13.691143330235768,urban,17922,109491,49.63391262312167,13.69432478658866
3728,52.69102979742404,9.878235875022764,urban,6255,0,52.678512436188825,9.873876268966624
3729,51.05663690602063,9.35017979464127,rural,1213,0,51.05327796713715,9.356243414896149
3730,54.50958411129452,14.363030981963838,urban,14383,124248,54.52420512807636,14.380020339102416
3731,48.72147879302738,10.990448501444645,urban,8114,124371,48.719840749146826,11.003690609808402
3732,48.94759182416783,10.508102030094506,urban,12473,0,48.95445715145325,10.5117396575202
3733,53.757886087205776,12.337053069414535,urban,18295,0,53.75425488680197,12.34885667463296
3734,53.82048955883536,14.499313659813591,urban,4621,0,53.830232423320986,14.49892435581314
3735,50.34154482804922,12.669839305973298,rural,2318,110899,50.34436092771053,12.66298118123438
3736,53.668024348640856,14.552067829242036,urban,2926,0,53.68648844978527,14.567877971536818
3737,52.16999225616404,14.68027695686716,urban,1225,0,52.171271515125575,14.671483517157116
3738,54.758088314342345,14.974700113329398,urban,9628,0,54.77099058347512,14.982020771673168
3739,49.214346878809216,12.947206118513336,rural,10379,129072,49.22555790892049,12.938101056265696
3740,49.03547047394782,8.460025320552848,urban,19979,122092,49.03560155468556,8.48213594632571
3741,51.59341715033293,9.507738560993506,urban,4869,104354,51.606712061468855,9.508841971305982
3742,49.460727823447726,13.609035137590112,rural,18752,108028,49.45245820852068,13.607060017859371
3743,50.93686477206839,14.342446375663352,rural,9808,100219,50.94040236236616,14.335634048462763
3744,50.88352025494936,14.689730675808748,rural,17986,86571,50.88339902307032,14.705299177693796
3745,48.16126813633703,6.805059052976115,urban,4604,0,48.17262871147379,6.809580902759199
3746,48.91656495729491,12.643230677283128,rural,1560,0,48.91376358095365,12.641439597362732
3747,54.487792259644976,12.694544593066944,urban,10615,0,54.49930977703903,12.695826660917495
3748,53.9297967611379,7.991722318898969,urban,14252,115168,53.93881830984594,7.979648997688483
3749,50.05132501906222,9.696868354716678,urban,2150,0,50.06333707125684,9.699654014233223
3750,49.80684477123722,6.742848964731587,urban,3477,101978,49.77875127751323,6.728958551183755
3751,54.191495844756986,12.726553593942242,rural,13690,126239,54.19084515713456,12.729618710857483
3752,48.99779802689222,12.31885574306776,rural,4720,0,48.98731984586473,12.323632303221345
3753,47.37985583897963,12.366042853688397,rural,10784,73519,47.37034730715576,12.37563137146122
3754,52.977142354675046,13.123727790873184,rural,19220,0,52.96796742373937,13.129274054948963
3755,48.21481953399943,7.650940653399486,rural,19814,0,48.21200298831638,7.641288035225233
3756,53.24437243539502,13.692877447802744,rural,11711,0,53.23905288247185,13.68314047440644
3757,51.11115700826736,8.470711674341317,urban,2604,0,51.11117819948046,8.469510748490984
3758,51.26824226238949,7.491940596133606,rural,18848,0,51.27370993330852,7.492521058189629
3759,48.43527006046451,9.053306663357706,rural,7916,0,48.44373718260604,9.049383070215018
3760,49.38533971669226,7.942152399785511,urban,1368,0,49.37454851385076,7.930165026996438
3761,52.45164015406361,6.631738157846172,urban,3771,0,52.45335872914743,6.633384730142011
3762,51.368886535475966,14.566357185375526,rural,5119,0,51.38582360722535,14.56563165334536
3763,48.00685514233352,11.351967706812978,rural,17125,0,48.00119012945216,11.365627111091424
3764,52.20225975959184,10.891111292652624,urban,40,117986,52.20594310906522,10.866183864853024
3765,51.647349736907685,13.469201751301076,rural,11029,0,51.64858419856808,13.465122327130173
3766,49.16872991083198,10.873374703628045,rural,14454,121630,49.16098472207994,10.873596403364566
3767,48.17183284836564,6.179707526941376,rural,1818,0,48.18006482752914,6.196107192467909
3768,48.3877248111571,11.24994165008382,rural,3362,0,48.39050218045768,11.240655206236507
3769,54.27887877716579,8.02020814090103,rural,11783,101646,54.2830562759168,8.026091765142235
3770,47.47439472420603,14.66172303797032,urban,19755,0,47.47478854714653,14.649500321048324
3771,49.71073310874575,8.812224856917222,urban,8784,0,49.71950118342189,8.793055420300378
3772,48.69019612969956,12.556395861483107,rural,7029,116429,48.6935781017304,12.568676766535654
3773,51.67536364402529,8.837102801240032,rural,15270,119891,51.66391423989979,8.85267791887342
3774,55.08034761586615,14.012297665481915,urban,4159,65550,55.09046882786463,14.000815328064148
3775,52.62614796351372,10.287318324211912,rural,17581,126028,52.62031062256896,10.294059418306825
3776,52.43377010254285,8.249561250620479,rural,7625,117400,52.42614840546254,8.250526671993176
3777,50.98981295180664,12.357263886628,urban,14598,119708,50.99041678636028,12.377318116270182
3778,53.21409008242865,14.005755573646043,urban,6855,0,53.22564887354564,14.014485902647705
3779,50.14599143619684,10.112120939536712,rural,12384,0,50.13636700036132,10.113082750042391
3780,55.04218651549371,6.334575790668061,rural,741,0,55.04949238271988,6.327081827490689
3781,47.36866307920657,10.618453406689063,urban,19163,0,47.348897278282685,10.618679729896924
3782,52.53832793474751,9.139347004218395,urban,8771,127012,52.53842588384831,9.15439121970869
3783,50.069725366158565,14.359958815628302,urban,6964,0,50.07305481253387,14.362101383724768
3784,50.528776033027306,11.908620813916064,rural,2791,99978,50.52328234641127,11.910146791338928
3785,53.99628657472882,14.905654588448046,urban,15317,0,53.99239306427581,14.88722792612527
3786,47.79477305104166,6.979888518784825,urban,9091,0,47.81504566459861,6.979688099359693
3787,49.336784795405634,12.822044174974517,urban,15541,0,49.32749786925261,12.829736068458743
3788,52.28950505091856,7.4868664092068915,urban,712,126351,52.29316729967987,7.486705141379745
3789,52.208883120134864,11.61418337326504,urban,18551,0,52.20403400290969,11.619472108706638
3790,49.96352224788968,14.18007540016123,rural,7228,106561,49.97578233622679,14.174832784244268
3791,52.92909511083246,9.89467709160748,urban,17728,0,52.93067910620216,9.893364981259742
3792,52.73239716851546,13.467459102391231,rural,3596,0,52.73312195629117,13.475763431153418
3793,51.34205370911178,13.843690600438512,rural,2803,98794,51.34117997676056,13.846025192368684
3794,47.47226422931893,11.928287100595105,rural,13121,79693,47.49636567924762,11.932701685357818
3795,49.52276017527933,8.477809231197243,rural,9337,121111,49.526350024794176,8.49158586421825
3796,48.270447223429606,7.439453112698043,rural,8388,0,48.28526623073544,7.450050831519702
3797,47.38568102164299,10.08623554646208,rural,5040,0,47.35914305174036,10.07154877106891
3798,47.75488222611952,10.506210482161483,rural,2613,0,47.73727112048665,10.511662394252737
3799,50.90331372661255,10.11532279759297,urban,15721,0,50.92207339359637,10.12782710816818
3800,54.83381137199449,11.90240728836535,rural,4679,102138,54.830286681209294,11.896592114020573
3801,48.39947126134699,6.376491200252079,urban,10035,0,48.385946892515264,6.382540405064654
3802,52.01274201897887,8.696548595912256,rural,4712,114686,51.9972698254548,8.695818571008616
3803,53.88299326703205,7.231562857845345,urban,11769,109454,53.89515974432222,7.2437938423946
3804,52.98637099838149,14.427607942101032,urban,9888,104629,52.98449236880092,14.442256454868124
3805,52.71215602358807,10.92714862855535,rural,14832,0,52.70128351061968,10.929043630130275
3806,52.26127575020328,12.302262136823938,urban,8659,135584,52.26243639321274,12.303330975555026
3807,48.69855526894951,6.395802970093096,rural,4120,75190,48.700115308121084,6.391687870501118
3808,52.31036959332852,10.5550191776383,rural,14196,115825,52.29975868164633,10.557892730434068
3809,52.91493670737738,13.880267763121395,rural,5408,0,52.90803668359764,13.87286430046366
3810,51.26916355589204,14.258404088956151,rural,3800,0,51.25884470764982,14.241210465517112
3811,50.84935494999642,11.103355188626477,urban,15499,128039,50.85697341154709,11.099110703980305
3812,48.48063119742584,13.626315805117155,urban,15429,0,48.47766494369607,13.620797399696484
3813,48.22275586196839,9.465622130327342,urban,4972,115747,48.2309622057507,9.462670405294809
3814,51.3554446374444,8.899107460929029,rural,7045,118401,51.36337338538953,8.883232507556027
3815,54.27801535092812,12.935484406473565,rural,16045,0,54.27144600165754,12.921833904689008
3816,48.98678955091272,8.43135715099866,rural,18785,122743,48.99511755450268,8.443757303166022
3817,54.6439787545918,6.6224441390950926,rural,9116,104065,54.64259115812736,6.625799269120307
3818,53.244460419655695,8.12282939617076,rural,292,126050,53.24685897974456,8.122315315185064
3819,50.7996686046114,14.586690508105416,rural,19777,0,50.798619636939534,14.581213558907836
3820,49.648742276845816,13.9390707112422,rural,8099,98800,49.64093429232752,13.93844044175153
3821,53.42986798356838,14.247911049514522,rural,18394,136386,53.41676791359122,14.247084886531916
3822,53.34656752650374,6.497406630954503,rural,6548,111890,53.33874612150311,6.485754627801282
3823,51.15736959251857,10.180098508957514,rural,8202,128271,51.15831227291389,10.167001552329967
3824,50.5131643018938,12.988264094177126,rural,17082,0,50.51700198169628,13.00188837602874
3825,54.59293723941552,10.761671801725932,urban,18083,0,54.584990682313936,10.7646465566097
3826,53.96388107855582,14.17184002072389,rural,841,0,53.96098376397713,14.172637192832036
3827,52.05118349079073,11.795356765300726,urban,5420,0,52.04596641372502,11.79284399735808
3828,49.15024132288785,13.578215336778696,rural,16275,0,49.15168652402894,13.58969445320173
3829,49.86136990986856,10.484589762363434,urban,3901,108896,49.86903140111227,10.492154189974244
3830,52.53697817514559,8.473102620070767,urban,11627,0,52.52842347692186,8.46741738525352
3831,53.07200056575088,13.42324648878506,urban,4350,139082,53.07435141628682,13.41520906344492
3832,52.11035143257493,9.407650533757478,rural,15473,109034,52.11195270446159,9.420823689164832
3833,47.5958997739595,6.875949575186948,rural,19004,0,47.585714977528646,6.890341051391259
3834,54.18507626386022,9.792956860970168,urban,10464,0,54.17153272996967,9.797456947332988
3835,53.28801293143024,13.632518612971754,rural,11344,0,53.27750048002452,13.64383689636804
3836,47.31059148164715,14.418161726715114,rural,19174,0,47.29880709995858,14.40692182117153
3837,49.98031638491544,7.716552809709679,rural,17040,116401,49.97505989856487,7.720308829541267
3838,51.36844444566746,6.582719699953358,urban,6997,103542,51.34105173489856,6.566945816196776
3839,49.18177184100044,8.069443083677044,rural,15129,122057,49.17376273683487,8.050515691157777
3840,54.30315010117992,9.773771750343755,urban,9388,0,54.30488305540773,9.77578633124112
3841,48.953476806652965,7.669609420031692,urban,6553,128341,48.93564975302593,7.654315956160922
3842,49.57109919455812,11.368529368052208,rural,1154,109525,49.578048237681855,11.3608359397327
3843,48.21620569350846,7.300477955731405,urban,15255,118719,48.22817192215631,7.288754785076392
3844,54.14301763846688,14.846693364955549,rural,9553,85256,54.16171491923415,14.85176282841486
3845,54.30497871536188,12.766957031752554,rural,10324,0,54.30032778140162,12.775717504473477
3846,49.46435760129194,14.08158087834639,urban,14218,100388,49.45092755153598,14.07985021787728
3847,53.26516368083284,10.728628668300264,urban,5844,127210,53.268624943758695,10.732456244520847
3848,52.472982289142976,8.62490192332307,urban,16829,0,52.45822028465153,8.6264316986015
3849,47.54965345335498,12.616584081783069,urban,2816,0,47.55240838400216,12.62248587812705
3850,53.80004007740386,12.202452823232324,rural,17562,0,53.80971879716199,12.202286816153949
3851,47.47810564807417,10.786573303234931,urban,14331,0,47.48807256842637,10.785850746391112
3852,54.4760046338593,12.957498515730688,rural,11119,129033,54.469726148937845,12.944604115594885
3853,54.36852795598143,11.42408006122008,urban,2447,0,54.3862111107206,11.428425885571766
3854,49.15342088504854,10.283886281976924,rural,9932,128604,49.1575051130883,10.28038457002549
3855,47.61940313468274,10.952539213666435,rural,19470,0,47.62947620025741,10.949126934611591
3856,53.416582405844046,10.405503317925794,urban,8821,111023,53.42133730954692,10.40365627946941
3857,50.77018584792466,10.804597780774529,rural,5167,124977,50.78233555708805,10.801944130814432
3858,49.01230099337291,12.549618985629465,rural,18986,120756,49.02077063203348,12.540119420915708
3859,49.987911668607815,10.809819301301642,rural,8950,121086,49.9876117351702,10.811347451491867
3860,51.47750786859078,12.239757775448748,urban,19624,139307,51.47896682145919,12.23878408200652
3861,49.27782288879266,8.894801739319497,urban,8183,121122,49.26543219934682,8.898062592985125
3862,51.4119611409668,13.846770853391227,urban,14030,0,51.40372835792814,13.839655115130851
3863,53.84221261869408,9.440605671090935,rural,17059,123310,53.83460217629422,9.445187837345062
3864,54.34804726504895,8.433534151297149,urban,17408,111711,54.35532246313311,8.437837515833637
3865,54.08948049798549,6.423088678743612,rural,19171,115142,54.091797008816805,6.420323293718545
3866,49.99089719734902,13.077990651975115,urban,18945,125881,49.99604013237929,13.080570982888313
3867,54.16284611423043,7.261665348639842,urban,10632,120134,54.18277022818419,7.261109069157466
3868,53.69549293626085,13.488826003244448,urban,3111,130885,53.68747554952256,13.48469937485718
3869,52.228309316138734,12.1498908735928,urban,2610,0,52.22270790418404,12.13703030055546
3870,51.89866256293484,10.68479260775938,urban,8260,123219,51.904355794845344,10.692180813130513
3871,53.11781799665846,11.880746626288008,rural,19825,125329,53.106925587343184,11.888392636738374
3872,51.06544231914432,14.097956185792889,urban,8726,0,51.051154200788616,14.111967802836109
3873,54.28810877485121,6.782611348572484,urban,18331,120170,54.28888830517399,6.791295580850826
3874,47.928215228716624,6.110590422008975,rural,9465,73368,47.92942477288366,6.108252212192949
3875,52.15353134129511,6.608879516631623,urban,17646,101612,52.14860075331188,6.595791881128799
3876,53.1651932013708,7.790022949354226,urban,2898,116479,53.1753300445675,7.7872308730086415
3877,50.23991786679003,10.883042889531744,urban,11251,0,50.23480044065364,10.874863611091632
3878,50.89766836909413,12.37565125932358,urban,8578,117320,50.90380924788519,12.378843882570091
3879,53.116716773829765,14.91677457703178,rural,16977,86298,53.115578704006346,14.915261245605494
3880,54.423816301369904,5.98337815929669,urban,17858,84593,54.42351988059119,5.984925733896717
3881,49.29786013829818,14.89434480657266,rural,5232,74458,49.27788121769826,14.894382834835683
3882,52.02317567239088,9.781342462063996,urban,13706,130002,52.02530551397131,9.78004610300252
3883,51.03735633503061,7.600982796643292,urban,993,90920,51.04456654536831,7.599294144682974
3884,53.21480355385283,6.431348760619618,urban,15435,116481,53.23204334975187,6.425395357860745
3885,53.26734863042292,7.115030943337826,urban,19502,125530,53.27008357367405,7.120738203371645
3886,53.15376890226934,10.480963296361567,rural,11706,112817,53.15624669380762,10.494086922685884
3887,51.66216675181574,6.576833666876716,rural,6465,111910,51.67409155896904,6.588623626768345
3888,51.8467466868845,10.042241821340204,urban,4143,120752,51.84758214684499,10.050796042048413
3889,53.42035788613098,10.811231165310192,rural,10101,0,53.419676523373255,10.79555200830014
3890,54.36653681939312,12.714083002408785,urban,4468,0,54.36662257966356,12.70879044389014
3891,51.39186102079665,10.45267066574034,rural,13688,0,51.393474939841774,10.455876407140778
3892,52.62840887499331,12.265660309543886,urban,1208,0,52.62938210245871,12.269122681174332
3893,54.65378565968863,13.39384210020447,urban,11121,122685,54.654221443803976,13.38804975781988
3894,53.49735057276058,11.700320216354209,rural,58,124871,53.48790639386539,11.72340573847705
3895,54.26516890977824,13.138452532060192,urban,4604,0,54.272751223025416,13.13925806291549
3896,47.72478351144038,10.805873434261636,urban,13580,104475,47.71203687892915,10.818535119931084
3897,50.20787133955088,7.163432296528937,urban,1917,0,50.22723784409553,7.17690146441546
3898,47.34007964721522,5.88947537289176,rural,10137,0,47.34535679146316,5.908321532607577
3899,48.03073283925375,14.776168605404264,rural,7552,65694,48.01308090655298,14.778455577458706
3900,47.99408065167019,12.43176615222993,rural,2250,0,47.983636909655615,12.455229856685795
3901,50.51171333870036,7.027526794539111,urban,16367,97960,50.51851832628429,7.019333844286591
3902,54.81172156001657,10.235881013845288,rural,14769,107412,54.809781170216574,10.243551434495506
3903,53.14411013861037,8.189340174318879,urban,19962,0,53.15004352740044,8.172297590788915
3904,48.76832576833093,9.346440310076588,rural,10401,134804,48.76511510107687,9.352916846441694
3905,48.26592366706701,8.820901789991591,rural,3719,0,48.24749845663746,8.833155706950343
3906,53.24053289000221,12.39640840472347,urban,14939,121758,53.24475232864527,12.397940415564438
3907,47.745296372057965,14.993042655289576,rural,5539,56411,47.75243209265388,14.98529958287243
3908,51.65979344426341,8.711174235003515,rural,12391,125416,51.66494133834368,8.701764367580566
3909,48.188858349264486,14.484615545270506,rural,8072,0,48.20696022389488,14.456970390734073
3910,48.92418293148262,9.24535230098904,urban,9908,134161,48.92812076003983,9.2599442161648
3911,54.10717240472608,12.98374586319298,rural,11518,121608,54.11554351291826,12.988774039504968
3912,52.71078202756371,10.756109546035756,urban,6460,0,52.70547641059468,10.756116193177697
3913,53.85908919600142,9.019206756067362,rural,8346,129866,53.8625640814448,9.021351316529792
3914,52.00153446463472,11.581182247545858,urban,5290,0,51.9830969462031,11.58473495460706
3915,47.3248015754544,10.976089211214214,rural,13950,0,47.34062681292468,10.970693205417351
3916,53.21142292901799,14.326550978944288,urban,14883,129618,53.229504707752895,14.310290006226516
3917,49.23988014200506,10.470773734188583,urban,2482,117172,49.23958831260628,10.469173368416934
3918,52.07658393595355,10.593554594212565,urban,13510,0,52.06167807002693,10.599683407222512
3919,50.1581366226049,9.165373569783636,rural,2485,0,50.14656527868482,9.16906281097694
3920,51.52831649045243,11.290068595350132,rural,4798,138691,51.52419992007586,11.286431158148195
3921,48.28432817977373,10.58781436214923,urban,11718,104014,48.28478987013912,10.575919428065925
3922,48.06024158445563,14.03730366878336,urban,9541,85938,48.08740321009302,14.036975473554518
3923,52.9280318207234,8.068099689157622,urban,18333,0,52.92982777028996,8.059130838083908
3924,53.326176913979545,13.702287312970189,urban,8582,0,53.31103602364894,13.698688049696305
3925,51.81180428758564,10.841005301876564,rural,4797,141368,51.81067924209476,10.853748913468792
3926,48.9893362627892,13.161099282728216,rural,8636,100954,48.97408419332385,13.158382443480455
3927,49.06177035127193,7.654755913225091,rural,13386,126235,49.057567109826174,7.647484618025066
3928,54.266606254384754,14.986964791850353,rural,19299,87352,54.26763478574717,14.992234462410917
3929,52.30480936626527,9.45556260797277,urban,1985,0,52.304211354973305,9.45346420354316
3930,53.27398298558049,11.13429672735212,urban,11435,0,53.28407664282799,11.137065682867952
3931,48.872343573411385,11.362537343109365,rural,12531,121721,48.86169302302838,11.362344385900736
3932,52.5314559037088,9.06195686079518,urban,1848,119971,52.5232387080751,9.064587221432348
3933,54.0919308804794,8.257368128857584,rural,4608,0,54.09275371285163,8.252480347205223
3934,54.37589445564073,9.101338196950577,urban,4446,118472,54.3817881486962,9.097657805059212
3935,51.41331877485082,14.858998653042727,rural,18528,0,51.41928114967275,14.87859312544308
3936,47.884854138528986,8.54344007860061,urban,10495,0,47.88303527624211,8.529227231874524
3937,54.733168968565394,7.959795440878924,rural,10848,0,54.71076241099367,7.947442442018343
3938,48.4134367104562,10.500199057609908,urban,14602,0,48.41612673444656,10.50797651143677
3939,51.01620069252613,6.052777712109555,rural,16238,0,51.04113931589678,6.058432634750412
3940,51.26890732014056,14.559486851493382,urban,1748,83862,51.25376262707709,14.544137404828216
3941,50.476382561776944,14.656463100362531,rural,8191,80401,50.48745592670936,14.671583619208985
3942,54.249144141773,14.994961394330929,rural,10670,0,54.25783120419109,14.99551459951511
3943,54.80721648892294,12.152582023658344,rural,8828,102684,54.8242679774605,12.150069711045616
3944,54.32282972989333,6.268828360061506,urban,2454,0,54.32943557193408,6.267215742088751
3945,47.97699237786655,8.783947825612742,rural,14950,0,47.96392593139712,8.798249845694611
3946,51.25710910816677,11.119591696994206,rural,9674,131736,51.27330810851785,11.114118487361187
3947,49.92104856950664,8.003343554971138,rural,10569,0,49.91867875855719,7.996213858745135
3948,47.73489468434386,14.849261674872476,urban,17148,82069,47.73165178378247,14.848803237278377
3949,47.815457733301976,12.795403642511928,urban,13683,0,47.80464712549436,12.789907732639724
3950,53.79463338561016,14.682907920165134,rural,13373,104951,53.796604186160174,14.6887473744008
3951,51.8779976002395,14.147135166834584,urban,6066,0,51.871084930782665,14.15707814267947
3952,52.988762371733785,13.819863585287456,urban,987,113190,52.97298445861428,13.8197455767647
3953,53.1750231259038,8.228491851455887,urban,18683,141915,53.170413389679,8.265241783809426
3954,54.27743069408754,10.078984803686376,rural,16242,0,54.27750310276502,10.074337070320354
3955,47.97619064248222,7.036402790581638,urban,10964,101157,47.97973732601697,7.043525753620733
3956,48.36488983480223,6.640883960477195,urban,15945,0,48.36106638402372,6.627860050865753
3957,47.593962464926925,11.415482671478545,urban,7032,85630,47.59095122649885,11.433281274969197
3958,51.67466187514694,11.369028326096394,urban,13372,145631,51.68140663779728,11.35915193825357
3959,49.80403507296887,6.027982315223063,urban,16842,0,49.813068473350775,6.021078411790912
3960,47.798557674189645,9.409370017714313,rural,17384,120668,47.79742523206583,9.4084816979751
3961,47.53656854178353,13.32884616581315,urban,4411,76110,47.55736601095245,13.324627287641071
3962,51.20037620601022,8.272095463699259,urban,14483,130945,51.209500541893526,8.28697081608879
3963,52.633241381368414,6.52851607233008,rural,1804,0,52.64151130476922,6.535299523767459
3964,50.77842731949293,13.086827057154498,urban,7503,109669,50.78540906507481,13.074930579794234
3965,50.26884622334789,13.861052348557536,rural,15834,121001,50.26640576256183,13.849612383877451
3966,50.5895653050131,8.685214917871527,rural,19870,131987,50.58628271126644,8.682609253121052
3967,53.62178983525925,14.325554835665228,urban,18446,128814,53.63821631396348,14.308893388714642
3968,54.64522533645921,12.763321060285124,rural,17588,0,54.64185036134604,12.750959287694156
3969,48.46381202889985,11.452379972426066,rural,5070,0,48.45413457594794,11.447730217865494
3970,54.371263721745294,8.269391354474894,rural,4557,102692,54.37628444031636,8.268676508387157
3971,49.17882294736766,12.99375759708103,urban,11852,119373,49.169234094826,12.980881023135767
3972,53.94349192666441,11.438992735476155,urban,17388,0,53.95240488999004,11.445092704075517
3973,50.878750923941794,8.223160766746322,rural,16260,131445,50.8857177874654,8.211637140458864
3974,50.82648439563185,6.808961826634536,urban,9226,88310,50.82608177674453,6.810665388991682
3975,48.43160005759794,11.830185541752204,urban,13983,108587,48.42329863011147,11.831209075211175
3976,53.24679527611944,6.041549945739668,urban,15503,92371,53.24670225657236,6.053283651243105
3977,54.00186696928107,13.754963538732,urban,17431,0,54.01018586929986,13.777197985129632
3978,54.08343886470702,10.707679969734672,rural,12701,127456,54.078911161145164,10.705986240540051
3979,50.74654542523602,9.829683440773978,urban,11827,127612,50.750780876051536,9.831150096519682
3980,53.73979463488936,7.495864520049825,rural,3642,113891,53.72762557922626,7.492166698761003
3981,54.64948872252983,15.041239833865134,urban,13080,0,54.63439383751784,15.038689775306043
3982,52.93085466572789,6.848794050571686,urban,12343,0,52.92882567506435,6.834640769226478
3983,54.85466530173834,14.895883280390482,urban,12318,0,54.85307768651537,14.904080902875034
3984,53.86676714781035,7.884977468844484,rural,652,106966,53.86377201156411,7.883500949686675
3985,51.51583831031109,13.42561749759018,rural,19233,122289,51.520193366606016,13.423128418700834
3986,49.22957299149329,9.13173848523452,rural,13763,0,49.2276432326606,9.12127992353841
3987,49.25721888925543,7.623566677404487,urban,2638,0,49.2688604780992,7.631921137542094
3988,52.43970930741531,9.150138516805685,urban,2826,0,52.44387757458021,9.147919997152457
3989,51.83491840612524,11.358231567947737,urban,2881,131706,51.824710816086125,11.354734873103911
3990,52.01356374877889,8.987218085438979,urban,1978,98473,52.03103648517732,9.004998688851112
3991,51.28725681666637,14.3902762353623,rural,5399,84578,51.283488846048826,14.40185646043881
3992,49.82970083051161,14.0901588883082,urban,7730,105781,49.83462510706602,14.088445947309255
3993,50.76195574070295,8.184341607500922,urban,1336,117999,50.75605713507954,8.191258467000258
3994,53.32553148876501,7.403909690987199,rural,15330,0,53.31573182468006,7.416766459015045
3995,50.18622937250808,14.564498772632865,urban,9323,0,50.17511853033365,14.565814317756558
3996,54.399212011702176,13.358423999770254,rural,8074,0,54.399463321931385,13.358034516146128
3997,47.73595398633963,13.722083313622736,rural,1350,0,47.74514939732512,13.714488383386696
3998,51.00995271225327,8.170358173916913,urban,15300,126360,51.01606702169478,8.172390893736292
3999,52.85544065631435,6.578396120809624,rural,7932,99752,52.86267267402217,6.588762664255182
4000,51.54494466517858,12.453428944570966,urban,6371,0,51.55464460177605,12.469421652157246
4001,54.48212486165962,10.956616437487313,rural,18635,0,54.46705020695386,10.940426818837512
4002,49.40409747835736,14.370965907662823,rural,4497,85998,49.39354790185738,14.369135744473835
4003,49.04808756090986,12.91734949617976,rural,15570,120436,49.04705887077887,12.92324332844297
4004,50.89259949012063,13.314072605549178,rural,4356,0,50.91381081045853,13.304407353978569
4005,47.92976351146993,6.483701340199777,rural,10593,93202,47.93583913437855,6.48122212525913
4006,52.841282107546135,11.423954412077425,urban,6035,0,52.83390598475279,11.426573230484784
4007,54.06763931563775,12.224566102444982,rural,3391,0,54.0608989784703,12.230640429416486
4008,51.922428770826976,13.211402736750276,rural,14116,0,51.93888454651287,13.209582736960735
4009,51.16517524525817,10.829167074875762,urban,5542,0,51.16244572010543,10.83994178367589
4010,50.14969288687891,8.691508183954598,rural,3742,0,50.14850596750513,8.701302534435195
4011,54.56507385403198,6.250068988109881,urban,2199,0,54.56501235492112,6.255327820275121
4012,49.45083627912016,9.369753838840026,rural,4246,0,49.43680629145945,9.395327941657744
4013,54.99996158132917,11.401892650052538,urban,14831,82285,54.97463398196767,11.402695562445988
4014,49.529859919749,9.442749364182578,rural,8766,0,49.50500591835202,9.433470289556908
4015,54.617330689746765,6.673396283317349,rural,14905,108278,54.62071839277425,6.666466443692462
4016,49.74881107801289,6.347048325683286,urban,10712,0,49.74360753595058,6.3400490749776175
4017,53.867105359695096,8.491569923009918,rural,14525,0,53.868913333898746,8.487293957812938
4018,49.56316662945404,11.002754511352505,rural,9894,111290,49.54631271544145,11.000896648778053
4019,49.80327075751053,12.844326837410126,rural,16822,0,49.7943631700328,12.839607555875483
4020,53.14938324932946,13.956019315315752,rural,3485,0,53.146078345815546,13.948573470637283
4021,54.01175589439099,10.54837391083304,rural,10734,0,54.0032057700421,10.544803415797762
4022,53.387582104581874,6.220965414475312,urban,5558,97250,53.40668946046369,6.213317679584055
4023,52.80607841824399,13.96707492892426,rural,11187,0,52.81621977588512,13.956238947607302
4024,54.92244895682919,10.205092711812949,urban,11104,0,54.919057540156444,10.204049550393032
4025,54.06554675935079,7.089367146467371,urban,15265,125849,54.07538780993018,7.093241477823155
4026,52.01736002419868,14.32377066373935,urban,19529,107594,52.02414574023186,14.30753249151902
4027,48.01445505400742,11.485517791801213,urban,2331,99596,48.00909327208758,11.485816447783405
4028,54.86691951169622,7.150030888215545,urban,9884,0,54.86516289477329,7.147448176295437
4029,55.056141773073705,10.52252430847308,urban,1883,68295,55.05645860377146,10.511152658300167
4030,54.22329962371285,12.01669299677009,urban,19727,147954,54.215940229572645,12.012988070805246
4031,47.3066044148013,8.14566469469688,urban,8643,51427,47.28546789021775,8.130741596912499
4032,48.60924852294091,9.34120824250818,rural,16810,0,48.61226215877546,9.328213961667956
4033,50.46663218466744,12.608295389447708,rural,5759,0,50.46672857741896,12.604775958302698
4034,52.76698932503173,12.54518074435402,rural,3823,0,52.77217628398837,12.545551567117446
4035,53.291043461290215,11.760997442561251,rural,3106,116965,53.28358436853649,11.771298553917484
4036,50.570976985470345,13.385100057950943,urban,11366,0,50.571059973185605,13.37016182307973
4037,53.95970730452483,9.149755275180135,rural,2405,0,53.96008159235183,9.13938175792511
4038,53.46759200079765,9.141228413306228,urban,11916,109233,53.46311851049892,9.147706925166943
4039,53.68124240982609,6.639355067926935,urban,9424,107706,53.676358823264295,6.655314562555385
4040,54.30748795961737,13.46718690106859,urban,12475,0,54.30573198327117,13.46924814816231
4041,54.65643354771159,8.395085708743267,urban,10123,94899,54.65691370244975,8.37503285039561
4042,51.422461901425365,13.92548741369525,rural,13808,0,51.431700711434814,13.924468611981167
4043,51.09777247230031,13.912320811021194,rural,14171,103684,51.11203562573303,13.93132177046625
4044,53.500304982033285,9.862666688165966,rural,12669,124103,53.49962291959727,9.86069007058142
4045,51.47289249517687,14.42400431212378,rural,2341,87257,51.47441624317527,14.42115170198925
4046,48.88637279518099,6.99446780124965,urban,7664,0,48.88137213108666,7.0006008486581415
4047,50.57794403281037,9.939953964094151,urban,5456,113746,50.56580949510221,9.944294794856022
4048,48.47209651444261,8.02165380196087,rural,15528,0,48.46997912442406,8.023186848813033
4049,52.46442720240898,11.017119062040846,rural,7256,132946,52.47979252027917,11.007223769271585
4050,48.18440651462686,10.899863926148406,rural,15207,106483,48.181021414418495,10.899799240304112
4051,51.21187424594539,12.185081231470503,urban,7275,118835,51.22577836481176,12.185831443759415
4052,53.88707497143393,12.975348864590757,rural,9597,0,53.89610311245804,12.979293360663164
4053,54.70105959549491,13.02409582324652,urban,6125,122500,54.69296360142625,13.0279844743072
4054,51.2086771851908,14.493886657798749,urban,1085,0,51.189096148641,14.484817606779838
4055,54.497489201021935,13.581223517620614,rural,10884,118482,54.509219917862666,13.577888122967492
4056,47.65818072056592,8.7464744177507,urban,12467,90052,47.659480022389886,8.748754427140202
4057,49.92367345499626,8.855248378752762,urban,10866,0,49.92175519562628,8.857528025157015
4058,47.58542253900785,10.958969269936524,urban,2504,90652,47.57716004826258,10.9670677981921
4059,53.35589449005029,6.568606050009875,rural,15352,0,53.34645913978145,6.560614937152844
4060,54.94169656213605,6.746196387013799,rural,11711,71166,54.9473184449947,6.745161757530345
4061,50.32715561129533,11.41761389112763,rural,1928,110407,50.32438866874759,11.406269025348438
4062,50.186167108600806,6.701004707018662,urban,15806,97306,50.17758924886989,6.7038233353243815
4063,51.80072349221619,11.515745989455452,rural,6032,128271,51.79260037632814,11.510256617656198
4064,47.95517544552348,5.964464468566303,rural,6027,61771,47.95632709261203,5.973888734739585
4065,49.39402498556433,9.339175252977745,rural,17895,136289,49.41252258343863,9.32994626656428
4066,49.96705117274493,10.873061231990375,urban,158,0,49.9607546157492,10.891544630193469
4067,49.11090722123552,6.523660239477942,rural,3554,0,49.10167017298848,6.515642929523735
4068,49.267677117471926,9.701279436819984,urban,6317,0,49.265361681481,9.70320401122116
4069,48.08294827608008,6.519705787632119,urban,2268,0,48.08758361835313,6.524955733061005
4070,52.476041986937645,12.936997947601842,rural,2350,116479,52.464753785619166,12.930348933313615
4071,51.592699257422666,13.575162399543387,rural,5627,0,51.58502204289102,13.568077836152453
4072,49.66322098283692,12.174117953916292,rural,15927,0,49.66083293139883,12.167804174581576
4073,50.21060166532735,12.761111993061128,rural,13731,109690,50.21289139282222,12.767202943057937
4074,47.61049587808473,13.318572810311412,urban,15870,0,47.616891278784905,13.301274103403
4075,50.690518537204085,11.500233275900907,rural,17585,128982,50.68399149909742,11.491500561489566
4076,54.83513278044438,12.601064678627145,rural,17681,119991,54.83759165640725,12.595218748487246
4077,55.09879713692757,12.653151662878688,rural,7321,63643,55.10195598713732,12.675842276977924
4078,53.41487848339944,13.18353538826156,urban,18641,128639,53.41391816578983,13.186633515705903
4079,47.9259963013641,7.654931193130507,rural,3808,98067,47.92878029468649,7.6402423884528
4080,50.92967853329281,14.314219137305304,rural,13261,102576,50.9312988579494,14.315196236847065
4081,51.17806685576341,8.349952453058922,urban,865,128862,51.16818053030068,8.350907046686444
4082,52.299534225130856,7.486840167274888,rural,18867,124168,52.31503358490515,7.481611304001782
4083,54.58962696160083,12.339124809826876,rural,2330,130329,54.583425716832615,12.341953421473836
4084,49.46761680739037,14.643982405704026,rural,8404,0,49.48882794133599,14.644641807845918
4085,51.40885155353271,9.093606090371178,rural,6997,111990,51.42356663465649,9.10356086590398
4086,48.754723586582585,6.159710802017698,urban,4446,70480,48.75470005684743,6.15375319039664
4087,51.073860584913454,10.959342088120543,rural,15973,133397,51.070701657913,10.940966812558674
4088,53.482464317988615,11.093827163595474,urban,3889,0,53.46004753795182,11.099725747484054
4089,53.36343903589089,8.573390677487462,rural,17943,125151,53.36367600341353,8.567002066175828
4090,51.36841762502033,12.924987352193243,urban,12919,114441,51.35894598995898,12.921848453325971
4091,48.75016821787288,6.994993193807398,rural,8839,92761,48.75751125746601,6.999829265960518
4092,54.351844094267165,12.064852457257809,rural,9081,146570,54.33650188352101,12.07418369497469
4093,51.69946701234891,9.954443495617642,rural,12347,117021,51.68458292119798,9.95669978401148
4094,51.31233189188268,11.691771612181222,urban,16064,0,51.30529631685398,11.67906829882797
4095,52.829158623297936,14.651470236440652,rural,2023,0,52.80241416272846,14.646291724046137
4096,52.82935809312053,13.13924857775596,urban,5171,0,52.811382985381385,13.160718441525916
4097,49.950564919477145,6.64174019911958,urban,16848,0,49.95272256224917,6.644677859626207
4098,50.37729933891927,7.863641926554404,urban,5597,110140,50.3779487517079,7.870483589024113
4099,51.68415019530353,6.578121172600419,rural,9395,0,51.69061544102124,6.587320885627089
4100,50.170717484993474,8.992949713960538,urban,2917,122161,50.17757789205309,9.001629080419445
4101,54.94993047653335,6.333659914827489,urban,2371,0,54.95110079778131,6.343964345732466
4102,48.524365137931646,13.629977431011651,urban,14691,114905,48.50510301247039,13.640119343679634
4103,51.35448927628488,8.103968023612483,rural,15316,124084,51.36078457787481,8.122487089369542
4104,48.26943311602568,7.984051092299557,urban,2598,0,48.2686946083196,7.98211760430065
4105,51.44617039340254,14.066640660533183,rural,4633,0,51.45407149492522,14.067402716574898
4106,48.55950749532337,8.580866331516052,urban,8468,0,48.5467271794363,8.578128438161574
4107,51.54790781806605,10.16799816360326,urban,2299,0,51.55990791656428,10.15073086704895
4108,51.55074799735685,13.413507030404928,rural,14144,121884,51.54593610248014,13.402742681126028
4109,49.933245760277245,10.787408441717268,urban,16453,122655,49.92680900984404,10.776316376114188
4110,53.7228318927208,9.605641476783235,urban,17907,0,53.70175888942453,9.59381747515115
4111,49.28738648697996,6.597149357640463,rural,12904,107839,49.27917338929638,6.594228724458112
4112,52.85024679073904,11.062253630607657,rural,7694,136279,52.84776218637063,11.067997994571025
4113,50.01151655251654,12.686254180494627,rural,1722,0,50.01343146076052,12.692937065383122
4114,48.33486447520656,13.12567821369798,rural,11590,0,48.34982064369751,13.11530631558666
4115,54.49533306700268,6.988527307331942,rural,3658,0,54.49841827064907,6.979816159092037
4116,53.05177693423149,7.588002624112884,rural,7710,108716,53.04882564838167,7.5875583674091
4117,50.046340963318336,6.732221811126771,urban,542,0,50.05615676428478,6.723933160254168
4118,52.46032078791448,14.100200242594513,rural,17486,0,52.47376408624716,14.104806339755982
4119,53.991743985844906,14.690797676838551,rural,18132,0,53.98672392477276,14.686472954304998
4120,53.95964419222424,12.082778546107582,rural,5583,137446,53.96703389265736,12.08953209996594
4121,49.35178728023562,7.841958448014252,urban,16292,0,49.34312088868965,7.8445049735692
4122,50.530690563662496,9.413875470133313,rural,7475,121873,50.52668838546466,9.416881764278765
4123,53.76704317587604,6.193779168853501,urban,5825,0,53.75880772353416,6.182502035345789
4124,52.63232874836834,10.31663744529762,rural,3599,123337,52.63343127282194,10.32333853268233
4125,50.531123924725016,10.931433671835643,urban,15509,124081,50.539572989296296,10.922409829043414
4126,52.46939341411375,14.785773234820455,urban,1741,0,52.47661958139027,14.792101210311577
4127,50.35453954843606,9.022380920485809,rural,14186,128814,50.355200361128055,9.026370230748814
4128,48.56054951647771,12.34899794526103,rural,7649,0,48.5554807556909,12.36019661416141
4129,49.211581184331486,11.314505723008873,urban,14326,121079,49.20966529318111,11.316799857232128
4130,52.59585971934408,13.199472011749435,urban,12793,122041,52.60996099901577,13.208247114465124
4131,47.671698066792544,7.80015082202813,rural,8907,0,47.66789581093858,7.807226430026498
4132,51.68755256794515,13.875879804213517,urban,10194,0,51.68774701212314,13.90076369331324
4133,52.44378503270147,8.792129226747958,urban,8278,131469,52.43787657433673,8.793746440763437
4134,53.83702323588249,14.100799860944576,rural,8188,0,53.8574828590013,14.104898527852368
4135,50.92247438504708,7.297875349994069,urban,6415,0,50.92391380872962,7.27760798120661
4136,48.24423061239424,9.435324444747254,urban,5243,0,48.23637950960828,9.429652992411048
4137,50.24830222283676,13.12720840545847,rural,13113,123813,50.25252456411407,13.122720187892618
4138,53.43981743444296,12.093601990863167,urban,19035,0,53.442576477669085,12.102419491016606
4139,47.89675002560048,8.950887313438441,rural,8362,0,47.89230937762244,8.962004412459708
4140,50.17646341589626,5.936918345448547,rural,10426,0,50.18985444227396,5.935876988029233
4141,48.56021887609749,8.643816344024081,urban,16509,0,48.550727776210856,8.649482692440081
4142,49.711705527024826,11.91469247304418,urban,487,107076,49.69785225938096,11.903412397773698
4143,53.941337585137326,8.844765266420357,urban,3786,119623,53.93482949708025,8.85480911685357
4144,55.06705470539107,14.684455341648544,urban,473,0,55.06552311851656,14.703206029039167
4145,52.1734756988894,12.333366278510072,rural,11438,0,52.17010827010045,12.34586695707696
4146,50.28446318309502,14.93560486843823,rural,19025,77056,50.28541021498745,14.947033792716487
4147,50.91318285893187,13.80056201534888,rural,3616,94474,50.91782380421552,13.81088959937466
4148,52.6111949553277,6.311510269635078,rural,11493,0,52.61594471977224,6.31445720914168
4149,49.64962080327193,9.94756577891792,rural,16232,116618,49.64324709019788,9.954814351035344
4150,53.65242509031306,13.889832586158445,rural,13460,0,53.66065664688576,13.887673171135845
4151,52.19552172852653,10.111569576595564,urban,9226,113116,52.210726180676176,10.118088605215435
4152,48.71083732463684,9.72874402851485,rural,17704,0,48.68940721702786,9.741014442489467
4153,53.73617554291431,11.162650137854207,urban,774,114139,53.7210109857956,11.163827789630863
4154,48.63273082315977,9.86063061959988,urban,16567,0,48.63921944745066,9.854267359252116
4155,52.10631567261274,10.919558499529506,rural,18880,125901,52.105266154331474,10.915427820540216
4156,49.301853817226274,14.039009711582782,rural,5826,0,49.29014469375988,14.018491771396269
4157,49.19726962686725,14.16522483520783,urban,2031,98032,49.19903448668953,14.167518059548366
4158,54.75552938329464,6.989882653613675,urban,6725,0,54.7572674338349,6.975645747456192
4159,50.5336182492573,8.641622452961808,urban,8268,125846,50.548208260167705,8.647066792295197
4160,54.07500929947209,11.97401299809443,urban,4391,0,54.07677080316067,11.988356934734524
4161,47.915050966787724,11.56028480477294,rural,17751,105549,47.92067362287728,11.576205058480111
4162,51.16895371293274,12.954172837410006,urban,16179,135654,51.1568127374085,12.959356302193743
4163,51.04769115415677,9.003491994437823,rural,10931,0,51.04585857376991,8.985093990909382
4164,52.87475963560415,6.548581125976503,urban,8129,0,52.87750842148584,6.539822979650589
4165,52.74078173864745,11.420344686991132,urban,15381,0,52.74346876251503,11.437580902252265
4166,49.17900726429637,11.83384657735684,urban,8732,120646,49.185779110306655,11.822631082934704
4167,48.31658810372718,12.47887656277902,rural,11305,0,48.32752321143009,12.471275203095056
4168,54.33276977969793,7.599087352770255,urban,17415,0,54.32838624320829,7.586077212467223
4169,51.824339777822985,12.544934044377008,urban,14737,134868,51.83933105182207,12.540829988815748
4170,49.96060605642836,13.070594761281573,urban,3711,0,49.96246128139803,13.066528260997396
4171,48.38623640852192,12.650844810945989,rural,17153,0,48.38391107073231,12.658083406601705
4172,53.184234619537655,12.13817222537916,urban,7718,0,53.18428504746936,12.11332725604754
4173,49.829854028176136,8.090825840944008,urban,13456,118749,49.84798142535379,8.108675814848645
4174,49.44783370627206,8.546754582567884,rural,13185,0,49.443555712667326,8.564783492622187
4175,53.97154531462685,14.732711434972474,urban,16196,102225,53.98205930974302,14.747149381321467
4176,51.02856522889366,13.85657946726768,rural,7425,102451,51.031587781617546,13.852599170238074
4177,52.12208700753661,12.235521356089066,urban,9244,126673,52.11652466594136,12.210635799123654
4178,52.257668579171,14.609295690608992,urban,2661,94057,52.26732940094389,14.60015818622719
4179,52.5232873397007,14.625573322747858,rural,6987,0,52.53738994309953,14.62006673071008
4180,52.02396017808677,11.46185998648778,urban,2526,118220,52.03100186162288,11.458870473421907
4181,47.75525219111716,12.885957957039327,rural,3096,82590,47.75753656999824,12.881721075660202
4182,54.20887099871936,7.616885275718063,urban,16757,0,54.218566837773245,7.615849496367892
4183,54.3834668567269,7.454981850765343,urban,8977,0,54.364607046539376,7.445821583851777
4184,54.59642628910006,6.351983732810644,rural,6870,0,54.60691964859764,6.34663533532132
4185,51.7636261605568,14.20025417655943,urban,13212,106732,51.7457829586652,14.19301832884035
4186,50.42802252339864,10.789905612364317,rural,7720,0,50.42970639844536,10.80021599589537
4187,52.87026229067547,11.760463556707336,rural,13541,0,52.87075037034261,11.747409617908838
4188,49.28714359949736,10.268084440941184,rural,2390,0,49.28250033570279,10.263318276618971
4189,47.283584161557854,9.67974779786022,rural,2103,49498,47.26795768135503,9.6849945371702
4190,49.64435949234282,7.619458654113111,rural,3444,109179,49.6304153080398,7.623359929643982
4191,49.545619655688654,10.271659901732953,rural,6864,0,49.54860335332268,10.270975222753098
4192,54.65900792239366,12.209764222216084,rural,14789,134832,54.6494238895379,12.217334500949482
4193,48.30944798520775,6.2768617779211535,urban,12498,80386,48.31166715428714,6.287624180617578
4194,52.96182218372285,10.71968950105585,urban,4828,119827,52.96918475930386,10.714670645774405
4195,53.19680605010274,14.376211078657397,rural,14302,0,53.20329761011976,14.368098948041569
4196,51.15640917820453,8.163572964094769,urban,16756,0,51.15447422756611,8.180731230289402
4197,53.00871651384786,11.371736014502794,rural,9656,0,53.0106515768826,11.364077274606494
4198,49.20792235498635,8.306402976970524,rural,18492,122051,49.21766292057293,8.313058650437176
4199,52.07776831280777,11.12510767216818,urban,11762,123340,52.0684919074838,11.124377748783642
4200,50.40690670292857,7.950705095707307,urban,13850,116757,50.39130557305562,7.95190253959864
4201,54.120666841943866,9.87197233066324,urban,1359,106677,54.13339276459217,9.868907789329558
4202,47.67536348711768,7.5360650004690575,urban,18814,0,47.68495041761268,7.534741511843996
4203,47.71759441039154,11.728837291060357,urban,3840,0,47.727512439040886,11.72622034825296
4204,47.82745921758463,14.098864158028276,rural,6299,68179,47.81796683860832,14.094470778472177
4205,49.26151275514312,6.476677800924968,rural,13991,104769,49.27208583411776,6.488103438252945
4206,52.667308892437326,12.228391600493923,urban,15268,0,52.67560252859967,12.21837264106869
4207,47.52681039358446,7.599402983760076,urban,6828,0,47.53614478115012,7.607802252885057
4208,48.766300762607685,14.031020981621044,urban,1673,0,48.75641387896742,14.038265354437472
4209,54.53351271318418,12.40750047491405,rural,17274,139355,54.537579310124,12.408138868291164
4210,50.43853289583529,11.117744397511682,urban,11592,133598,50.44490796585732,11.143653888861074
4211,54.51972665591986,13.919907637227388,rural,16927,0,54.51666757240076,13.93272346651136
4212,52.6729967837241,10.513187225722294,urban,16781,129337,52.659339553965815,10.502623821756895
4213,54.56282253832456,15.003559377681691,rural,1773,68090,54.56168643596898,14.994717699255997
4214,51.21601644016934,13.404663798639342,rural,6382,0,51.19988111168276,13.412036763323307
4215,51.58922047232668,14.4834188165898,urban,13814,0,51.59748909297786,14.4747729491077
4216,51.87966904329641,8.617577896247077,rural,8756,0,51.88128968733169,8.628283525346866
4217,51.4783197228559,8.316199536106671,urban,4707,0,51.47938375603702,8.317064807925293
4218,53.33699815303022,10.889814536201712,rural,19032,0,53.338749743992885,10.89593457222319
4219,54.74615152848023,10.78631360136709,urban,18428,0,54.750647425777856,10.789032477947844
4220,48.04230597427197,14.253146042307346,urban,12217,0,48.04471250524045,14.24477019577537
4221,53.12993643370695,10.783494563694422,rural,2331,116127,53.126150595561946,10.763607100449155
4222,53.93739394451497,12.670204972407388,urban,9422,117848,53.92906207168085,12.652852895760422
4223,51.73354664846794,11.40850007849502,rural,9505,0,51.72608992756972,11.407999267749329
4224,51.24100240516531,10.097674068273252,urban,10191,0,51.24187981907357,10.095140048164636
4225,49.33185003925448,12.272526700409156,urban,18295,0,49.32123046861732,12.27291681920686
4226,51.73786014484919,10.839331494105096,rural,14178,0,51.739126973243245,10.82743545996648
4227,52.86511489680967,13.338361248913698,rural,15006,138010,52.85977562292314,13.34605409256697
4228,51.04086049395041,11.54500404056546,rural,1837,115614,51.05657858309932,11.54162955640768
4229,50.00481240003379,13.182228686653508,rural,18076,0,50.00535718372807,13.202309575372276
4230,50.60858899701566,10.673599149659482,urban,18545,0,50.595297450277,10.664948092215235
4231,52.02591683848847,11.828181565795797,rural,3327,121870,52.025493335569,11.8334219679705
4232,51.94003862482809,10.18427715951637,urban,10791,0,51.94432310813653,10.179036753309225
4233,50.02014994682308,9.046980630302937,urban,4156,0,50.0246167045763,9.055460561279624
4234,50.670134661286944,10.238579415993131,urban,14688,114507,50.66344653562915,10.248535711160102
4235,54.29133936102137,11.543047392091712,urban,2162,0,54.29879570430392,11.54150346881811
4236,49.63211226246584,12.514582521058475,rural,11229,0,49.6358675725669,12.496393692087276
4237,49.9348300441931,7.113436229551701,urban,14127,100327,49.939342964470136,7.115070497286147
4238,51.0770755789392,14.751195415046435,urban,12367,93935,51.07830216229758,14.762159814037084
4239,51.94275647482446,13.428895821225511,urban,5576,117000,51.92492131625717,13.42391294401433
4240,48.35181635738371,11.779705440808618,rural,13100,0,48.3646866553291,11.779153828270475
4241,50.68451217225753,13.73691183856323,rural,18396,0,50.68027594181349,13.737903399116442
4242,47.28634337230734,13.3850071294306,rural,9467,0,47.27405493878445,13.37321098871147
4243,47.55422100984469,7.76557405949085,urban,18998,0,47.54767095499287,7.764329458148579
4244,47.28649262695165,12.911872506312108,rural,2158,49379,47.273270688619846,12.912661442091292
4245,49.55786011451968,6.228908569006105,rural,8924,0,49.57095771355719,6.21741489286623
4246,52.628665174195774,10.577996935641709,urban,18475,0,52.63558387957293,10.595453082937649
4247,54.34314859442978,10.863580310066038,rural,10587,0,54.35118634084135,10.87413970503713
4248,50.38956602605378,7.909718817992467,urban,4155,0,50.379477334275606,7.927893346242897
4249,49.16684701825313,7.837596860193081,urban,13010,124743,49.15860790094592,7.855600412373676
4250,51.84637776720119,9.7494797887894,rural,9313,127827,51.86245974639407,9.764053628281063
4251,51.58865361390212,8.754666435020692,urban,127,0,51.58137477314739,8.75636935221572
4252,48.15347049293559,13.044399448430283,rural,8329,89659,48.16545866532912,13.063517269278126
4253,53.60378137057335,6.764273839056957,rural,6018,114587,53.60849380078398,6.761830991210408
4254,50.36585537453637,6.495049702569823,urban,18382,0,50.35796469986476,6.48953797593817
4255,53.845628952473376,7.533857584644179,rural,8332,112071,53.84305596727962,7.529495989875265
4256,52.74148779072445,7.055214330584391,rural,8452,100448,52.73130535263604,7.060958269835844
4257,52.81075398154449,9.460955962021252,rural,18604,123421,52.79852869629775,9.460275676467656
4258,47.71001713471603,11.573434608307547,rural,12693,100788,47.71596202887134,11.576840091912908
4259,48.8196287289561,9.138877446968996,urban,10605,133311,48.81012107957334,9.15594912850132
4260,50.18377697579672,5.960797890826036,rural,878,70482,50.19348121434243,5.941823812783212
4261,53.32388803162867,6.142008294738908,urban,7064,0,53.31231586757766,6.135379951201688
4262,48.78691290676531,11.085951537469152,rural,831,123543,48.77291103206595,11.09296811337776
4263,53.81646223620306,14.389757792895004,rural,7780,0,53.813909315294566,14.404381261537267
4264,54.19156581687979,7.992189108671438,urban,9919,0,54.17156318157405,7.998983136100637
4265,49.1830229418098,15.0052814020757,urban,19612,0,49.183299843753375,15.020173066446697
4266,49.08672378673533,8.737909317290027,urban,15762,0,49.08013871254622,8.749507610087997
4267,49.49761268754429,7.200491080246188,rural,15938,0,49.49655913577593,7.215410297806283
4268,51.447821771303104,6.6596064531022,rural,15694,120210,51.4581236640711,6.659083891243044
4269,54.79358716046339,12.264692843054522,urban,16916,117559,54.79364323467567,12.250932458945377
4270,47.28146817370285,13.724125887614402,rural,8563,55626,47.27491369872789,13.729428071302191
4271,53.52387718656247,8.382322216132533,rural,3227,0,53.526078853423485,8.356458812678575
4272,49.23700753922929,6.224159525398003,urban,16656,0,49.240785820254665,6.22478392387155
4273,49.089549981365,7.642679103477757,rural,17259,0,49.07764208882558,7.630204522401795
4274,52.77902811783069,14.925160540386646,rural,6648,77175,52.77551068035206,14.92177514436066
4275,52.19373350107639,14.25501702609293,rural,16343,0,52.19022225305538,14.255508421430791
4276,54.67232775242749,10.663610871710777,urban,14030,121251,54.65243429587954,10.656103721279433
4277,52.181315334678416,13.054947969679075,rural,15142,114665,52.195058464173584,13.053284895902804
4278,50.6623246773392,14.90715898872697,urban,5701,66858,50.65136879404041,14.899706815007296
4279,51.021023661152775,11.42394879113168,urban,16032,0,51.025508858593945,11.422164639159025
4280,50.1823519340145,13.547614786495934,rural,19236,116686,50.1823841095034,13.5768619136599
4281,53.04303243801949,10.192545932209534,rural,1788,102359,53.02720581315434,10.188581397436865
4282,50.029979362445054,11.694005693756155,rural,17692,0,50.01756655053099,11.702523588957533
4283,52.29487256798385,14.418957222403566,rural,8759,99132,52.29900307409449,14.437395906954304
4284,52.98491468105675,8.544514779259096,urban,17712,125857,52.9841927547531,8.544426958767744
4285,51.5554653613543,13.393861195238646,urban,8448,121984,51.54721586235961,13.40219586022197
4286,49.8224039959352,10.857631804151536,rural,10849,109746,49.820398492092814,10.87449666402432
4287,49.85802298274241,7.927157751691469,rural,8438,0,49.84543036618405,7.923491279288192
4288,47.32328610179652,7.358333565156256,urban,766,0,47.32017750781752,7.360728651191633
4289,50.07674175107088,6.357538204577361,urban,12593,96953,50.08352610324514,6.373533667661449
4290,52.12782242412887,10.448472850138153,rural,2790,109201,52.13327991173895,10.455850492088809
4291,54.95542697648889,10.593393504419083,rural,4783,0,54.95992034673818,10.583212099549442
4292,52.8755541922342,10.128515773637789,urban,953,105799,52.86842627990739,10.127984936903005
4293,48.87766700842336,14.702217630752132,rural,19443,0,48.87153747144872,14.703754744196802
4294,51.16751024999244,13.523889430422887,urban,9718,0,51.160736763987934,13.525112751184295
4295,54.01401130235814,12.574456266014868,urban,3505,114959,54.01738561448543,12.564236660843791
4296,48.762779499625765,14.603650416199452,rural,18682,96963,48.7625918107382,14.608286249123646
4297,54.25314968462666,9.5303331554334,urban,19269,121829,54.25101843859673,9.53670647652716
4298,50.31975599965472,9.076596915042632,rural,5713,0,50.32336088522851,9.078641477646029
4299,49.57297934182179,7.584949162534984,rural,1025,0,49.584374785862,7.601656739214924
4300,49.34129259303884,13.170567321619489,urban,2909,0,49.361902117961165,13.156477840589874
4301,49.405586341893056,8.616443650471094,urban,6303,117604,49.40237499440048,8.608855961508945
4302,55.024195426706896,12.610077118787617,urban,12612,80929,55.0174568652901,12.605876528289016
4303,50.868875937264754,9.285822665691818,rural,8148,113150,50.88380904119988,9.29337348309249
4304,49.26607688376484,11.600311698976627,rural,11535,0,49.26270265143008,11.588329323415042
4305,51.23571885492452,7.608793692833094,urban,5783,0,51.25988001155941,7.609762970396225
4306,51.55229514661991,14.249452269824516,urban,7555,0,51.55372816015167,14.25088313897291
4307,49.61380267271825,8.039405738323968,urban,14023,136337,49.61302407253565,8.03351860641805
4308,52.04585094315644,6.0954104725572895,rural,10604,0,52.04076349266739,6.099429322551249
4309,48.34340105217721,10.861153144816868,rural,772,0,48.34738733656248,10.86156649203543
4310,47.74030431281865,13.176082614462745,urban,6056,0,47.75987823538852,13.186197045623118
4311,53.35818847315921,14.64530204515754,urban,1721,0,53.35732076802439,14.63031273063025
4312,54.16762417827661,13.861839375242576,urban,4855,0,54.17477816354171,13.8469552421867
4313,54.2026124095929,11.62081132175392,rural,2441,133539,54.21564606022472,11.625023468584924
4314,47.59884982400293,7.295366839357667,urban,1133,77417,47.58623644649958,7.289837338875945
4315,48.857551375681325,11.66662774621366,urban,16050,0,48.87476091857713,11.665011784822818
4316,51.69897953868403,10.382274855468753,urban,15266,134182,51.68675581669417,10.379071399124223
4317,51.67532369759561,5.962181164633764,rural,16202,0,51.67033078257942,5.947428652844677
4318,49.70566512967437,7.235341186089163,urban,3218,105513,49.69740083800231,7.214373859206016
4319,52.45039714372983,8.783774889193179,rural,12680,0,52.460066935652094,8.791646314826133
4320,54.65461578938545,8.7852417032597,urban,16436,109224,54.65238785487805,8.798290507248238
4321,51.88426058603829,7.979779813430225,urban,11498,0,51.883934113952265,7.9750144430630865
4322,47.7175283417111,9.04624170637453,urban,19982,96962,47.71362941982491,9.051276020528183
4323,48.03490640261622,9.205591193238932,urban,10954,110713,48.04883478729115,9.23163650288061
4324,50.43718279408869,9.123769972420504,urban,11205,131191,50.44499948524631,9.120191294546178
4325,53.165416131007646,8.164744179825687,rural,15029,0,53.17821740084355,8.167858424159975
4326,49.44594370614338,13.16998701711241,rural,15967,111676,49.42720191861529,13.170315478164143
4327,48.8840783904912,7.273640366815169,urban,430,94481,48.8910724577545,7.275331987050015
4328,51.77234981396182,6.142441294427079,rural,17985,93078,51.76046280308267,6.142233878373994
4329,51.81874300553472,9.888449673219185,urban,15326,0,51.819654121493386,9.892730173937643
4330,49.20962612906568,10.05856321087963,urban,3408,0,49.19358871092572,10.057147253246155
4331,50.02269907511402,7.145032192183348,urban,2886,0,50.02080399532304,7.159198608683546
4332,51.58940928313134,6.289798583214051,rural,13876,0,51.59699169463583,6.30265141959183
4333,53.62562758548417,11.40331066429946,rural,13354,0,53.63101907834213,11.406076499162843
4334,54.27531111092161,13.630724095429574,rural,9615,0,54.2834391247133,13.635712181745092
4335,54.02180756197336,14.880550232624907,rural,18887,0,54.01697506034592,14.888816322992223
4336,50.35877889348489,13.25814985769746,urban,1518,113121,50.35553189999335,13.252328321422622
4337,48.97546712413834,6.631120570086674,urban,1615,90982,48.96563953710532,6.627315421658927
4338,54.55495812035332,12.967000109725138,urban,14782,126059,54.549375921168114,12.98385270566154
4339,51.45408837924589,15.020359526659622,rural,16243,0,51.44645238151232,15.00836134485135
4340,54.966331097039856,10.91909520837017,rural,11786,0,54.97031046237496,10.926741477927283
4341,48.77233389571273,10.482007395170683,rural,17427,0,48.75877742086397,10.490510489933346
4342,48.67944748344412,10.661694200673288,rural,15543,0,48.67432502121432,10.670389337858785
4343,52.41943442884387,11.25055553468858,rural,1791,0,52.42741794006998,11.255582560845008
4344,52.21655728581112,6.1921537029544815,urban,17262,0,52.20693081877,6.197032429736295
4345,49.67112989651846,8.141987680581915,rural,17002,127089,49.656314992125104,8.140990632395315
4346,48.72134831704098,12.590205566187256,urban,6689,117106,48.7174376216344,12.587510383358143
4347,55.09222337087278,10.344664817938291,urban,15214,0,55.080801644710704,10.35604025310698
4348,54.67340562770508,10.178924885739292,rural,2995,110830,54.69257220810957,10.171093575018682
4349,50.653829941430416,7.987865489880953,urban,15206,138303,50.64706789714175,7.98734950574042
4350,55.01985589066957,11.868768810223791,urban,7763,76964,55.02355470564017,11.870511427260936
4351,47.77186548955057,8.05692838747263,urban,14139,0,47.75217663240255,8.040737106107494
4352,51.40355154525241,6.2104108933888345,rural,10548,87436,51.418332724212206,6.198164495720892
4353,54.72538842003024,14.649008209349107,rural,18111,83465,54.7494536905427,14.671420609205144
4354,53.00044399910932,13.388661212165504,urban,15707,0,52.998813462072384,13.37901646918604
4355,48.06911103805641,13.717374925522122,urban,4885,0,48.05285739375018,13.727805853971187
4356,48.66853085252496,14.213228579386524,rural,12723,100899,48.66226219064953,14.2249839157749
4357,52.19611743715184,13.541735047705473,rural,4539,106763,52.19189356156375,13.528980779938315
4358,47.544107195545735,6.421094424014789,urban,14878,72120,47.54724707000885,6.419986140288659
4359,48.07851187894742,13.82429228048513,rural,16895,104356,48.08468835787996,13.826144645818449
4360,53.68408070504415,7.587187032899805,rural,3774,111342,53.65868400745075,7.589742867543388
4361,49.390189225540006,10.581015579182743,urban,14401,0,49.39177421997822,10.578259688204817
4362,51.44700739058788,13.89595171824261,rural,12014,106720,51.440170804467606,13.885041387641303
4363,53.47819052526029,9.373709173435024,rural,1897,104419,53.48910665098777,9.392931521250896
4364,48.20153100235333,11.438288607417476,urban,16918,0,48.20582652488429,11.443521428234575
4365,50.60751102790927,6.037433790549364,rural,18455,76235,50.62541241290649,6.041459235617404
4366,51.82898047610795,10.418425426033798,rural,17778,134144,51.83247724393341,10.424349474539689
4367,47.33516458191964,8.476684550325585,urban,18935,62820,47.32275746323582,8.465021838660002
4368,51.40919597186574,9.253288119127948,rural,13402,0,51.40475440090099,9.27041374417279
4369,53.88569511914619,13.765063530179985,rural,3993,127346,53.89424053795386,13.78109288374215
4370,48.77820115818309,6.215198383677971,urban,9711,77186,48.7920709129898,6.212306221818921
4371,54.94053315198445,6.219779110395556,rural,6503,0,54.95018796497507,6.217202721179439
4372,54.60885520457592,12.052028338311782,rural,19029,0,54.60067755878942,12.067801905497284
4373,49.68310993017071,12.807068538861705,urban,1179,116984,49.67625034586383,12.810320966778706
4374,49.49552930540784,12.371438082668693,rural,2829,0,49.50515658090737,12.400738076312797
4375,53.93982396053703,9.90961638643842,rural,16096,124107,53.94861545008414,9.91326294455886
4376,48.59350674751493,10.700252420989022,rural,2502,0,48.59466285378053,10.697980019715562
4377,55.06992483114192,9.228803829586075,urban,8965,0,55.07811704493388,9.21746717998606
4378,53.609376000183374,12.580683005756262,rural,3651,115572,53.6170100071158,12.584165708951865
4379,53.35174993858568,9.26650281698014,rural,13246,0,53.35038172218141,9.270499029237468
4380,49.53603621868702,13.286682333453673,urban,6128,111044,49.5201152470657,13.284544730007743
4381,53.55881981622508,11.584175569422085,rural,10865,131775,53.563366582996935,11.609749033110234
4382,54.92308932425711,7.05204201359027,rural,11490,0,54.92867607499316,7.039614847109314
4383,52.06327352553738,6.400707845182594,urban,13146,0,52.07313263038147,6.396396405000351
4384,54.285171313235765,8.838746313839783,rural,8356,0,54.282397088228514,8.82919721228227
4385,53.25557774666976,7.446887008020004,rural,8031,125878,53.25559976048512,7.448563283190828
4386,53.650046569021,11.604625247349038,urban,297,136721,53.651281909408524,11.604570599078404
4387,49.41085105635701,6.27165910702737,rural,9068,0,49.41099878122718,6.275389514396575
4388,54.694641106337215,14.16409354709153,rural,638,120386,54.69302582001238,14.164750485616084
4389,52.5606002772577,13.069977337128773,urban,14351,0,52.58472293440305,13.065041876872002
4390,54.14301080197975,14.997823122201009,rural,7812,0,54.16196896212408,14.995889389239927
4391,48.645047565638414,11.39114937149242,rural,19815,132964,48.652117185371246,11.39357560495845
4392,51.73951632573414,13.952766495999162,rural,18255,116633,51.74431594206333,13.964921556066216
4393,50.44098331254917,5.933816519205641,urban,19378,0,50.438812702842434,5.9386668205456274
4394,52.09380432444792,12.926942052277887,urban,18941,0,52.0877408384237,12.923773480853548
4395,50.54623832131793,12.799786865974012,urban,5317,113566,50.54078763626477,12.792819469700872
4396,48.92095794803626,9.632924515352268,rural,12880,147432,48.91318306044953,9.641813990797782
4397,54.42193275200128,13.914667447164335,rural,8911,0,54.41324135486131,13.908969628394708
4398,51.90550992241119,9.759494154263813,urban,5288,133412,51.91222529545429,9.757923536947487
4399,53.08211287946726,6.453201366892354,rural,6063,102162,53.08709241108595,6.446803295760755
4400,51.154015138188704,13.220398641593356,rural,18203,0,51.156407428859,13.21279666145191
4401,54.02413098478607,12.94931548418282,urban,4404,0,54.03227823944887,12.96573239568727
4402,50.08731242147704,10.4378941737447,rural,9365,119697,50.08334288648214,10.436441169837314
4403,54.691032823542365,13.29437758149614,urban,19950,0,54.69081151269465,13.28912937885774
4404,49.824546887233566,14.803529887298026,urban,14603,86706,49.82558414521781,14.79644449366338
4405,52.33424779948035,7.539466144361281,rural,9324,117987,52.319863289012005,7.547571010807813
4406,49.19007674951117,11.162008536521611,urban,10859,115186,49.1889728774206,11.138438440261504
4407,53.9039772994095,8.083664556149678,urban,15521,0,53.893009279415786,8.08567113907099
4408,53.83561200753369,6.92825925191176,rural,6064,105672,53.85772488745114,6.936368327375472
4409,52.47440094909808,12.630216809474508,rural,18158,0,52.4882472082006,12.652837843222713
4410,48.365417171050936,10.498650283074667,urban,8966,0,48.354391163814455,10.506634994933698
4411,49.94108664452436,12.404580010503384,rural,3128,105948,49.938641584571165,12.400921737588789
4412,53.84833106361254,11.740494379479331,urban,17477,0,53.85738205090773,11.7482775832659
4413,50.104291654380205,14.187573270645911,urban,12622,115655,50.11819645199285,14.200858528966211
4414,49.697664072031365,14.790457088931944,urban,14941,0,49.68836707719795,14.797302547979184
4415,53.61132286340023,11.825377415658089,urban,15404,0,53.60944660339658,11.832766727694883
4416,48.68615065203348,6.968527640433327,urban,12341,95485,48.697247397972085,6.969949917276334
4417,53.98873478169443,11.772599447591851,rural,16546,149277,54.0021941142558,11.77434471003972
4418,54.86918650674821,9.941450776718767,rural,15993,104052,54.88028373202944,9.943047467096854
4419,50.40403899563643,6.054334574157409,rural,15973,77620,50.40507164327939,6.052630260616302
4420,54.99759414295768,7.841389635430868,urban,11410,0,54.98271630882128,7.841850148710852
4421,48.214536765682105,6.1499895536566935,urban,2916,0,48.19732723525416,6.141779549781107
4422,51.429379884599456,6.261548383239346,rural,5795,0,51.41122561991602,6.284970447038445
4423,48.66790245160814,9.337631015694612,urban,19380,132920,48.686677661609245,9.3357685748244
4424,47.74576539105487,7.424816221641448,rural,4907,0,47.74153257499122,7.414421043480526
4425,51.40271728764412,12.14815636471769,rural,15511,138434,51.399702724895874,12.137739713627935
4426,52.2697168804511,8.987519438088711,urban,4487,0,52.26807415356185,8.989099240984842
4427,48.73091476103544,11.121234848465384,urban,9884,0,48.73363250013,11.11923539757219
4428,50.30824130989073,7.161161131055815,rural,17158,0,50.32460840507183,7.154892313998243
4429,49.14316431178948,9.420410517388614,rural,17050,137977,49.15853579226557,9.4190721400672
4430,51.84366232306069,11.002334394013255,urban,13149,0,51.84040311259332,10.983016314983542
4431,50.27098009592392,9.974536825676424,rural,10718,117369,50.2746764216777,9.978163209442908
4432,48.75296752120863,7.097980054164713,rural,4106,91596,48.75316866439287,7.117398370060059
4433,54.94567243631733,11.676914984123066,rural,15481,0,54.94498810950901,11.676807542105086
4434,51.78129023217255,13.237279155541128,rural,9760,121406,51.7853523318875,13.23209944314983
4435,55.08450779884489,7.632516542316214,urban,15006,69415,55.07507273547132,7.612819786538642
4436,53.78471252625194,12.785720446790052,rural,17871,0,53.79458901678017,12.786869602718149
4437,52.2490266545595,11.107064584512791,rural,11611,0,52.23701708292203,11.100721997110202
4438,50.08319666001532,14.706648809595016,urban,8965,79572,50.06900627164365,14.724801427935017
4439,49.47653869478476,7.210706438137726,urban,6438,110606,49.47392288068078,7.215064486829451
4440,53.67323801925659,6.338332500128517,rural,12451,0,53.673306599120345,6.349175683107903
4441,52.61015561070422,9.492408961452718,rural,10702,123991,52.6121943599747,9.489994641352515
4442,49.49550966809018,11.480913066029828,rural,9673,113182,49.48849395944174,11.494076523934876
4443,52.49003249977599,6.228805504827335,rural,16856,99525,52.48524170182327,6.244914773551084
4444,53.58190450267177,9.257402542380142,urban,3281,0,53.58211559462626,9.242978202936875
4445,49.63151881196777,7.242953282317054,urban,3010,0,49.62730056624682,7.247197065793729
4446,48.07899778365438,12.512939495529896,rural,19977,106571,48.08199314539039,12.506206928621944
4447,54.87392795861913,13.68134768891764,urban,17315,0,54.88366590111857,13.680249066248743
4448,47.52378678444372,12.447571123782918,urban,16475,0,47.52334846542707,12.44419936860035
4449,52.870087200582496,10.587302569049918,rural,5720,114063,52.878116004648646,10.579101180047184
4450,53.59394165933681,8.821464022612732,urban,5155,109174,53.610119174461104,8.830851424982137
4451,49.93193881134757,14.94920610980516,urban,7016,71344,49.94723568178456,14.946040749663489
4452,49.32281436258353,6.093114796490267,rural,2310,0,49.32088344224987,6.080300284039033
4453,53.69591845411173,7.896805499989666,rural,5165,120375,53.69977376782907,7.895622815420378
4454,51.822054733330965,11.399527616221302,rural,10420,131309,51.832641457226906,11.391442852728687
4455,50.78642800763703,9.25509984447442,rural,14265,0,50.79595052095023,9.232677305837251
4456,47.72470800724767,6.511138485859444,urban,6704,74190,47.74323868433488,6.519327211876775
4457,54.20299124049493,11.70252747936972,urban,16767,0,54.19845820133178,11.694140654184224
4458,51.50260599099239,7.139179790777639,urban,19227,0,51.50029493411024,7.153365213581676
4459,52.28692576024493,9.534624379198045,urban,7092,0,52.28534359479853,9.53464577480128
4460,53.982999335465855,13.960053298895142,urban,17856,119782,53.997854398474935,13.961660445620804
4461,50.91747788610967,14.799387261875316,urban,6579,0,50.91396818107628,14.80248249749298
4462,51.41183829351887,13.250823269270017,urban,4535,102784,51.42698506516481,13.24566363245294
4463,53.47141088268985,8.526537425262145,urban,10237,0,53.47259542995412,8.537159374792129
4464,51.62269445116702,14.715472458077848,urban,17626,0,51.61824049299356,14.709241743176351
4465,51.66151034724196,6.623772938252027,rural,230,109561,51.66348900581749,6.625613417357114
4466,50.94989299080676,13.402028528945376,rural,8716,0,50.95492543882919,13.397395762259968
4467,50.67477526360856,12.832603703712122,urban,4285,0,50.69158139089543,12.834092286462225
4468,48.52055485497503,5.969674621069433,rural,12800,0,48.52016796871179,5.960743439081168
4469,51.494319988346,6.747894824395568,rural,11438,116607,51.50496728204613,6.757311770153576
4470,47.57054137638419,7.747294835271195,rural,13394,109979,47.56163550970162,7.752349951000157
4471,53.956988827913314,11.255563360332664,rural,7148,0,53.94773212433827,11.267841078526535
4472,51.90244489894014,11.974695185391433,urban,15410,0,51.91320837122304,11.982400825580877
4473,48.30016985271759,14.468023802022865,rural,14998,0,48.31233471382296,14.46851725856867
4474,48.76682750522455,10.734673835010096,urban,7085,0,48.76675703631435,10.73814165649748
4475,52.32309298178038,11.061338187589865,rural,8570,128110,52.32498919350475,11.041553522990062
4476,48.45582356757576,12.99154440698599,urban,17165,106869,48.46367680032772,12.98727563563097
4477,53.58657172246351,12.428375824318325,urban,18228,0,53.59116999608553,12.424099562505818
4478,53.312211877099536,10.267817229033994,rural,1878,103400,53.31533573384102,10.245504820342788
4479,53.73803772228876,7.796458242034393,rural,16945,0,53.74958410084365,7.796090698734182
4480,49.85795219014408,12.638238418266042,rural,10918,0,49.84830853574689,12.648944946687497
4481,49.29246880597829,13.124247051156305,urban,13685,116293,49.29021155504472,13.116476492369026
4482,49.763270897492525,7.993069494271344,urban,9348,0,49.75056545857987,8.002271273024904
4483,53.17192855402385,13.014879546391658,rural,3910,115286,53.16097408468372,13.023451995966704
4484,48.30157551545123,7.645618675482352,urban,14608,119833,48.29603712683813,7.645756363763465
4485,53.32736406940722,14.18639572391792,rural,2267,135231,53.33183287229319,14.178120804461148
4486,53.11275302773924,10.170238580507146,urban,13415,0,53.11525133524562,10.194542970230724
4487,48.776520670184986,13.045092637885883,urban,7079,98328,48.79873457177954,13.043149848741384
4488,51.66111991489617,11.708025241593823,rural,3933,0,51.65525797585654,11.684300206886
4489,48.59396585020325,10.641230688934922,rural,10874,119815,48.59665170345275,10.665572125499658
4490,50.15740137922204,13.791099275211907,urban,2515,112016,50.15037725523446,13.792712026762093
4491,52.32738879036887,11.334004851633086,rural,3744,0,52.32632181918644,11.335260422624271
4492,54.68128278943412,11.944817516764475,rural,8530,117364,54.71045810493266,11.950203974606776
4493,50.502928207246775,11.096571915264152,rural,9898,0,50.50785158309832,11.109681864403273
4494,50.49100923064009,10.119776369887203,rural,11031,114615,50.48830801462152,10.126811587746142
4495,50.73236210413729,11.385508318126348,urban,11085,0,50.72649009460248,11.383484791226252
4496,54.41543211898152,12.41715219383376,urban,8591,0,54.41172623544899,12.412377918989089
4497,54.731183895570176,11.77710838041265,rural,5933,110946,54.716577410522525,11.788383942594796
4498,51.554657801074285,8.855484605690753,rural,18309,118066,51.53482824044186,8.842025064111006
4499,47.46294218656735,11.592975735261684,urban,14562,77708,47.46456403851684,11.583825074421274
4500,47.55328114809067,6.783742689033963,urban,19383,0,47.54703663368293,6.785270890619973
4501,47.331485906952445,12.724066035553554,urban,5402,0,47.34195038562733,12.721504256911944
4502,51.6685018401941,11.298663206392607,urban,19958,0,51.64730634582465,11.291747413258207
4503,48.45369691330413,9.292839754865094,rural,4814,0,48.45948312947467,9.288087175774525
4504,54.39758880937721,8.448122217242155,rural,630,0,54.40487000961886,8.452938871745843
4505,53.670803031644446,14.583620828786408,rural,19490,135091,53.66820502173048,14.5779794582597
4506,47.315267876676046,9.278772375812146,rural,8036,0,47.31850624689925,9.275520412771613
4507,48.40060311866619,13.00114462544752,urban,11216,0,48.40116539674781,12.993820801361291
4508,52.55598502312673,10.282091703731655,rural,5632,0,52.566417887243496,10.303738717929528
4509,49.79004696027265,14.039564787337046,rural,3178,99430,49.77688352240453,14.042313535411122
4510,50.74310495133993,10.84549602109421,rural,17741,126246,50.73577489060795,10.855040967196166
4511,53.85918585728877,8.832395496302187,rural,14352,134731,53.85876799984451,8.836387328952405
4512,47.73742731841813,8.158448073786444,urban,1726,81492,47.735801050106055,8.162684019219846
4513,51.09333894127826,8.042765308829882,urban,8880,117070,51.09432558743619,8.047583104052823
4514,51.259967676920255,12.564573267259446,urban,11984,120039,51.2692405902656,12.558504731058656
4515,49.85627280085498,10.578861326198536,urban,5060,110937,49.848812005777965,10.584393607402532
4516,54.02036031219938,8.988024238672478,rural,13805,0,54.01464349517334,8.97688002537041
4517,52.8011110773548,12.630137779187224,urban,2648,0,52.80514786055532,12.647667893671304
4518,50.53845846748149,7.675022591625361,rural,16266,112985,50.541971185641685,7.678585268059348
4519,50.07094130621444,12.183419400467022,urban,17538,0,50.07394848619603,12.18352020419936
4520,52.99923457741878,6.479794343199994,rural,2197,101738,52.99320641426184,6.483700954385407
4521,48.448884976581255,13.46258208197052,rural,18471,107101,48.4446376222472,13.450492101734753
4522,51.200648710397786,13.91613186811776,urban,13217,102146,51.21527759901203,13.906018544433785
4523,54.203170843674464,13.098613519119343,urban,12288,0,54.197570961771326,13.110838717180792
4524,54.399851748047325,9.03771154117171,rural,9088,113332,54.38641729442507,9.028708010800058
4525,54.96902314794797,12.923167272920251,rural,3909,83276,54.97771533916439,12.926555441615958
4526,51.92349689091292,6.826288585834335,urban,3598,114701,51.93331116118641,6.825887227636003
4527,48.8739278206543,8.06631431667315,rural,12405,0,48.88134607914722,8.050446938770612
4528,54.58733388499343,14.179412037407689,rural,9551,128019,54.59192592964278,14.189848790426074
4529,52.847767844622034,12.594767858759898,urban,13305,0,52.869438442843375,12.600627919701196
4530,49.36507789619029,7.653544165839007,urban,8548,0,49.36562943086221,7.663832685378415
4531,53.28670966585563,13.46887662124043,rural,18537,0,53.27547627576039,13.45942901400083
4532,51.789380643503904,10.86524088545512,urban,16633,144081,51.79821563708324,10.87438506710192
4533,47.69213058872198,9.832897831001738,urban,11262,0,47.68659775961548,9.822082979801037
4534,50.69593137697054,12.32648579847664,urban,6243,101026,50.70044974332882,12.325039369156965
4535,48.26241434716953,9.586775056850392,rural,226,106555,48.28878755293689,9.591379334747216
4536,49.170428068191775,9.094268143372442,urban,3958,0,49.16362223027815,9.090984986200038
4537,48.78774107118954,10.175914157552056,rural,12798,118113,48.80264496240346,10.179815759062643
4538,48.274385165812255,6.370089170818758,rural,1655,79183,48.26979024336814,6.377944950615071
4539,50.192788142090286,13.284616204979816,urban,6348,116019,50.18840535046242,13.274532134889292
4540,50.8630271761481,6.048762170224887,rural,5657,67304,50.85223821084853,6.054075295937247
4541,53.63413651308011,7.982994451403931,rural,17410,126685,53.63824160226986,7.970649772692043
4542,52.73906696353201,11.181749854365126,rural,16718,0,52.737809700290825,11.197467650387702
4543,53.22200418891999,8.393636300255178,rural,2791,0,53.21181518287196,8.377462945510537
4544,52.534675231175726,6.684761008954083,urban,16610,116107,52.52238519249676,6.691835389458955
4545,47.38703440000624,8.945503951811348,urban,3875,0,47.36273515465143,8.930530045708194
4546,50.29401615223208,10.032636794146722,urban,9300,117378,50.3041035541662,10.01396381552545
4547,47.92016677398114,10.821340072363585,rural,7368,0,47.927517944592736,10.829160851176182
4548,48.60057011506849,10.928770647269294,urban,12627,118157,48.59946720283119,10.939059439395484
4549,52.14218100107521,7.505972519173849,rural,15029,0,52.130949551816784,7.499180233600383
4550,47.896665393023504,7.643051458956514,rural,13579,95999,47.88171603552068,7.64067826186822
4551,49.38200143837448,14.865022865056329,rural,18730,0,49.36613794073399,14.87373999199887
4552,52.447943951267405,12.992025201187747,rural,10481,0,52.45290273457521,12.993038676238754
4553,50.60560619697176,11.097204345158106,rural,7773,126834,50.60136245334074,11.09184415886333
4554,49.34347616890904,12.275122616553666,urban,436,0,49.34315468244044,12.27427822538792
4555,54.99318248503396,8.689395101548769,urban,5109,80596,54.9938061855968,8.69717643219536
4556,51.55297408349125,8.332560341890407,urban,5576,117656,51.545636245424966,8.346903350590981
4557,52.62571024572949,9.576273325827229,urban,1789,0,52.6126159125738,9.57531020820954
4558,50.1398096639222,13.188609389472813,rural,17104,120495,50.141557263968,13.171336856855287
4559,54.05067655039311,6.112441307783715,urban,17879,107912,54.06727151825055,6.142248384101988
4560,53.2115953557402,6.995677902620237,rural,19811,116651,53.21584362884519,6.989799480141353
4561,52.838761582661945,6.868263045147972,urban,5913,0,52.84042305749622,6.864077284153786
4562,53.117751999100776,12.408367176319809,rural,5032,123142,53.12162245355613,12.398080920221188
4563,48.89804908123647,6.097861685684325,urban,14517,0,48.90494671064784,6.094805823876318
4564,52.96303617208282,9.168746639209026,urban,761,106645,52.95393781695699,9.158358069875534
4565,51.52800743088092,12.641793256164132,rural,19408,124469,51.54670293558527,12.642555753150916
4566,54.35058141934625,12.381983261073737,rural,19766,0,54.3538230336909,12.397698389707127
4567,53.37947345188055,7.904298657973229,rural,18287,124812,53.38382547616753,7.899394706186918
4568,48.39166225321792,10.12043223441044,rural,11976,109619,48.40231851573298,10.097618760730285
4569,54.75822681691084,14.212493504583517,rural,3032,99595,54.76408397640188,14.211319653853558
4570,54.26912885307182,7.722945775184867,urban,13016,113630,54.2620810004119,7.734751410467634
4571,50.67383493136956,13.659954723718496,rural,1920,0,50.66973079314893,13.655586551305436
4572,53.69132408296889,10.836880339149506,urban,18247,122145,53.68576709661957,10.838375101798182
4573,48.37791202509178,8.842800694127934,rural,9671,112959,48.36900911793699,8.845389564534473
4574,51.29667026000246,10.649508214093933,rural,3200,0,51.29827969341848,10.655750183799038
4575,54.09769589474965,6.72422251430174,urban,18872,121312,54.11235884067036,6.724211400222834
4576,52.27769198066738,12.208726108191025,rural,13246,137191,52.2794648369291,12.207834163295734
4577,54.81302028779424,11.648064528101418,rural,7620,0,54.82668310868163,11.64590597965487
4578,49.80589503532438,9.3178962039555,urban,5385,0,49.80196672904346,9.324054001935885
4579,49.61592975407982,7.55977283783059,urban,10224,0,49.61567587457634,7.568893916307841
4580,47.99368267795783,14.181070820775863,urban,13690,83952,47.99017420749861,14.171407367798183
4581,49.179441162149885,11.72680121062482,rural,16198,122606,49.1789894256205,11.712392851008351
4582,52.72774969470943,6.181439166904545,rural,16422,0,52.72584808460811,6.186222301436916
4583,48.0973571204564,8.065714209270386,rural,4694,95013,48.09478128294977,8.066190073083115
4584,51.57960738433519,15.012038395926329,urban,5700,61005,51.56799418836138,15.006518604267804
4585,51.33391521458725,11.24247872295352,urban,12983,0,51.337573457818856,11.246320942223882
4586,54.55192388606472,8.39657234947982,urban,8427,97811,54.5668036582256,8.37847945194612
4587,52.0487493163062,12.486902164730656,rural,5660,116959,52.0550915989961,12.476794155844306
4588,48.01420027658176,14.98204375801658,rural,1070,0,48.02080566360617,14.983043110577292
4589,52.57357549383912,8.850480787889087,rural,1228,120988,52.57244385209029,8.856466675368333
4590,54.51227792731188,10.566612860870292,rural,8919,0,54.50970197876932,10.565257118448743
4591,49.19755900469648,7.406669530434272,rural,6528,109844,49.20503124934058,7.413058868347446
4592,54.63245814915511,12.241120103798153,urban,5104,133057,54.62974601284837,12.234570510498614
4593,48.32026413319173,8.175945379137078,urban,3024,89864,48.30404610610697,8.16669723800785
4594,51.476972664165686,14.584461823938367,rural,18614,91493,51.487052941434975,14.598834494803295
4595,47.55832920872803,10.603344343859623,urban,14104,102524,47.55940870444519,10.60131456653484
4596,51.29611290166216,10.088791377731988,rural,14557,124521,51.29739563644669,10.093088765059358
4597,50.35409893778552,9.174927176909618,rural,12263,0,50.365273731471575,9.183881385601865
4598,47.78639118053584,9.819340365569282,rural,8484,0,47.79470287763319,9.811663502040718
4599,51.37955684086685,11.102161110146826,rural,16412,132909,51.36529684471115,11.09840124240481
4600,47.32127644340702,6.983481956070029,rural,149,0,47.33015334231993,6.978305952094931
4601,47.90774170178671,9.521323485274875,urban,8868,111732,47.9193526113697,9.516773631020136
4602,49.53262868146994,6.384175063976876,urban,17246,0,49.538602298913766,6.367014617258432
4603,52.71045645215772,7.59885841454917,urban,9793,0,52.7100177187068,7.601189089461198
4604,47.67607016745607,12.78249494378873,urban,2295,0,47.66688623070949,12.800745294743257
4605,51.68553603672344,11.186175831041965,urban,17911,0,51.682072601526855,11.17785198337763
4606,53.905777216115474,14.979249201653438,rural,15498,0,53.91253413628301,14.993545391071144
4607,49.49945729519717,13.906338104439207,urban,4842,97210,49.52235494145216,13.909992347679838
4608,50.713389532066,13.776127969109767,urban,2237,0,50.71215910865827,13.770052209356336
4609,47.926348470114704,14.833813300562404,rural,13187,0,47.91740693929111,14.8585314634152
4610,47.599221474760725,9.475248739511422,rural,9135,82949,47.58481824018624,9.48174750827952
4611,54.972105077079,8.664815443423189,rural,9681,85618,54.96181079618403,8.663321583943386
4612,50.70774850304778,7.978082827697589,urban,12362,121494,50.704385197568335,7.98327807315083
4613,49.01010121697004,9.63639630441687,rural,19575,0,49.017680548536376,9.632944732153252
4614,54.382649146392495,12.81210861790375,urban,10057,124793,54.39421178485807,12.81899075466098
4615,54.79290003060564,6.251089780449165,rural,12971,0,54.77031927170696,6.267966762891446
4616,49.12100227340188,12.52451986236632,urban,2791,123783,49.11088819378093,12.534473149768507
4617,49.75423352837471,11.709654158810888,rural,15999,0,49.75988401905019,11.698218943273243
4618,55.01952391531528,8.546619034477281,rural,4453,75625,55.00911653930724,8.564934214361267
4619,50.80505569885218,13.60712537545859,urban,7616,0,50.81680405018,13.610881583439005
4620,47.27909542844303,6.222026790287322,urban,9278,43858,47.29137386991364,6.232727444849045
4621,52.901828811531175,13.254670535328192,rural,7939,0,52.897317021506574,13.245947975924697
4622,55.00594086545132,12.862445093080758,rural,1975,76643,55.00767448769739,12.879406070794696
4623,49.168713942098094,13.953826805861995,rural,12363,0,49.17890096972711,13.936648002841164
4624,54.6820861005492,11.63108921620025,urban,392,108344,54.68517126983378,11.61753368197551
4625,47.84791795443065,10.8496175599643,rural,3960,93405,47.837496927509534,10.860970076180685
4626,47.988579546229786,9.641618380234656,rural,3371,109987,47.97832218722338,9.632888959240132
4627,51.25666984415843,6.067285894354377,rural,6832,0,51.24587963885861,6.07407551047569
4628,53.605722565567504,14.111751231176296,urban,18957,131316,53.61970724583487,14.113073273094985
4629,47.476187508701294,8.301014412961257,urban,19482,0,47.47349255543667,8.290383488898188
4630,53.95255077706378,6.796982016271198,urban,18245,120030,53.95081301858112,6.787447378751942
4631,51.66064197455322,10.7030745907382,rural,7172,0,51.66831863212243,10.708194598598944
4632,53.449300202558085,6.387536360443468,urban,19531,107639,53.45685627809279,6.391669913777611
4633,54.125790331167934,11.176368530141694,urban,1855,122405,54.14601995132419,11.18066602183934
4634,50.360866682864426,10.207288019326974,rural,7261,112632,50.382390585036354,10.210204501258694
4635,51.189349614421616,14.92041783900386,rural,4537,0,51.19059650934831,14.92230903739712
4636,47.65914400474627,10.329936492484558,urban,7076,0,47.65304813161952,10.337270791804404
4637,52.41897910118672,7.218925897818309,rural,96,0,52.402103239170174,7.219928450351709
4638,54.97852976977385,9.38651754083302,rural,10072,85795,54.98376770631621,9.382639451077443
4639,50.37249451526962,12.426434779156663,urban,2058,100973,50.39011606058729,12.437185428037555
4640,48.84482756501992,9.604297041702438,urban,16670,143398,48.86984115299392,9.59628369412528
4641,51.36605093194814,9.868379811923578,rural,2194,113188,51.37680501839638,9.876988301737867
4642,54.909422888453015,10.94972867117358,rural,18930,111454,54.9047621891148,10.955324594325855
4643,52.90044964465981,10.494568346800392,urban,17226,0,52.90774148969954,10.48537969624759
4644,54.73561085954283,9.656624343841925,urban,11091,109688,54.73419977527686,9.654653391091394
4645,50.633868527278345,14.28562328757981,rural,159,0,50.62019557257903,14.28949111540578
4646,48.91177035642828,11.913612773438594,rural,3855,0,48.898046515217686,11.904285019467666
4647,53.567408086141846,13.49789441910038,urban,5603,0,53.55994451477133,13.512949025608766
4648,53.67492249770062,10.98373220173688,rural,6770,0,53.65994008029048,10.982307114239989
4649,54.41456289051618,14.56917618829736,rural,15321,0,54.42193602823432,14.568094020890824
4650,50.65135394323501,13.937469490973353,rural,3371,100072,50.66086405837972,13.953038637184155
4651,54.34357581410422,7.231186148049722,urban,14286,117856,54.34187272421178,7.231895914438155
4652,53.02940875705631,6.916947254286646,urban,4027,0,53.0258292101468,6.927245766671535
4653,48.740934962700976,12.030354681269174,rural,19453,0,48.731401329240526,12.024900443970136
4654,48.66872816568308,12.680501917611728,urban,11484,0,48.67613392343785,12.662681202791273
4655,50.869525556158536,8.476173218083591,rural,1118,0,50.85745499053833,8.484542760196744
4656,54.97020454822099,10.2794421826131,rural,17897,0,54.96063134653484,10.280357640688838
4657,54.86297566448156,6.966295322493012,urban,9782,88000,54.87163246822368,6.956737008521102
4658,47.67476911440457,10.432525909693782,rural,17668,105634,47.67582415831362,10.448876964942013
4659,52.156152808337296,13.815962203036545,urban,10952,0,52.14927744878959,13.821710185463004
4660,52.406782631283406,10.430374160042335,urban,9084,0,52.41212851365658,10.431802060408824
4661,54.69556298901449,8.767720543287401,urban,19435,0,54.68470429302361,8.75897353046635
4662,49.709671425521954,9.91646985710214,urban,2389,0,49.701152354196296,9.908283813508802
4663,48.46043640713008,6.537799249811068,urban,10483,91963,48.46466102049746,6.5389487168078295
4664,51.96042543819838,6.89517655592472,urban,2000,111952,51.96408223935625,6.8898407635697305
4665,53.329781464426006,12.791044978876108,urban,14461,0,53.32350996899413,12.778383260310244
4666,49.366822038051566,9.277084099530416,urban,14831,142944,49.36756201257286,9.272005894996695
4667,48.24090910811924,7.181169490609381,rural,11775,0,48.239511291611,7.160682465934617
4668,52.74031913858275,9.85967091707742,urban,15855,122292,52.7330694195208,9.857763144503805
4669,54.23732861451759,11.602227637408168,urban,1230,0,54.25640502617915,11.614799615199235
4670,52.05799859767611,7.768354141246404,rural,11871,110624,52.04502398990242,7.792194954380703
4671,52.90435979946675,9.553599149872676,rural,10337,120377,52.89068530201424,9.53774283185298
4672,53.47002854503787,14.247044753026431,rural,864,131099,53.45655345993656,14.24607804353233
4673,51.69014337809621,13.58303444367112,urban,7719,0,51.69009161232434,13.58803040984996
4674,48.83560487292654,8.747760648862254,rural,8918,0,48.8350470732233,8.754751303267684
4675,53.37344646282635,14.473662593752394,rural,10138,130180,53.37147733319714,14.45629255442318
4676,52.85476746855302,14.072059192284256,rural,12522,0,52.85070321122473,14.088372517538524
4677,50.72290945415293,11.993221947118451,urban,1413,0,50.73386724979325,11.985206975201832
4678,54.995116158034506,9.492839924104269,rural,14434,86604,54.986291391644414,9.498780822084694
4679,49.60472661340477,11.2383772388694,rural,18419,115149,49.5970435743351,11.240170975895497
4680,52.17517240804658,6.0664714359865295,rural,19299,94454,52.18060969834296,6.062499315956288
4681,54.61819563563036,6.615281140939931,urban,5320,0,54.62084613903309,6.612783081641289
4682,52.06391711132392,9.893309686245356,rural,11148,125142,52.06731180312077,9.887835502282725
4683,53.54329176255952,9.280650672058377,urban,2224,0,53.54278481124776,9.294519504759975
4684,47.992483985646274,9.096259890605866,rural,17418,0,47.98082517538398,9.0891288773298
4685,53.01738267185955,12.230612958007583,urban,2503,0,53.02531841170615,12.230287534158306
4686,51.229672609452855,13.809887353383594,urban,9221,100597,51.24891085538716,13.826078929418982
4687,50.1503748180558,13.105135005139052,urban,1315,112802,50.13292000309869,13.106982908786676
4688,48.65483613427957,12.772228635837047,urban,6094,0,48.6417721753233,12.778095716841271
4689,49.39003570395604,6.554387634408304,rural,18917,101889,49.40658523516755,6.556940655742974
4690,51.77478776718216,10.613026016531272,urban,16548,0,51.7742368598532,10.59736579449478
4691,53.50048659995518,11.78555569381009,urban,7988,0,53.48625527639172,11.792287834389716
4692,47.46987652821866,8.900047790359082,urban,18582,83139,47.46686697556412,8.902987670587864
4693,50.135020721504816,14.208039344936816,rural,13661,115400,50.12040903720538,14.21490201545678
4694,53.43046107100086,12.574230590942214,rural,18233,0,53.42535098564166,12.586046342439332
4695,47.896166404273664,12.730376478709257,rural,17988,95300,47.90369277452434,12.746742570579697
4696,47.53098218966156,10.934709975716554,rural,3439,86536,47.5575456428376,10.916111627784124
4697,50.95766366492531,12.64181271855142,rural,6318,108048,50.96860561583416,12.653870012325848
4698,48.53057867876509,13.979315596861351,rural,4660,0,48.52471503159046,13.98105624785741
4699,51.3677016027859,10.657921932106856,urban,3829,0,51.370980248012486,10.658523666975618
4700,51.69913776039578,6.691342038682805,urban,13093,0,51.701158663511634,6.6796672085031625
4701,53.6739183072532,7.66511322418706,urban,992,111173,53.67712412474341,7.674547777808909
4702,54.6990525171644,11.196203208390465,urban,16803,0,54.71041450466643,11.195651717418508
4703,55.025845871213264,11.7919863172779,rural,9254,80487,55.01678492453931,11.787504475726832
4704,51.84239275397449,7.338514378072558,urban,10031,116074,51.84154955087695,7.350619503060154
4705,54.89198004866605,9.817225302180535,rural,9069,0,54.90051865359929,9.805200793417
4706,54.497702019510434,11.101951659807147,urban,14373,124836,54.507519176035146,11.10341796187458
4707,50.356848073640485,13.086438325938389,urban,12811,0,50.35094841930802,13.087175712330405
4708,47.640248518502,9.866423625599449,rural,6332,0,47.629658228774,9.862364963507291
4709,51.35583445614812,7.842115196726421,urban,11888,114097,51.34945742696399,7.84863091683791
4710,51.879335912565416,13.16898418881353,rural,17632,126571,51.87893544214799,13.1632980673981
4711,53.64098801104672,6.9933854632781625,urban,9374,0,53.64070737775769,6.993325380318852
4712,51.81283022243434,6.696751175798611,rural,18288,118881,51.82919563533592,6.68091306847903
4713,50.8309518762093,6.387687007508286,urban,18584,0,50.82188590750907,6.392580719643561
4714,52.96274515017649,12.420451501173735,urban,8693,132479,52.97392402750421,12.408558612854153
4715,50.96886739996853,8.421804990056504,urban,17902,0,50.95393362698571,8.423054318408242
4716,49.29156376798593,11.6853884528729,rural,19181,127337,49.29098968399016,11.688660205537914
4717,51.13666388308253,8.774644383865812,rural,7610,120128,51.13639564142259,8.793529751857388
4718,49.97289393603605,6.425987617162422,rural,17519,95839,49.96549490103465,6.434888392064467
4719,52.750626831232246,8.56629211356298,rural,19286,0,52.747069606049,8.55844751057706
4720,48.38422423301274,12.40940905206248,urban,3884,0,48.38607265430954,12.407771442782796
4721,50.78383238902755,6.376395725570126,rural,239,82881,50.78038213441758,6.375218887386894
4722,52.411345723019686,12.612759817547756,rural,3004,0,52.42036687187903,12.612758406923748
4723,48.08643000898911,12.42674686638096,rural,468,0,48.0880778229253,12.42552563394641
4724,50.04814560934509,11.579955085380488,urban,5220,108932,50.061833368873145,11.568600524140498
4725,55.04564938796256,13.52720242563129,rural,3678,0,55.04164107777108,13.540522112576912
4726,53.07331094378211,7.339594298916698,rural,8409,0,53.07839053691476,7.332229252005436
4727,53.425813768831006,14.568460911335777,rural,18607,0,53.42431215897602,14.557900404106334
4728,53.35171956921501,14.226317557549663,rural,6289,0,53.36154295502804,14.224268053603378
4729,47.79552386162954,8.12987362793756,urban,10852,0,47.79601896235416,8.146185742688795
4730,48.48355702564299,7.354207243669093,urban,15808,0,48.48913599066756,7.358264969596215
4731,47.872314762981965,7.984329140605558,rural,1413,0,47.867995857122416,7.985320920645735
4732,48.48903278461992,13.6012976994945,urban,16292,120649,48.49400723876119,13.60386248865012
4733,50.22848628168291,7.077247013980325,urban,14817,0,50.22765718006115,7.093069979451471
4734,48.54236696359094,10.536075606642823,urban,10652,116795,48.54071301924273,10.533320040935449
4735,54.48118702555371,9.069934246811366,rural,1828,0,54.477085344043815,9.077154519262187
4736,52.39483382799992,7.743449569829412,urban,17530,120705,52.41043691142574,7.731484491765773
4737,54.20111006429117,12.584887151633168,rural,3480,0,54.18723634344042,12.610374252077287
4738,53.0124848317194,6.907996589426704,urban,1500,101685,53.02312446868165,6.907003288534074
4739,51.09405877787252,5.974176950299519,rural,6478,67613,51.0960178835746,5.9738165906907295
4740,53.77600599443603,11.75986961117037,urban,8833,0,53.7924786428749,11.77258554929008
4741,47.93634348257094,7.444370609263409,rural,10579,0,47.93483976089052,7.453842106850531
4742,51.09110438030281,10.995627453746284,rural,6883,132383,51.09915445091988,10.992141895812974
4743,53.11419771093003,14.695359971044644,rural,5018,0,53.12128151496509,14.697470564176696
4744,54.40224230868428,14.914416763730436,rural,16681,81251,54.39084303308633,14.91633738368447
4745,54.05734989689908,6.142767442719815,rural,16686,0,54.054266304092494,6.143078386547055
4746,53.54799583343202,9.952686396017311,urban,9669,120066,53.54750740960355,9.934936512965372
4747,48.38456786816469,10.1397140391076,rural,1310,110338,48.38183442163452,10.12250034598155
4748,53.08116965769574,8.077947496689198,rural,13430,129801,53.09436566667338,8.079525834213795
4749,50.93543607747597,7.804453491802904,rural,12947,102985,50.93725419802908,7.800779064792114
4750,53.60540540125712,12.050017199327655,rural,17266,0,53.59473089443144,12.058689274014064
4751,47.38341671287539,14.288279936088175,rural,10150,63054,47.40035090668188,14.290159329845318
4752,47.898412161955335,8.80515851179177,rural,6503,89906,47.89796928175969,8.814404025859702
4753,54.190580586924455,11.507868819065054,urban,12185,0,54.1903781472552,11.5098951617461
4754,49.59526177917328,14.116033345411624,urban,11341,100085,49.59097774605071,14.104683747121364
4755,53.39244691148326,7.804818992508807,rural,1883,114018,53.38500778933731,7.810228920380228
4756,51.9472090234686,13.044495138235176,urban,10880,118275,51.947418203609786,13.057153306439709
4757,48.96284271338581,12.723535024003615,urban,15045,119494,48.96978424731099,12.742771567056552
4758,52.67161632443163,11.169825346529128,rural,3873,0,52.68227823287149,11.163753361636752
4759,48.77012328369288,11.801027160288246,urban,19158,131505,48.76127788384133,11.802537948873423
4760,53.37121804767243,6.11006237806765,urban,14849,88881,53.37919264571911,6.104314980139487
4761,52.79043504684094,12.496745522676989,urban,19236,140505,52.7745727915343,12.503883778631687
4762,47.82799465020764,8.915764482560752,rural,300,85430,47.81788732378092,8.926429028329835
4763,52.13372653105769,14.638835083320492,urban,9702,84359,52.12529210208003,14.641557797642308
4764,51.93526973945185,10.76018285871138,urban,5379,0,51.93674967931175,10.76620962818475
4765,47.70307168318298,9.282749180588398,rural,12221,0,47.70687972985531,9.263658146015764
4766,51.390521413669205,12.642750426184012,rural,5987,0,51.37341185828928,12.628500841313963
4767,53.80158327870349,7.654708089177545,rural,5118,0,53.794700013117854,7.651075451211722
4768,51.09052423811048,8.398561690925384,rural,3382,0,51.08726083244414,8.406782394500036
4769,54.79280355343209,6.5293777245109474,urban,5918,80879,54.78810871799456,6.513099689879857
4770,49.99598891304515,6.305700359671663,urban,13529,0,50.016005882837,6.2938034811734616
4771,52.55282865288779,6.939507590832658,rural,7976,110170,52.55613223497697,6.955981051362359
4772,52.17993503595756,7.788629001347496,urban,845,107401,52.18511229366035,7.788084775193825
4773,47.48470675890854,14.761940694789825,rural,565,71219,47.47360908113882,14.758236495895948
4774,50.41284437419723,13.849426162422008,urban,3306,0,50.40520946744099,13.843202243497414
4775,49.72460946039927,7.714688990231213,rural,1370,0,49.71524715273496,7.705655690505594
4776,50.09477010319101,10.311652111637166,rural,2229,116295,50.08501202403672,10.319558735546408
4777,53.30854531922658,10.787181691435396,urban,8345,125804,53.30798765674247,10.783500684250434
4778,54.47421910884096,6.378202085283105,urban,6300,92349,54.46786619652229,6.3666314131802615
4779,48.347938882087966,12.50867223939652,urban,15343,104690,48.35630291395507,12.514678662838117
4780,48.44134584618291,13.538354067859323,rural,12774,107269,48.422400884902416,13.54042532845104
4781,54.837403555746775,15.007016045497394,urban,10377,0,54.84895801973255,15.015970820514791
4782,54.5421013851151,14.08222547020826,urban,17698,132478,54.53538596245586,14.08918794967305
4783,49.87158959393218,10.783998815979784,urban,428,111070,49.87594544968462,10.79190692724945
4784,52.782776902398496,12.91954694024541,rural,842,131225,52.7802787420122,12.924877020102812
4785,47.720303336373306,7.45368308997231,urban,3597,95857,47.73303700337149,7.459766095606835
4786,49.27197898803336,13.599687569537943,urban,11080,0,49.26381765690471,13.598471882249264
4787,49.51533129752265,12.890025240304352,rural,396,0,49.53190491602003,12.864882305925583
4788,53.386423435882,7.274889935614584,rural,12740,0,53.3806397778586,7.269908301451632
4789,53.02297078722004,10.392973933233282,rural,19348,114991,53.02717694740241,10.388208238327476
4790,52.49081200793803,12.190626843746688,rural,11720,0,52.49352358975976,12.194158980581358
4791,47.91004498296492,8.040639101095127,urban,7272,87147,47.923006788022974,8.050402193066235
4792,52.3555298853693,14.9017591620269,rural,3913,76397,52.36695155368139,14.89846321165006
4793,54.96633170004295,13.478464964917642,urban,7703,93141,54.95511878517748,13.475393658800968
4794,50.18628965092766,7.150435888219264,urban,11648,106942,50.20365920519581,7.167348230790323
4795,53.95593555439773,6.046446189653359,rural,7947,94861,53.95587906235372,6.041754524802765
4796,53.56365447810328,13.90424364078448,urban,2102,0,53.56739034774951,13.918455727188215
4797,52.33625015113027,13.569266050111365,rural,66,103043,52.33530383098639,13.570295364338264
4798,49.05868081924434,10.29745779827751,rural,19723,136097,49.06793865149294,10.284514482331488
4799,51.093709851882686,14.7355258623283,urban,8762,0,51.07468825784744,14.739941227993526
4800,49.94347956508692,14.272794039450972,urban,17000,105061,49.970992945554,14.254170180089892
4801,50.93657950878875,6.558679824727373,urban,17428,0,50.94442885053597,6.557734187172864
4802,48.13643724573167,8.523811543010474,urban,11169,0,48.12283876151773,8.530309681071351
4803,51.28524980583099,8.124503595954758,rural,19201,0,51.294513353010544,8.115695707748877
4804,48.93389316251357,8.87168604649672,rural,9674,0,48.93779313025633,8.863984126615433
4805,47.72694856593079,10.635552188671612,rural,5943,0,47.71852529514584,10.634724426303904
4806,54.1504265534356,6.2157522423045775,rural,7307,0,54.13949365268075,6.216990679718092
4807,49.9463232132644,9.47526505849888,rural,4892,105974,49.94005359249818,9.477813297986504
4808,54.18202384134838,7.365260540859578,urban,9338,119108,54.18810738787436,7.36729978637453
4809,52.615533884236775,13.344074232241836,urban,8161,113259,52.60295853792059,13.355981720447472
4810,47.53786378194094,6.056271228466591,urban,10867,54947,47.52731992701216,6.051315291475578
4811,50.94414281652826,14.794654089171791,rural,12618,0,50.94699262265365,14.785629735447207
4812,53.946724308001016,10.988624152064286,urban,17016,0,53.945093258902936,10.975205871403434
4813,53.36308449108776,9.613289733080531,rural,13054,0,53.36587567620794,9.607259812418397
4814,52.56813978997023,6.3920521223609645,urban,15772,0,52.55483254188057,6.386344973625228
4815,51.82314531276688,8.440486958781943,urban,4408,0,51.83109205741588,8.430602145497248
4816,51.278774226461714,11.17925153888966,urban,9224,0,51.27621147289208,11.180446746111336
4817,49.22824452714784,5.950756914050903,urban,10067,0,49.23653380116571,5.93665938922857
4818,49.24413550156468,12.940117231110229,urban,14082,0,49.231191007135095,12.952238906233388
4819,54.95403696306619,7.102337234166736,rural,2464,87820,54.96499717800744,7.105498236941089
4820,50.1451746786188,6.160788832498063,urban,16348,86077,50.1279642925746,6.167988976884508
4821,48.77777568834892,12.615949404313085,rural,13569,113314,48.75457101781371,12.633915432214057
4822,53.539690403200105,13.023532271142978,urban,9445,119922,53.56565725921311,13.038371714101554
4823,54.5478886163794,9.937664406915667,urban,7908,110227,54.54757821819179,9.93691760846486
4824,52.93589998798056,11.44322522210996,rural,17697,0,52.94892065814968,11.441897386520784
4825,47.73343325293684,6.367410274521577,rural,14431,79175,47.737950851537526,6.373518317426512
4826,54.50456309833712,13.504447023455237,urban,13308,0,54.509756044628425,13.508505927016408
4827,51.5532596938141,9.272135603670227,urban,48,0,51.54717330342286,9.265076308404764
4828,51.06887551267479,10.232497807235704,urban,19578,128339,51.05342541991633,10.224750824838104
4829,53.6492621678598,10.216929492944535,rural,10760,0,53.662432913867896,10.221514179854273
4830,54.559895737837216,10.72464185903482,urban,16208,0,54.55614390419886,10.7112137675382
4831,47.59924502223139,8.440720801865739,urban,9817,0,47.596908356800135,8.441150013653
4832,48.03465784750029,11.618498762087016,rural,18486,0,48.062800946392734,11.610148651919328
4833,47.76521030003713,9.430392321793756,urban,10478,0,47.76248781025736,9.449215683548402
4834,51.05680125056626,9.701796004113843,rural,510,118316,51.05664313359261,9.712069169989746
4835,48.05829372145287,8.566427710984112,urban,5892,85502,48.04958069350701,8.564346956989702
4836,50.90330739970908,9.511462241594067,urban,10747,0,50.91382378454392,9.532357400053325
4837,48.83108844047649,9.21846889874093,urban,8338,0,48.835322496728224,9.201548313389166
4838,50.05704916850587,11.451253485786708,urban,10640,0,50.06041199580465,11.435896469435193
4839,51.91119820201131,14.949877752905827,rural,5636,64162,51.89792498862759,14.952118725925372
4840,54.446664775527694,11.666222620980802,rural,19942,131183,54.45051939128741,11.66119527454918
4841,48.154511895735055,12.200364627030169,urban,5800,94317,48.14234223490229,12.19943337482018
4842,51.99021857454384,5.915189784265297,urban,15761,0,51.9808345883266,5.9268817411099
4843,48.48542868813815,10.762890873547423,rural,359,0,48.492950920791976,10.755120919649032
4844,50.87668006486528,13.277746476794118,rural,13293,0,50.87577368239312,13.26893105060272
4845,52.28730634764622,7.8078818223762045,rural,5856,0,52.2892724865462,7.827910605930629
4846,51.49508762599744,9.9881721768203,rural,1844,0,51.497303774905006,9.972286964518853
4847,54.7158214561448,9.599302852392544,urban,8958,107898,54.70209922417987,9.59746874978044
4848,51.77538998607223,7.904384558655982,urban,16373,0,51.786794379764125,7.91712405924921
4849,53.21086768963247,6.129919722115228,rural,13287,93194,53.22139214206149,6.141382218262239
4850,53.0911840011665,7.089646675617192,rural,19884,117403,53.09397323846346,7.090854244579697
4851,49.94749435799328,8.412608442123199,rural,7038,0,49.94566285557136,8.402069691256242
4852,49.50117024587225,11.057468099632096,urban,7799,112523,49.51230511140531,11.039198107370728
4853,53.55318148987696,14.665317397578184,urban,13519,0,53.55434687004198,14.672753467604805
4854,48.7401072124276,9.166996556868606,urban,7622,128295,48.73909467646251,9.173439279723178
4855,53.7258292746378,13.393376474355478,rural,4394,0,53.72774004036653,13.37505884671332
4856,54.53124961678626,9.260912359586888,urban,6497,113220,54.52469757127477,9.279686987462036
4857,52.56008966477475,8.357608946786687,urban,12795,0,52.55735410684756,8.348116853669827
4858,50.05149061073437,11.884063493065074,urban,17673,116735,50.05522939560051,11.86894891442316
4859,47.56671171686461,13.120073291237109,urban,3931,67857,47.5615251735314,13.11966155712209
4860,49.71053419156658,13.706659911938235,urban,10298,117460,49.71337049116841,13.70538252551362
4861,52.43113363359567,12.1426522387732,rural,3640,123908,52.42279567321172,12.137131962633564
4862,48.91483433170287,13.359939871936222,urban,2737,0,48.9105627376692,13.360336273834523
4863,54.93469913720197,10.09043270294196,urban,13779,0,54.93873468217009,10.100940334607657
4864,50.125733252204,8.559839700491851,urban,10509,0,50.110177781320814,8.542332358160571
4865,51.86065992580353,9.841109102892272,rural,14153,0,51.85994697439612,9.825578180663207
4866,47.801425504379175,8.228708862199833,rural,9171,83523,47.8233566868056,8.230136653228667
4867,51.913092796758,9.95796465955812,rural,6652,0,51.91405184018991,9.957564999178985
4868,49.63351442064221,7.359793931347754,urban,7364,105915,49.63718676718104,7.381073450616455
4869,48.6001826883291,12.294969460999862,urban,3211,104766,48.60618687584128,12.30888419979292
4870,48.09123280313487,9.94886567708158,urban,13090,113912,48.08809944923157,9.954500500507692
4871,55.052998249577264,13.25899231939463,rural,1362,0,55.04575795911612,13.26284084481541
4872,47.49988610907093,12.655795227473202,rural,19066,0,47.50011527110965,12.663017803039752
4873,53.29310822215711,11.16978594247469,urban,19457,126783,53.27960591829185,11.152321854081205
4874,48.71212605171792,11.747718504504927,urban,15293,0,48.6987379357837,11.763394529066677
4875,51.86402093422569,14.858450443613298,rural,3159,66629,51.86329732817072,14.86487410934555
4876,51.34666193556149,9.828603981619509,urban,13810,0,51.336244832017904,9.81620823108495
4877,50.55798946260629,14.679111167700928,urban,7344,0,50.55511846711157,14.68029957200697
4878,48.845257926529,7.0806302919933,urban,9047,91842,48.86295621753094,7.067614312084872
4879,53.29054667064305,11.832614156382483,rural,6141,118536,53.29127900985309,11.826363446557778
4880,52.01026038074295,6.670452368217349,rural,188,0,52.00396608877881,6.672938302119755
4881,53.97277995546028,5.918916785281381,rural,11634,0,53.974357297391975,5.904862744858358
4882,54.27892007886157,6.971111458559042,urban,15177,115271,54.28520559379714,6.983441921557793
4883,49.10082335913658,13.6984003813085,rural,5650,93767,49.08518883911686,13.694233549030743
4884,47.61137185092347,10.162507644338572,rural,15480,84621,47.60354642542757,10.170800674580263
4885,53.839998710455205,5.948937474722559,urban,1888,0,53.86047237427919,5.955339165149527
4886,47.66158554742786,7.843647221789729,rural,8241,0,47.66972730288335,7.856159729537554
4887,54.24942426049185,9.089091454010262,rural,6908,0,54.24597680531276,9.0884636329835
4888,53.851909799028704,9.808054125855357,urban,9973,130802,53.85519529781948,9.804014699182265
4889,50.48746328766334,13.378945667001576,urban,16244,0,50.48540565242423,13.363687850044412
4890,54.29987267416218,11.579103775007924,urban,9762,0,54.28988098129855,11.571388508181473
4891,50.49488927480398,10.752236701537011,rural,14699,118362,50.50790531283234,10.77180281654866
4892,53.77645145699133,9.184577040881656,rural,2634,0,53.75058372235155,9.20567617348332
4893,48.90597093693981,12.724118198023014,urban,17518,0,48.90996487175748,12.730734907168626
4894,49.14114427954047,11.800373952870322,urban,14544,0,49.14521236478141,11.80600176159723
4895,54.33163023061419,6.116851895038996,rural,7741,84883,54.32950693087394,6.147052498964575
4896,51.79626897112019,6.091467753151892,rural,6399,0,51.800247402313445,6.099003539643925
4897,50.44292992435869,14.05665316565187,urban,7106,102179,50.43702468516013,14.055471987733824
4898,51.27420804973064,12.146100852728342,urban,3613,120765,51.26133287676655,12.138586047888454
4899,51.58016958499958,8.319523473079984,urban,15709,0,51.58066574646995,8.335376158561983
4900,51.83046360724596,7.180897014522983,rural,16195,137722,51.83668053576071,7.188493776185114
4901,50.21996477969204,11.767999442822044,rural,7241,0,50.2274083706689,11.77107695079586
4902,54.52703348882802,11.055982536105,rural,12916,0,54.52685015204421,11.052309742303802
4903,49.86979357822496,12.569268751665303,rural,6832,0,49.85209605622903,12.572699079075246
4904,50.37609294170177,13.855905088375568,urban,13276,115332,50.37919263454835,13.861655046673706
4905,49.539565810887424,7.868977981648914,urban,3103,0,49.54198965932823,7.853028471080819
4906,54.1206294789093,7.078415805929044,urban,5353,122274,54.12175949553578,7.081539573039523
4907,49.44589147340707,14.190680086839148,urban,1471,0,49.44150387319163,14.187419438452071
4908,52.77645416169418,11.230284371552465,rural,4397,0,52.76939313173174,11.243135791127234
4909,53.42628036290815,6.2969415958619415,urban,19399,106559,53.43056052424297,6.292356944840493
4910,53.268758459791016,10.811276530071046,urban,3885,120988,53.26710588871172,10.807963839960612
4911,49.934848723285256,9.721263844072965,urban,7355,0,49.95244302141207,9.719814445678772
4912,49.86613033426744,14.450188719854763,urban,19516,0,49.86526984656635,14.459311705634676
4913,51.13661589378233,8.456053435839506,rural,9127,0,51.1137296614813,8.457962721208206
4914,47.85408173023218,11.35110121292977,urban,15064,116873,47.86359499030255,11.334058039788273
4915,47.98211045631493,11.924212553813769,urban,4361,108936,47.988104544393344,11.922991734664247
4916,53.50053630145497,8.039361253092288,urban,9537,117466,53.504128962425895,8.04377112684431
4917,53.74134162313287,14.091523914691372,urban,11724,0,53.7352236195135,14.098017182479296
4918,53.71413728163677,8.408005119848529,urban,7530,116409,53.70654686365011,8.422550008478652
4919,47.885009345097245,13.037695516891183,rural,10722,0,47.88417618872133,13.042105211700596
4920,54.20947934307218,12.482138220801522,urban,7461,123347,54.19768366207657,12.47366934242847
4921,52.95899994068258,13.344859438598064,urban,11300,148877,52.95629405299665,13.34589201672032
4922,52.10525471220209,12.739052811943164,urban,747,110283,52.11922818299319,12.736619556506184
4923,48.1173208623956,7.637513334483752,urban,15234,0,48.12252946411759,7.646855722510502
4924,50.487313436148426,6.403102632868172,urban,12101,82059,50.49165841252471,6.398311034767653
4925,51.60598084218847,7.285002885545804,rural,19435,0,51.619314119096366,7.278860232617855
4926,53.81842320156208,10.203923910884736,rural,16466,117770,53.80278156809711,10.201941473815973
4927,49.9684297534202,9.841668720177143,urban,6373,0,49.98728755955466,9.853926360413691
4928,47.72688831572193,11.699059438012856,urban,9781,95934,47.71062380884445,11.71255302381451
4929,53.41008014949106,13.434346441392638,urban,18235,137421,53.4214143379832,13.431109801014538
4930,54.10531115285711,13.859327812119304,rural,4391,116231,54.10884632558476,13.863629992175534
4931,54.26374868724163,14.567750580108966,urban,3706,0,54.25998514206853,14.560988733831982
4932,48.15062429949699,14.4665316020202,rural,18888,0,48.165546216577,14.49234933100652
4933,53.14165922064962,13.98708655533977,urban,3617,126824,53.11528119858296,13.978406759248152
4934,52.34086547748431,13.75592226774696,urban,3631,100379,52.33429052239112,13.760273802622988
4935,51.76314988199668,13.728927431671234,rural,3019,0,51.7737039346034,13.749658282503422
4936,52.89697452773975,9.571626532681362,urban,11970,122056,52.88958241560352,9.57225431467784
4937,47.448435539013175,6.826031594229399,rural,9838,0,47.46191983192354,6.818081490911032
4938,48.98338238782557,12.051466785688223,rural,9178,0,48.985035605131344,12.041720791609588
4939,47.96013094627204,11.842760841073364,rural,8664,0,47.97761769729428,11.848137567457815
4940,52.85794022142245,14.396624298276231,rural,16347,103390,52.86964161726318,14.404296090172652
4941,49.02888610245708,9.634187859719445,urban,7667,156342,49.01765651207023,9.637184082158477
4942,49.62515398406411,8.666675749671574,rural,10485,0,49.61230650866813,8.673196342866074
4943,47.380390748173234,10.739944414644215,urban,1046,0,47.3984160789776,10.736137817387688
4944,54.18095493699555,10.393349733979704,rural,3481,100627,54.17914028546095,10.376909348933046
4945,51.122534745043126,12.190401747166968,rural,669,0,51.13065807161693,12.187026028839597
4946,51.74933732575913,11.783395783264712,urban,7057,0,51.74398908499852,11.774864930442195
4947,52.70728642993656,9.608017865990677,rural,20000,0,52.71790807161461,9.610281481679731
4948,51.14800451231421,7.898231685623663,urban,5718,0,51.14528387266811,7.904608832282527
4949,52.54557848600574,7.569050271997601,urban,3055,104578,52.53837681405757,7.581414959773298
4950,51.18797134844621,10.357815305043513,urban,14940,132236,51.17188164443365,10.33940127457832
4951,52.21675202206559,11.520500314530413,urban,7197,124804,52.21593181254156,11.526184369141223
4952,48.66618536206261,10.998126668029858,rural,3401,117100,48.66147078340152,11.024758371167762
4953,50.89029434516466,14.308618603477626,urban,8876,93696,50.87786257440237,14.3102801032952
4954,54.03994318262411,10.603876422332982,urban,413,0,54.04385430794135,10.592828505935918
4955,51.44050020710971,7.767694172829296,urban,199,0,51.43640943517641,7.760142552930082
4956,47.72440196670267,12.13441302010456,urban,12943,87991,47.724041624523686,12.13428444803914
4957,50.84878646470456,10.65350780275536,rural,14879,132097,50.85533659776186,10.656834205447987
4958,48.73629642672793,12.045530716568798,urban,18698,0,48.74307084928483,12.044037928039872
4959,49.05075806776561,12.356285631879318,rural,3549,110038,49.036027561920136,12.36281697363531
4960,54.14532899187387,12.783254251688728,urban,10408,123338,54.15240059809078,12.779437723925328
4961,54.31558569512379,8.244332889408211,rural,5385,99972,54.30614983791064,8.245037209818761
4962,54.706514784475104,7.146352357360525,rural,17122,100572,54.72756639461287,7.142657433530256
4963,49.82007974284356,9.121320783216602,urban,2618,102828,49.80609930542399,9.114951986815012
4964,51.52618388526599,6.9610016624485045,rural,18485,0,51.514970650639285,6.937057461218364
4965,54.532044144802605,14.119187537594115,urban,11781,0,54.51728376644513,14.136330694055856
4966,51.000713934066624,6.195907998461979,urban,10863,89737,50.98977894228128,6.194087330223178
4967,53.86385277734337,10.214352223314016,urban,3142,0,53.85906351051239,10.199724824651254
4968,50.23521343552154,13.28153985929246,urban,2776,116331,50.226911329453785,13.28071710967594
4969,54.13918342362568,15.024339260229644,rural,766,0,54.12868967033791,15.04223316707456
4970,51.86413163105209,11.343106135284582,urban,14790,0,51.85898599368804,11.35096978414804
4971,54.06409998586406,8.996698650546268,urban,14361,127529,54.08312877110429,9.00114583120841
4972,51.1294439817419,14.737614269017945,rural,7236,0,51.12761940308955,14.72950656596154
4973,48.80536014955887,13.117369311350664,urban,2753,95995,48.80353279105669,13.119470094974451
4974,48.67338809713466,11.681638520453816,rural,17443,123003,48.66462011449711,11.666314930385326
4975,51.01583367936461,8.93595276487804,rural,18319,0,51.03096968111088,8.954106377067335
4976,53.12015837958519,10.184470001948476,urban,4175,110950,53.11583518529793,10.187652334508874
4977,49.97766147329907,5.967371097044382,rural,16763,73112,49.9863431876376,5.9615097932229135
4978,47.96125291725056,10.282483013927026,urban,7452,0,47.962142015836,10.28280240619308
4979,52.2578611849531,7.092165278810985,rural,4748,103676,52.26210976359849,7.094112049689931
4980,47.51750692324925,7.731391543365813,rural,7536,0,47.51640639309642,7.721438037799502
4981,53.29884519493499,6.859343250441587,rural,9648,0,53.29408508361748,6.860227870664501
4982,48.07655953711662,13.285003795173637,urban,1160,88061,48.08950701732901,13.28166855734994
4983,53.513561215192624,7.504581092206205,rural,12892,116101,53.50140742071628,7.518100819684114
4984,54.26606561608475,6.616964120941803,rural,19853,0,54.267334345817815,6.599809311335141
4985,53.141821756059805,7.184563324661829,urban,17141,0,53.12344342753699,7.185510870552211
4986,53.02797996853546,9.477897363333083,urban,7920,117075,53.02807826261639,9.478083535218824
4987,50.94158027069188,9.173938096547245,urban,10298,114933,50.94431309454328,9.166223636326656
4988,51.10298770342307,6.996326666436235,urban,5347,0,51.100602800463456,6.991671220603942
4989,48.65677513554427,6.9906004428190265,rural,4564,0,48.64352174345221,6.987834853537451
4990,47.499915854851146,9.679048016776225,urban,1238,69534,47.50006022022768,9.686429105871245
4991,54.13515365324199,12.367167135093736,urban,6469,0,54.12827813475296,12.361219407211474
4992,52.67106221304667,13.160571341226296,rural,5807,0,52.66697553733861,13.145213516464324
4993,54.26465041840528,7.475602670857055,rural,644,0,54.2620037886189,7.480861883249509
4994,48.711049820060815,7.417030084162695,urban,3054,106195,48.71637422848521,7.415400498278505
4995,50.59281115303452,13.35551518619854,rural,18044,128469,50.59466666809362,13.352622373703149
4996,52.90424378235977,6.156970105450794,rural,19327,93082,52.91072773164864,6.167753666107938
4997,50.6942730454776,13.685743505610796,urban,7160,0,50.69298510791815,13.679419174988189
4998,50.78361055883123,10.085462256893004,urban,9416,0,50.80041370893039,10.080645212681176
4999,53.42368210720163,8.986737213847933,rural,443,100779,53.43592303846641,8.996546384053701
